IF NOT EXISTS(SELECT * FROM sys.databases WHERE name = 'TechStoreDB')
    BEGIN
        CREATE DATABASE TechStoreDB
    END
    GO
    USE TechStoreDB
GO
IF EXISTS (SELECT 1 FROM sys.foreign_keys WHERE object_id = OBJECT_ID(N'[dbo].[FK_AspNetRoleClaims_AspNetRoles_RoleId]') AND parent_object_id = OBJECT_ID(N'[dbo].[AspNetRoleClaims]'))
    ALTER TABLE [dbo].[AspNetRoleClaims] DROP CONSTRAINT [FK_AspNetRoleClaims_AspNetRoles_RoleId];
    
IF EXISTS (SELECT 1 FROM sys.foreign_keys WHERE object_id = OBJECT_ID(N'[dbo].[FK_AspNetUserRoles_AspNetRoles_RoleId]') AND parent_object_id = OBJECT_ID(N'[dbo].[AspNetUserRoles]'))
    ALTER TABLE [dbo].[AspNetUserRoles] DROP CONSTRAINT [FK_AspNetUserRoles_AspNetRoles_RoleId];
    
IF EXISTS (SELECT 1 FROM sys.foreign_keys WHERE object_id = OBJECT_ID(N'[dbo].[FK_AspNetUserClaims_AspNetUsers_UserId]') AND parent_object_id = OBJECT_ID(N'[dbo].[AspNetUserClaims]'))
    ALTER TABLE [dbo].[AspNetUserClaims] DROP CONSTRAINT [FK_AspNetUserClaims_AspNetUsers_UserId];
    
IF EXISTS (SELECT 1 FROM sys.foreign_keys WHERE object_id = OBJECT_ID(N'[dbo].[FK_AspNetUserLogins_AspNetUsers_UserId]') AND parent_object_id = OBJECT_ID(N'[dbo].[AspNetUserLogins]'))
    ALTER TABLE [dbo].[AspNetUserLogins] DROP CONSTRAINT [FK_AspNetUserLogins_AspNetUsers_UserId];
    
IF EXISTS (SELECT 1 FROM sys.foreign_keys WHERE object_id = OBJECT_ID(N'[dbo].[FK_AspNetUserRoles_AspNetUsers_UserId]') AND parent_object_id = OBJECT_ID(N'[dbo].[AspNetUserRoles]'))
    ALTER TABLE [dbo].[AspNetUserRoles] DROP CONSTRAINT [FK_AspNetUserRoles_AspNetUsers_UserId];
    
IF EXISTS (SELECT 1 FROM sys.foreign_keys WHERE object_id = OBJECT_ID(N'[dbo].[FK_AspNetUserTokens_AspNetUsers_UserId]') AND parent_object_id = OBJECT_ID(N'[dbo].[AspNetUserTokens]'))
    ALTER TABLE [dbo].[AspNetUserTokens] DROP CONSTRAINT [FK_AspNetUserTokens_AspNetUsers_UserId];
    
IF EXISTS (SELECT 1 FROM sys.foreign_keys WHERE object_id = OBJECT_ID(N'[dbo].[FK_Perdoruesi_AspNetUsers]') AND parent_object_id = OBJECT_ID(N'[dbo].[Perdoruesi]'))
    ALTER TABLE [dbo].[Perdoruesi] DROP CONSTRAINT [FK_Perdoruesi_AspNetUsers];

IF EXISTS (SELECT 1 FROM sys.foreign_keys WHERE object_id = OBJECT_ID(N'[dbo].[FK_Produkti_Kategoria]') AND parent_object_id = OBJECT_ID(N'[dbo].[Produkti]'))
    ALTER TABLE [dbo].[Produkti] DROP CONSTRAINT [FK_Produkti_Kategoria];
    
IF EXISTS (SELECT 1 FROM sys.foreign_keys WHERE object_id = OBJECT_ID(N'[dbo].[FK_TeDhenatPorosis_KodiZbritjes]') AND parent_object_id = OBJECT_ID(N'[dbo].[TeDhenatEPorosis]'))
    ALTER TABLE [dbo].[TeDhenatEPorosis] DROP CONSTRAINT [FK_TeDhenatPorosis_KodiZbritjes];
    
IF EXISTS (SELECT 1 FROM sys.foreign_keys WHERE object_id = OBJECT_ID(N'[dbo].[FK_Produkti_Kompania]') AND parent_object_id = OBJECT_ID(N'[dbo].[Produkti]'))
    ALTER TABLE [dbo].[Produkti] DROP CONSTRAINT [FK_Produkti_Kompania];
    
IF EXISTS (SELECT 1 FROM sys.foreign_keys WHERE object_id = OBJECT_ID(N'[dbo].[FK_ContactForm_Perdoruesi]') AND parent_object_id = OBJECT_ID(N'[dbo].[ContactForm]'))
    ALTER TABLE [dbo].[ContactForm] DROP CONSTRAINT [FK_ContactForm_Perdoruesi];
    
IF EXISTS (SELECT 1 FROM sys.foreign_keys WHERE object_id = OBJECT_ID(N'[dbo].[FK_Porosit_Klienti]') AND parent_object_id = OBJECT_ID(N'[dbo].[Porosit]'))
    ALTER TABLE [dbo].[Porosit] DROP CONSTRAINT [FK_Porosit_Klienti];
    
IF EXISTS (SELECT 1 FROM sys.foreign_keys WHERE object_id = OBJECT_ID(N'[dbo].[FK_Regjistrimi_Perdoruesi]') AND parent_object_id = OBJECT_ID(N'[dbo].[RegjistrimiStokut]'))
    ALTER TABLE [dbo].[RegjistrimiStokut] DROP CONSTRAINT [FK_Regjistrimi_Perdoruesi];
    
IF EXISTS (SELECT 1 FROM sys.foreign_keys WHERE object_id = OBJECT_ID(N'[dbo].[FK_Perdoruesi_TeDhenat]') AND parent_object_id = OBJECT_ID(N'[dbo].[TeDhenatPerdoruesit]'))
    ALTER TABLE [dbo].[TeDhenatPerdoruesit] DROP CONSTRAINT [FK_Perdoruesi_TeDhenat];
    
IF EXISTS (SELECT 1 FROM sys.foreign_keys WHERE object_id = OBJECT_ID(N'[dbo].[FK_TeDhenatPorosis_Porosia]') AND parent_object_id = OBJECT_ID(N'[dbo].[TeDhenatEPorosis]'))
    ALTER TABLE [dbo].[TeDhenatEPorosis] DROP CONSTRAINT [FK_TeDhenatPorosis_Porosia];
    
IF EXISTS (SELECT 1 FROM sys.foreign_keys WHERE object_id = OBJECT_ID(N'[dbo].[FK_KodiZbritjes_Produkti]') AND parent_object_id = OBJECT_ID(N'[dbo].[KodiZbritjes]'))
    ALTER TABLE [dbo].[KodiZbritjes] DROP CONSTRAINT [FK_KodiZbritjes_Produkti];
    
IF EXISTS (SELECT 1 FROM sys.foreign_keys WHERE object_id = OBJECT_ID(N'[dbo].[FK_StokuQmimiProduktit_Produkti_produktiID]') AND parent_object_id = OBJECT_ID(N'[dbo].[StokuQmimiProduktit]'))
    ALTER TABLE [dbo].[StokuQmimiProduktit] DROP CONSTRAINT [FK_StokuQmimiProduktit_Produkti_produktiID];
    
IF EXISTS (SELECT 1 FROM sys.foreign_keys WHERE object_id = OBJECT_ID(N'[dbo].[FK_TeDhenatPorosis_Produkti]') AND parent_object_id = OBJECT_ID(N'[dbo].[TeDhenatEPorosis]'))
    ALTER TABLE [dbo].[TeDhenatEPorosis] DROP CONSTRAINT [FK_TeDhenatPorosis_Produkti];
    
IF EXISTS (SELECT 1 FROM sys.foreign_keys WHERE object_id = OBJECT_ID(N'[dbo].[FK_Produkti_TeDhenatRegjistrimit]') AND parent_object_id = OBJECT_ID(N'[dbo].[TeDhenatRegjistrimit]'))
    ALTER TABLE [dbo].[TeDhenatRegjistrimit] DROP CONSTRAINT [FK_Produkti_TeDhenatRegjistrimit];
    
IF EXISTS (SELECT 1 FROM sys.foreign_keys WHERE object_id = OBJECT_ID(N'[dbo].[FK_ZbritjaQmimitProduktit_Produkti_produktiID]') AND parent_object_id = OBJECT_ID(N'[dbo].[ZbritjaQmimitProduktit]'))
    ALTER TABLE [dbo].[ZbritjaQmimitProduktit] DROP CONSTRAINT [FK_ZbritjaQmimitProduktit_Produkti_produktiID];
    
IF EXISTS (SELECT 1 FROM sys.foreign_keys WHERE object_id = OBJECT_ID(N'[dbo].[FK_RegjistrimiStokut_TeDhenatRegjistrimit]') AND parent_object_id = OBJECT_ID(N'[dbo].[TeDhenatRegjistrimit]'))
    ALTER TABLE [dbo].[TeDhenatRegjistrimit] DROP CONSTRAINT [FK_RegjistrimiStokut_TeDhenatRegjistrimit];
GO
IF EXISTS (SELECT * FROM sys.objects WHERE object_id = OBJECT_ID(N'[dbo].[AspNetRoleClaims]') AND type in (N'U'))
DROP TABLE [dbo].[AspNetRoleClaims];
IF EXISTS (SELECT * FROM sys.objects WHERE object_id = OBJECT_ID(N'[dbo].[AspNetRoles]') AND type in (N'U'))
DROP TABLE [dbo].[AspNetRoles];
IF EXISTS (SELECT * FROM sys.objects WHERE object_id = OBJECT_ID(N'[dbo].[AspNetUserClaims]') AND type in (N'U'))
DROP TABLE [dbo].[AspNetUserClaims];
IF EXISTS (SELECT * FROM sys.objects WHERE object_id = OBJECT_ID(N'[dbo].[AspNetUserLogins]') AND type in (N'U'))
DROP TABLE [dbo].[AspNetUserLogins];
IF EXISTS (SELECT * FROM sys.objects WHERE object_id = OBJECT_ID(N'[dbo].[AspNetUserRoles]') AND type in (N'U'))
DROP TABLE [dbo].[AspNetUserRoles];
IF EXISTS (SELECT * FROM sys.objects WHERE object_id = OBJECT_ID(N'[dbo].[AspNetUserTokens]') AND type in (N'U'))
DROP TABLE [dbo].[AspNetUserTokens];
IF EXISTS (SELECT * FROM sys.objects WHERE object_id = OBJECT_ID(N'[dbo].[AspNetUsers]') AND type in (N'U'))
DROP TABLE [dbo].[AspNetUsers];
IF EXISTS (SELECT * FROM sys.objects WHERE object_id = OBJECT_ID(N'[dbo].[ContactForm]') AND type in (N'U'))
DROP TABLE [dbo].[ContactForm];
IF EXISTS (SELECT * FROM sys.objects WHERE object_id = OBJECT_ID(N'[dbo].[KategoriaProduktit]') AND type in (N'U'))
DROP TABLE [dbo].[KategoriaProduktit];
IF EXISTS (SELECT * FROM sys.objects WHERE object_id = OBJECT_ID(N'[dbo].[KodiZbritjes]') AND type in (N'U'))
DROP TABLE [dbo].[KodiZbritjes];
IF EXISTS (SELECT * FROM sys.objects WHERE object_id = OBJECT_ID(N'[dbo].[Kompania]') AND type in (N'U'))
DROP TABLE [dbo].[Kompania];
IF EXISTS (SELECT * FROM sys.objects WHERE object_id = OBJECT_ID(N'[dbo].[Perdoruesi]') AND type in (N'U'))
DROP TABLE [dbo].[Perdoruesi];
IF EXISTS (SELECT * FROM sys.objects WHERE object_id = OBJECT_ID(N'[dbo].[Porosit]') AND type in (N'U'))
DROP TABLE [dbo].[Porosit];
IF EXISTS (SELECT * FROM sys.objects WHERE object_id = OBJECT_ID(N'[dbo].[Produkti]') AND type in (N'U'))
DROP TABLE [dbo].[Produkti];
IF EXISTS (SELECT * FROM sys.objects WHERE object_id = OBJECT_ID(N'[dbo].[RegjistrimiStokut]') AND type in (N'U'))
DROP TABLE [dbo].[RegjistrimiStokut];
IF EXISTS (SELECT * FROM sys.objects WHERE object_id = OBJECT_ID(N'[dbo].[StokuQmimiProduktit]') AND type in (N'U'))
DROP TABLE [dbo].[StokuQmimiProduktit];
IF EXISTS (SELECT * FROM sys.objects WHERE object_id = OBJECT_ID(N'[dbo].[TeDhenatEPorosis]') AND type in (N'U'))
DROP TABLE [dbo].[TeDhenatEPorosis];
IF EXISTS (SELECT * FROM sys.objects WHERE object_id = OBJECT_ID(N'[dbo].[TeDhenatPerdoruesit]') AND type in (N'U'))
DROP TABLE [dbo].[TeDhenatPerdoruesit];
IF EXISTS (SELECT * FROM sys.objects WHERE object_id = OBJECT_ID(N'[dbo].[TeDhenatRegjistrimit]') AND type in (N'U'))
DROP TABLE [dbo].[TeDhenatRegjistrimit];
IF EXISTS (SELECT * FROM sys.objects WHERE object_id = OBJECT_ID(N'[dbo].[ZbritjaQmimitProduktit]') AND type in (N'U'))
DROP TABLE [dbo].[ZbritjaQmimitProduktit];
IF EXISTS (SELECT * FROM sys.objects WHERE object_id = OBJECT_ID(N'[dbo].[__EFMigrationsHistory]') AND type in (N'U'))
DROP TABLE [dbo].[__EFMigrationsHistory];
IF EXISTS (SELECT * FROM sys.objects WHERE object_id = OBJECT_ID(N'[dbo].[RoleClaims]') AND type in (N'U'))
DROP TABLE [dbo].[RoleClaims];
IF EXISTS (SELECT * FROM sys.objects WHERE object_id = OBJECT_ID(N'[dbo].[Roles]') AND type in (N'U'))
DROP TABLE [dbo].[Roles];
IF EXISTS (SELECT * FROM sys.objects WHERE object_id = OBJECT_ID(N'[dbo].[UserClaims]') AND type in (N'U'))
DROP TABLE [dbo].[UserClaims];
IF EXISTS (SELECT * FROM sys.objects WHERE object_id = OBJECT_ID(N'[dbo].[UserLogins]') AND type in (N'U'))
DROP TABLE [dbo].[UserLogins];
IF EXISTS (SELECT * FROM sys.objects WHERE object_id = OBJECT_ID(N'[dbo].[UserRoles]') AND type in (N'U'))
DROP TABLE [dbo].[UserRoles];
IF EXISTS (SELECT * FROM sys.objects WHERE object_id = OBJECT_ID(N'[dbo].[UserTokens]') AND type in (N'U'))
DROP TABLE [dbo].[UserTokens];
IF EXISTS (SELECT * FROM sys.objects WHERE object_id = OBJECT_ID(N'[dbo].[Users]') AND type in (N'U'))
DROP TABLE [dbo].[Users];
GO
CREATE TABLE [dbo].[AspNetRoleClaims] ( 
  [Id] INT IDENTITY NOT NULL,
  [RoleId] NVARCHAR(450) NOT NULL,
  [ClaimType] NVARCHAR(MAX) NULL,
  [ClaimValue] NVARCHAR(MAX) NULL,
  CONSTRAINT [PK_AspNetRoleClaims] PRIMARY KEY ([Id])
);
CREATE TABLE [dbo].[AspNetRoles] ( 
  [Id] NVARCHAR(450) NOT NULL,
  [Name] NVARCHAR(256) NULL,
  [NormalizedName] NVARCHAR(256) NULL,
  [ConcurrencyStamp] NVARCHAR(MAX) NULL,
  CONSTRAINT [PK_AspNetRoles] PRIMARY KEY ([Id])
);
CREATE TABLE [dbo].[AspNetUserClaims] ( 
  [Id] INT IDENTITY NOT NULL,
  [UserId] NVARCHAR(450) NOT NULL,
  [ClaimType] NVARCHAR(MAX) NULL,
  [ClaimValue] NVARCHAR(MAX) NULL,
  CONSTRAINT [PK_AspNetUserClaims] PRIMARY KEY ([Id])
);
CREATE TABLE [dbo].[AspNetUserLogins] ( 
  [LoginProvider] NVARCHAR(450) NOT NULL,
  [ProviderKey] NVARCHAR(450) NOT NULL,
  [ProviderDisplayName] NVARCHAR(MAX) NULL,
  [UserId] NVARCHAR(450) NOT NULL,
  CONSTRAINT [PK_AspNetUserLogins] PRIMARY KEY ([LoginProvider], [ProviderKey], [UserId])
);
CREATE TABLE [dbo].[AspNetUserRoles] ( 
  [UserId] NVARCHAR(450) NOT NULL,
  [RoleId] NVARCHAR(450) NOT NULL,
  CONSTRAINT [PK_AspNetUserRoles] PRIMARY KEY ([RoleId], [UserId])
);
CREATE TABLE [dbo].[AspNetUserTokens] ( 
  [UserId] NVARCHAR(450) NOT NULL,
  [LoginProvider] NVARCHAR(450) NOT NULL,
  [Name] NVARCHAR(450) NOT NULL,
  [Value] NVARCHAR(MAX) NULL,
  CONSTRAINT [PK_AspNetUserTokens] PRIMARY KEY ([LoginProvider], [Name], [UserId])
);
CREATE TABLE [dbo].[AspNetUsers] ( 
  [Id] NVARCHAR(450) NOT NULL,
  [UserName] NVARCHAR(256) NULL,
  [NormalizedUserName] NVARCHAR(256) NULL,
  [Email] NVARCHAR(256) NULL,
  [NormalizedEmail] NVARCHAR(256) NULL,
  [EmailConfirmed] BIT NOT NULL,
  [PasswordHash] NVARCHAR(MAX) NULL,
  [SecurityStamp] NVARCHAR(MAX) NULL,
  [ConcurrencyStamp] NVARCHAR(MAX) NULL,
  [PhoneNumber] NVARCHAR(MAX) NULL,
  [PhoneNumberConfirmed] BIT NOT NULL,
  [TwoFactorEnabled] BIT NOT NULL,
  [LockoutEnd] DATETIMEOFFSET NULL,
  [LockoutEnabled] BIT NOT NULL,
  [AccessFailedCount] INT NOT NULL,
  CONSTRAINT [PK_AspNetUsers] PRIMARY KEY ([Id])
);
CREATE TABLE [dbo].[ContactForm] ( 
  [mesazhiID] INT IDENTITY NOT NULL,
  [userID] INT NULL,
  [mesazhi] TEXT NULL,
  [dataDergeses] DATE NULL CONSTRAINT [DF__ContactFo__dataD__7B113988] DEFAULT (getdate()) ,
  [statusi] VARCHAR(60) NULL CONSTRAINT [DF__ContactFo__statu__7C055DC1] DEFAULT ('Mesazhi juaj eshte derguar tek Stafi') ,
  [emri] VARCHAR(250) NULL,
  [email] VARCHAR(250) NULL,
  CONSTRAINT [PK__ContactF__0E3F7CF3731C8CDE] PRIMARY KEY ([mesazhiID])
);
CREATE TABLE [dbo].[KategoriaProduktit] ( 
  [kategoriaID] INT IDENTITY NOT NULL,
  [llojiKategoris] TEXT NULL,
  [pershkrimiKategoris] TEXT NULL,
  CONSTRAINT [PK__Kategori__AC39DE2ACE8BCA8A] PRIMARY KEY ([kategoriaID])
);
CREATE TABLE [dbo].[KodiZbritjes] ( 
  [kodi] VARCHAR(12) NOT NULL,
  [dataKrijimit] DATETIME NULL CONSTRAINT [DF__KodiZbrit__dataK__086B34A6] DEFAULT (getdate()) ,
  [qmimiZbritjes] DECIMAL(18,2) NULL,
  [idProdukti] INT NULL,
  CONSTRAINT [PK__KodiZbri__25A8748FB3E013A8] PRIMARY KEY ([kodi])
);
CREATE TABLE [dbo].[Kompania] ( 
  [kompaniaID] INT IDENTITY NOT NULL,
  [emriKompanis] TEXT NULL,
  [logo] VARCHAR(40) NULL CONSTRAINT [DF__Kompania__logo__5F691F13] DEFAULT ('kompaniPaFoto.png') ,
  [adresa] VARCHAR(40) NULL,
  CONSTRAINT [PK__Kompania__2026D74DCB37AA9A] PRIMARY KEY ([kompaniaID])
);
CREATE TABLE [dbo].[Perdoruesi] ( 
  [userID] INT IDENTITY NOT NULL,
  [emri] VARCHAR(30) NULL,
  [mbiemri] VARCHAR(30) NULL,
  [email] VARCHAR(30) NULL,
  [username] VARCHAR(20) NULL,
  [AspNetUserID] NVARCHAR(450) NOT NULL,
  CONSTRAINT [PK__Perdorue__CB9A1CDFC4C4A0AA] PRIMARY KEY ([userID])
);
CREATE TABLE [dbo].[Porosit] ( 
  [idPorosia] INT IDENTITY NOT NULL,
  [totaliPorosis] DECIMAL(18,2) NULL,
  [dataPorosis] DATE NULL CONSTRAINT [DF__Porosit__dataPor__7FD5EEA5] DEFAULT (getdate()) ,
  [statusiPorosis] VARCHAR(30) NULL CONSTRAINT [DF__Porosit__statusi__00CA12DE] DEFAULT ('Ne Procesim') ,
  [idKlienti] INT NULL,
  CONSTRAINT [PK__Porosit__A9F27D2AB271ADFC] PRIMARY KEY ([idPorosia])
);
CREATE TABLE [dbo].[Produkti] ( 
  [produktiID] INT IDENTITY NOT NULL,
  [emriProduktit] TEXT NULL,
  [pershkrimi] TEXT NULL,
  [fotoProduktit] VARCHAR(40) NULL CONSTRAINT [DF__Produkti__fotoPr__764C846B] DEFAULT ('produktPaFoto.png') ,
  [kompaniaID] INT NULL,
  [kategoriaID] INT NULL,
  CONSTRAINT [PK__Produkti__76A3DFCF91A50347] PRIMARY KEY ([produktiID])
);
CREATE TABLE [dbo].[RegjistrimiStokut] ( 
  [idRegjistrimit] INT IDENTITY NOT NULL,
  [dataRegjistrimit] DATETIME NULL CONSTRAINT [DF__Regjistri__dataR__049AA3C2] DEFAULT (getdate()) ,
  [stafiID] INT NULL,
  [totaliProdukteveRegjistruara] INT NULL,
  [shumaTotaleRegjistrimit] DECIMAL(18,2) NULL,
  [shumaTotaleBlerese] DECIMAL(18,2) NULL,
  CONSTRAINT [PK_RegjistrimiStokut] PRIMARY KEY ([idRegjistrimit])
);
CREATE TABLE [dbo].[StokuQmimiProduktit] ( 
  [produktiID] INT NOT NULL,
  [sasiaNeStok] INT NULL CONSTRAINT [DF__StokuQmim__sasia__0C3BC58A] DEFAULT ((0)) ,
  [qmimiBleres] DECIMAL(18,2) NULL CONSTRAINT [DF__StokuQmim__qmimi__0D2FE9C3] DEFAULT ((0)) ,
  [qmimiProduktit] DECIMAL(18,2) NULL CONSTRAINT [DF__StokuQmim__qmimi__0E240DFC] DEFAULT ((0)) ,
  [dataKrijimit] DATETIME NULL CONSTRAINT [DF__StokuQmim__dataK__0F183235] DEFAULT (getdate()) ,
  [dataPerditsimit] DATETIME NULL CONSTRAINT [DF__StokuQmim__dataP__100C566E] DEFAULT (getdate()) ,
  CONSTRAINT [PK_StokuProduktit] PRIMARY KEY ([produktiID])
);
CREATE TABLE [dbo].[TeDhenatEPorosis] ( 
  [idDetajet] INT IDENTITY NOT NULL,
  [qmimiTotal] DECIMAL(18,2) NULL,
  [sasiaPorositur] INT NULL,
  [idPorosia] INT NULL,
  [idProdukti] INT NULL,
  [kodiZbritjes] VARCHAR(12) NULL,
  CONSTRAINT [PK__TeDhenat__494F491F84D65D51] PRIMARY KEY ([idDetajet])
);
CREATE TABLE [dbo].[TeDhenatPerdoruesit] ( 
  [userID] INT NOT NULL,
  [nrKontaktit] VARCHAR(15) NULL,
  [qyteti] VARCHAR(20) NULL,
  [zipKodi] INT NULL,
  [adresa] VARCHAR(40) NULL,
  [shteti] VARCHAR(30) NULL
);
CREATE TABLE [dbo].[TeDhenatRegjistrimit] ( 
  [id] INT IDENTITY NOT NULL,
  [idRegjistrimit] INT NULL,
  [idProduktit] INT NULL,
  [sasiaStokut] INT NULL,
  [qmimiBleres] DECIMAL(18,2) NULL,
  [qmimiShites] DECIMAL(18,2) NULL,
  CONSTRAINT [PK_TeDhenatRegjistrimit] PRIMARY KEY ([id])
);
CREATE TABLE [dbo].[ZbritjaQmimitProduktit] ( 
  [produktiID] INT NOT NULL,
  [qmimiPaZbritjeProduktit] DECIMAL(18,2) NULL CONSTRAINT [DF__ZbritjaQm__qmimi__13DCE752] DEFAULT ((0)) ,
  [qmimiMeZbritjeProduktit] DECIMAL(18,2) NULL CONSTRAINT [DF__ZbritjaQm__qmimi__14D10B8B] DEFAULT ((0)) ,
  [dataZbritjes] DATETIME NULL CONSTRAINT [DF__ZbritjaQm__dataZ__15C52FC4] DEFAULT (getdate()) ,
  [dataSkadimit] DATETIME NULL CONSTRAINT [DF__ZbritjaQm__dataS__16B953FD] DEFAULT (getdate()) ,
  CONSTRAINT [PK_ZbritjaQmimitProduktit] PRIMARY KEY ([produktiID])
);
CREATE TABLE [dbo].[__EFMigrationsHistory] ( 
  [MigrationId] NVARCHAR(150) NOT NULL,
  [ProductVersion] NVARCHAR(32) NOT NULL,
  CONSTRAINT [PK___EFMigrationsHistory] PRIMARY KEY ([MigrationId])
);
CREATE INDEX [IX_AspNetRoleClaims_RoleId] 
ON [dbo].[AspNetRoleClaims] (
  [RoleId] ASC
);
CREATE UNIQUE INDEX [RoleNameIndex] 
ON [dbo].[AspNetRoles] (
  [NormalizedName] ASC
);
CREATE INDEX [IX_AspNetUserClaims_UserId] 
ON [dbo].[AspNetUserClaims] (
  [UserId] ASC
);
CREATE INDEX [IX_AspNetUserLogins_UserId] 
ON [dbo].[AspNetUserLogins] (
  [UserId] ASC
);
CREATE INDEX [IX_AspNetUserRoles_RoleId] 
ON [dbo].[AspNetUserRoles] (
  [RoleId] ASC
);
CREATE INDEX [EmailIndex] 
ON [dbo].[AspNetUsers] (
  [NormalizedEmail] ASC
);
CREATE UNIQUE INDEX [UserNameIndex] 
ON [dbo].[AspNetUsers] (
  [NormalizedUserName] ASC
);
CREATE INDEX [IX_ContactForm_userID] 
ON [dbo].[ContactForm] (
  [userID] ASC
);
CREATE INDEX [IX_KodiZbritjes_idProdukti] 
ON [dbo].[KodiZbritjes] (
  [idProdukti] ASC
);
CREATE UNIQUE INDEX [UQ__Perdorue__F3DBC5728A6B6DAE] 
ON [dbo].[Perdoruesi] (
  [username] ASC
);
CREATE INDEX [IX_Porosit_idKlienti] 
ON [dbo].[Porosit] (
  [idKlienti] ASC
);
CREATE INDEX [IX_Produkti_kategoriaID] 
ON [dbo].[Produkti] (
  [kategoriaID] ASC
);
CREATE INDEX [IX_Produkti_kompaniaID] 
ON [dbo].[Produkti] (
  [kompaniaID] ASC
);
CREATE INDEX [IX_RegjistrimiStokut_stafiID] 
ON [dbo].[RegjistrimiStokut] (
  [stafiID] ASC
);
CREATE INDEX [IX_TeDhenatEPorosis_idPorosia] 
ON [dbo].[TeDhenatEPorosis] (
  [idPorosia] ASC
);
CREATE INDEX [IX_TeDhenatEPorosis_idProdukti] 
ON [dbo].[TeDhenatEPorosis] (
  [idProdukti] ASC
);
CREATE INDEX [IX_TeDhenatEPorosis_kodiZbritjes] 
ON [dbo].[TeDhenatEPorosis] (
  [kodiZbritjes] ASC
);
CREATE INDEX [IX_TeDhenatRegjistrimit_idProduktit] 
ON [dbo].[TeDhenatRegjistrimit] (
  [idProduktit] ASC
);
CREATE INDEX [IX_TeDhenatRegjistrimit_idRegjistrimit] 
ON [dbo].[TeDhenatRegjistrimit] (
  [idRegjistrimit] ASC
);
TRUNCATE TABLE [dbo].[AspNetRoleClaims];
TRUNCATE TABLE [dbo].[AspNetRoles];
TRUNCATE TABLE [dbo].[AspNetUserClaims];
TRUNCATE TABLE [dbo].[AspNetUserLogins];
TRUNCATE TABLE [dbo].[AspNetUserRoles];
TRUNCATE TABLE [dbo].[AspNetUserTokens];
TRUNCATE TABLE [dbo].[AspNetUsers];
TRUNCATE TABLE [dbo].[ContactForm];
TRUNCATE TABLE [dbo].[KategoriaProduktit];
TRUNCATE TABLE [dbo].[KodiZbritjes];
TRUNCATE TABLE [dbo].[Kompania];
TRUNCATE TABLE [dbo].[Perdoruesi];
TRUNCATE TABLE [dbo].[Porosit];
TRUNCATE TABLE [dbo].[Produkti];
TRUNCATE TABLE [dbo].[RegjistrimiStokut];
TRUNCATE TABLE [dbo].[StokuQmimiProduktit];
TRUNCATE TABLE [dbo].[TeDhenatEPorosis];
TRUNCATE TABLE [dbo].[TeDhenatPerdoruesit];
TRUNCATE TABLE [dbo].[TeDhenatRegjistrimit];
TRUNCATE TABLE [dbo].[ZbritjaQmimitProduktit];
TRUNCATE TABLE [dbo].[__EFMigrationsHistory];
SET IDENTITY_INSERT [dbo].[AspNetRoleClaims] ON;
SET IDENTITY_INSERT [dbo].[AspNetRoleClaims] OFF;
INSERT INTO [dbo].[AspNetRoles] ([Id], [Name], [NormalizedName], [ConcurrencyStamp]) VALUES ('0267d4fd-5bac-4552-9930-8e528b2fec1b', 'Admin', 'ADMIN', 'bcb0a7f8-41b2-48ce-bf39-fbc24516012e');
INSERT INTO [dbo].[AspNetRoles] ([Id], [Name], [NormalizedName], [ConcurrencyStamp]) VALUES ('be4b8ef8-abf0-454c-852c-676cdab20e3b', 'User', 'USER', '264000ea-9d66-4686-b48b-e06165a906fc');
INSERT INTO [dbo].[AspNetRoles] ([Id], [Name], [NormalizedName], [ConcurrencyStamp]) VALUES ('db3dd60d-a159-4f85-a9a5-d1444ee1013d', 'Menaxher', 'MENAXHER', '3e215a86-6eeb-48a6-90d9-fe12a7a70f28');
SET IDENTITY_INSERT [dbo].[AspNetUserClaims] ON;
SET IDENTITY_INSERT [dbo].[AspNetUserClaims] OFF;
INSERT INTO [dbo].[AspNetUserRoles] ([UserId], [RoleId]) VALUES ('36da09a1-a245-46b2-9a29-08c75ca1b769', '0267d4fd-5bac-4552-9930-8e528b2fec1b');
INSERT INTO [dbo].[AspNetUserRoles] ([UserId], [RoleId]) VALUES ('5d42072c-fcb5-4c9b-9c25-a0066c7ff1d9', '0267d4fd-5bac-4552-9930-8e528b2fec1b');
INSERT INTO [dbo].[AspNetUserRoles] ([UserId], [RoleId]) VALUES ('82345d9d-a4d0-4076-8d43-f61d63604472', '0267d4fd-5bac-4552-9930-8e528b2fec1b');
INSERT INTO [dbo].[AspNetUserRoles] ([UserId], [RoleId]) VALUES ('09e7e384-1597-4b58-be8d-e500983b7e6a', 'be4b8ef8-abf0-454c-852c-676cdab20e3b');
INSERT INTO [dbo].[AspNetUserRoles] ([UserId], [RoleId]) VALUES ('0fe2c1c8-6086-454f-83e8-fadee72336ad', 'be4b8ef8-abf0-454c-852c-676cdab20e3b');
INSERT INTO [dbo].[AspNetUserRoles] ([UserId], [RoleId]) VALUES ('141ee1b9-f205-4cdb-bf60-1923366fdba8', 'be4b8ef8-abf0-454c-852c-676cdab20e3b');
INSERT INTO [dbo].[AspNetUserRoles] ([UserId], [RoleId]) VALUES ('18c53e36-75a8-42bb-b78a-ea7bec040f86', 'be4b8ef8-abf0-454c-852c-676cdab20e3b');
INSERT INTO [dbo].[AspNetUserRoles] ([UserId], [RoleId]) VALUES ('22bfef71-8cab-4d15-af26-ab4bc6110222', 'be4b8ef8-abf0-454c-852c-676cdab20e3b');
INSERT INTO [dbo].[AspNetUserRoles] ([UserId], [RoleId]) VALUES ('288577bc-9274-4223-b579-b490ee1f38e2', 'be4b8ef8-abf0-454c-852c-676cdab20e3b');
INSERT INTO [dbo].[AspNetUserRoles] ([UserId], [RoleId]) VALUES ('3043b855-1536-4325-8e23-223355983231', 'be4b8ef8-abf0-454c-852c-676cdab20e3b');
INSERT INTO [dbo].[AspNetUserRoles] ([UserId], [RoleId]) VALUES ('36da09a1-a245-46b2-9a29-08c75ca1b769', 'be4b8ef8-abf0-454c-852c-676cdab20e3b');
INSERT INTO [dbo].[AspNetUserRoles] ([UserId], [RoleId]) VALUES ('38008392-4173-4525-91f6-1ca31417776c', 'be4b8ef8-abf0-454c-852c-676cdab20e3b');
INSERT INTO [dbo].[AspNetUserRoles] ([UserId], [RoleId]) VALUES ('487b813e-11a9-4ab6-9b10-ead71266c288', 'be4b8ef8-abf0-454c-852c-676cdab20e3b');
INSERT INTO [dbo].[AspNetUserRoles] ([UserId], [RoleId]) VALUES ('4fcd6f29-950e-43ac-a8ac-936ccc92cabc', 'be4b8ef8-abf0-454c-852c-676cdab20e3b');
INSERT INTO [dbo].[AspNetUserRoles] ([UserId], [RoleId]) VALUES ('524411b2-2789-4c02-9c0b-c227b742d6ed', 'be4b8ef8-abf0-454c-852c-676cdab20e3b');
INSERT INTO [dbo].[AspNetUserRoles] ([UserId], [RoleId]) VALUES ('531575ac-afd3-4b81-a981-8cc0b579c28f', 'be4b8ef8-abf0-454c-852c-676cdab20e3b');
INSERT INTO [dbo].[AspNetUserRoles] ([UserId], [RoleId]) VALUES ('5d42072c-fcb5-4c9b-9c25-a0066c7ff1d9', 'be4b8ef8-abf0-454c-852c-676cdab20e3b');
INSERT INTO [dbo].[AspNetUserRoles] ([UserId], [RoleId]) VALUES ('606a59d6-8424-438f-a210-2b360b84fb49', 'be4b8ef8-abf0-454c-852c-676cdab20e3b');
INSERT INTO [dbo].[AspNetUserRoles] ([UserId], [RoleId]) VALUES ('68346e99-7a27-434b-b15b-4e2a1d8146d8', 'be4b8ef8-abf0-454c-852c-676cdab20e3b');
INSERT INTO [dbo].[AspNetUserRoles] ([UserId], [RoleId]) VALUES ('687204c7-2a82-46cc-95d6-fcdeaee48e18', 'be4b8ef8-abf0-454c-852c-676cdab20e3b');
INSERT INTO [dbo].[AspNetUserRoles] ([UserId], [RoleId]) VALUES ('6c25088f-7e41-4b73-9380-549d31b14934', 'be4b8ef8-abf0-454c-852c-676cdab20e3b');
INSERT INTO [dbo].[AspNetUserRoles] ([UserId], [RoleId]) VALUES ('6d965852-5dc8-4bd1-b3ed-32f810133da6', 'be4b8ef8-abf0-454c-852c-676cdab20e3b');
INSERT INTO [dbo].[AspNetUserRoles] ([UserId], [RoleId]) VALUES ('7ab40b8b-a135-48c8-97ac-f1870de525c4', 'be4b8ef8-abf0-454c-852c-676cdab20e3b');
INSERT INTO [dbo].[AspNetUserRoles] ([UserId], [RoleId]) VALUES ('81d433b8-1f64-40ef-9511-6d9dbd56f0cf', 'be4b8ef8-abf0-454c-852c-676cdab20e3b');
INSERT INTO [dbo].[AspNetUserRoles] ([UserId], [RoleId]) VALUES ('82345d9d-a4d0-4076-8d43-f61d63604472', 'be4b8ef8-abf0-454c-852c-676cdab20e3b');
INSERT INTO [dbo].[AspNetUserRoles] ([UserId], [RoleId]) VALUES ('851fb44f-4776-4efa-9005-6334cd0ce0b2', 'be4b8ef8-abf0-454c-852c-676cdab20e3b');
INSERT INTO [dbo].[AspNetUserRoles] ([UserId], [RoleId]) VALUES ('873a3d0f-e72c-48c1-8a38-d06bff07c737', 'be4b8ef8-abf0-454c-852c-676cdab20e3b');
INSERT INTO [dbo].[AspNetUserRoles] ([UserId], [RoleId]) VALUES ('922df69c-2db5-4ce7-a63c-c373e2899678', 'be4b8ef8-abf0-454c-852c-676cdab20e3b');
INSERT INTO [dbo].[AspNetUserRoles] ([UserId], [RoleId]) VALUES ('96f706ca-2d28-4e48-80e9-0d03fad60d1a', 'be4b8ef8-abf0-454c-852c-676cdab20e3b');
INSERT INTO [dbo].[AspNetUserRoles] ([UserId], [RoleId]) VALUES ('9922d8bc-e3e9-40cf-82fc-bb096d4f2fe2', 'be4b8ef8-abf0-454c-852c-676cdab20e3b');
INSERT INTO [dbo].[AspNetUserRoles] ([UserId], [RoleId]) VALUES ('9fd9b11e-440c-4c4f-bb46-06ea5bdd7e75', 'be4b8ef8-abf0-454c-852c-676cdab20e3b');
INSERT INTO [dbo].[AspNetUserRoles] ([UserId], [RoleId]) VALUES ('a6ded093-cf79-42e0-b500-58a004892b15', 'be4b8ef8-abf0-454c-852c-676cdab20e3b');
INSERT INTO [dbo].[AspNetUserRoles] ([UserId], [RoleId]) VALUES ('b8461f8d-1c0c-4cfc-8437-5ad1a0c3a42e', 'be4b8ef8-abf0-454c-852c-676cdab20e3b');
INSERT INTO [dbo].[AspNetUserRoles] ([UserId], [RoleId]) VALUES ('beea69a5-cb0f-41a4-85c2-50fd5e1dad11', 'be4b8ef8-abf0-454c-852c-676cdab20e3b');
INSERT INTO [dbo].[AspNetUserRoles] ([UserId], [RoleId]) VALUES ('cf6b526b-d436-4bae-ba4e-29d5567e9275', 'be4b8ef8-abf0-454c-852c-676cdab20e3b');
INSERT INTO [dbo].[AspNetUserRoles] ([UserId], [RoleId]) VALUES ('e0f612cd-e026-4335-95e8-f08c148a0f5c', 'be4b8ef8-abf0-454c-852c-676cdab20e3b');
INSERT INTO [dbo].[AspNetUserRoles] ([UserId], [RoleId]) VALUES ('ed78a52a-167d-4d20-852e-257dc41408ea', 'be4b8ef8-abf0-454c-852c-676cdab20e3b');
INSERT INTO [dbo].[AspNetUserRoles] ([UserId], [RoleId]) VALUES ('fea15606-dc8f-4b3d-9f6f-5c2ca53aaf9d', 'be4b8ef8-abf0-454c-852c-676cdab20e3b');
INSERT INTO [dbo].[AspNetUserRoles] ([UserId], [RoleId]) VALUES ('36da09a1-a245-46b2-9a29-08c75ca1b769', 'db3dd60d-a159-4f85-a9a5-d1444ee1013d');
INSERT INTO [dbo].[AspNetUserRoles] ([UserId], [RoleId]) VALUES ('5d42072c-fcb5-4c9b-9c25-a0066c7ff1d9', 'db3dd60d-a159-4f85-a9a5-d1444ee1013d');
INSERT INTO [dbo].[AspNetUserRoles] ([UserId], [RoleId]) VALUES ('82345d9d-a4d0-4076-8d43-f61d63604472', 'db3dd60d-a159-4f85-a9a5-d1444ee1013d');
INSERT INTO [dbo].[AspNetUsers] ([Id], [UserName], [NormalizedUserName], [Email], [NormalizedEmail], [EmailConfirmed], [PasswordHash], [SecurityStamp], [ConcurrencyStamp], [PhoneNumber], [PhoneNumberConfirmed], [TwoFactorEnabled], [LockoutEnd], [LockoutEnabled], [AccessFailedCount]) VALUES ('09e7e384-1597-4b58-be8d-e500983b7e6a', 'lbasha', 'LBASHA', 'lindita.basha@gmail.com', 'LINDITA.BASHA@GMAIL.COM', 0, 'AQAAAAEAACcQAAAAEN/RLQjxPsjvzf7kaln7KvYFVpSIzONOl6O6QAKhYtPQIWkE9S9Pn0ZIWJLreep+vQ==', 'LCEBNQEQ2ISGXLFDORWPRVOTYORJJZQ6', '3a8bfc74-18a2-4c9d-9fb4-8ae778d8dd07', NULL, 0, 0, NULL, 1, 0);
INSERT INTO [dbo].[AspNetUsers] ([Id], [UserName], [NormalizedUserName], [Email], [NormalizedEmail], [EmailConfirmed], [PasswordHash], [SecurityStamp], [ConcurrencyStamp], [PhoneNumber], [PhoneNumberConfirmed], [TwoFactorEnabled], [LockoutEnd], [LockoutEnabled], [AccessFailedCount]) VALUES ('0fe2c1c8-6086-454f-83e8-fadee72336ad', 'vkrasniqi', 'VKRASNIQI', 'valbona.krasniqi@gmail.com', 'VALBONA.KRASNIQI@GMAIL.COM', 0, 'AQAAAAEAACcQAAAAEJcUOEZXjBcLyTmPtnTVzn7qRhNDKR8t71Ow+XsjXursR75fjpPnsW6AZ6lyedwTjg==', 'SA7YBQSAWX4FA6E2TDZ2VY2WPJ2FUNSP', '9d01e957-f394-446f-b721-2a5912468215', NULL, 0, 0, NULL, 1, 0);
INSERT INTO [dbo].[AspNetUsers] ([Id], [UserName], [NormalizedUserName], [Email], [NormalizedEmail], [EmailConfirmed], [PasswordHash], [SecurityStamp], [ConcurrencyStamp], [PhoneNumber], [PhoneNumberConfirmed], [TwoFactorEnabled], [LockoutEnd], [LockoutEnabled], [AccessFailedCount]) VALUES ('141ee1b9-f205-4cdb-bf60-1923366fdba8', 'vberisha', 'VBERISHA', 'valdrin.berisha@gmail.com', 'VALDRIN.BERISHA@GMAIL.COM', 0, 'AQAAAAEAACcQAAAAEO4G2xxImNyIiWYE2dYqDqdX81cBoCPDY9dbwoMD2LYuQ/JLAtIRT3bQnw4fqEg+0g==', '75FA4YTSRWERZDVOK2WIHOBSBWBPDIXS', '38472544-a835-4ca1-872b-f0c69b57ea33', NULL, 0, 0, NULL, 1, 0);
INSERT INTO [dbo].[AspNetUsers] ([Id], [UserName], [NormalizedUserName], [Email], [NormalizedEmail], [EmailConfirmed], [PasswordHash], [SecurityStamp], [ConcurrencyStamp], [PhoneNumber], [PhoneNumberConfirmed], [TwoFactorEnabled], [LockoutEnd], [LockoutEnabled], [AccessFailedCount]) VALUES ('18c53e36-75a8-42bb-b78a-ea7bec040f86', 'gsalihi', 'GSALIHI', 'gent.salihi@gmail.com', 'GENT.SALIHI@GMAIL.COM', 0, 'AQAAAAEAACcQAAAAEM7cR9WSuMlWzy4AqgSOxmWp+YLvZuKDd/xSrCnMVfMDPT5DoLibijFkaPiXgRVKyA==', '6PLNWA3P4HQNCCYGNYLU4QK7UVNJ6B7A', 'eaf02981-82a0-4e38-a8bf-dcadc8735566', NULL, 0, 0, NULL, 1, 0);
INSERT INTO [dbo].[AspNetUsers] ([Id], [UserName], [NormalizedUserName], [Email], [NormalizedEmail], [EmailConfirmed], [PasswordHash], [SecurityStamp], [ConcurrencyStamp], [PhoneNumber], [PhoneNumberConfirmed], [TwoFactorEnabled], [LockoutEnd], [LockoutEnabled], [AccessFailedCount]) VALUES ('22bfef71-8cab-4d15-af26-ab4bc6110222', 'alleshi', 'ALLESHI', 'afrim.lleshi@gmail.com', 'AFRIM.LLESHI@GMAIL.COM', 0, 'AQAAAAEAACcQAAAAEOJ3lr+V9KB2lwngAQPcjtqm+HKoQjWOwqYx9A63jYMquKlB7B5snaPMpgzT1RvKNw==', 'WQEJJCHIMAT6CE7ORINRVZW2UJ2TDMNG', '2910b44e-1064-4c8a-91a2-25c6814f068a', NULL, 0, 0, NULL, 1, 0);
INSERT INTO [dbo].[AspNetUsers] ([Id], [UserName], [NormalizedUserName], [Email], [NormalizedEmail], [EmailConfirmed], [PasswordHash], [SecurityStamp], [ConcurrencyStamp], [PhoneNumber], [PhoneNumberConfirmed], [TwoFactorEnabled], [LockoutEnd], [LockoutEnabled], [AccessFailedCount]) VALUES ('288577bc-9274-4223-b579-b490ee1f38e2', 'fkrasniqi', 'FKRASNIQI', 'florin.krasniqi@gmail.com', 'FLORIN.KRASNIQI@GMAIL.COM', 0, 'AQAAAAEAACcQAAAAEBPsnBmASC8wkNOpnPtvVtRJ1zyOmnLthWWXOEjT6RREz/3jMHazqMFQZMRvkTXFKA==', 'CIOFJW3BRBZR7HAFSJYDJI2LS6APRGPC', '69d185fb-4b4c-4466-adbb-39ddc1cb6e37', NULL, 0, 0, NULL, 1, 0);
INSERT INTO [dbo].[AspNetUsers] ([Id], [UserName], [NormalizedUserName], [Email], [NormalizedEmail], [EmailConfirmed], [PasswordHash], [SecurityStamp], [ConcurrencyStamp], [PhoneNumber], [PhoneNumberConfirmed], [TwoFactorEnabled], [LockoutEnd], [LockoutEnabled], [AccessFailedCount]) VALUES ('3043b855-1536-4325-8e23-223355983231', 'rhajdari', 'RHAJDARI', 'rron.hajdari@gmail.com', 'RRON.HAJDARI@GMAIL.COM', 0, 'AQAAAAEAACcQAAAAECaaawyNxhxDOw0sVhzPu/Jt90SYqKRHWPRVyEpTqA0aosWT17gOOCXAudBeMIiSaw==', '3QOQ4C6RMXIBGRNB7MIVJPO7QZ2B2HGR', '21586ef9-f591-4c7c-a810-fd048ff25ee1', NULL, 0, 0, NULL, 1, 0);
INSERT INTO [dbo].[AspNetUsers] ([Id], [UserName], [NormalizedUserName], [Email], [NormalizedEmail], [EmailConfirmed], [PasswordHash], [SecurityStamp], [ConcurrencyStamp], [PhoneNumber], [PhoneNumberConfirmed], [TwoFactorEnabled], [LockoutEnd], [LockoutEnabled], [AccessFailedCount]) VALUES ('36da09a1-a245-46b2-9a29-08c75ca1b769', 'ijezerci', 'IJEZERCI', 'ilire.jezerci@gmail.com', 'ILIRE.JEZERCI@GMAIL.COM', 0, 'AQAAAAEAACcQAAAAEB345i2LmCHA8cwQWLccNzSL7/d/oxUDfQe1bSm+2WdkOW1MMXu7OzoJB4IO2k4+1g==', 'EFMGXYN3XWNJCT3ZSJHFCEWXOTM2REOW', '4cfa1040-d240-4766-9ac0-26dec33b0be0', NULL, 0, 0, NULL, 1, 0);
INSERT INTO [dbo].[AspNetUsers] ([Id], [UserName], [NormalizedUserName], [Email], [NormalizedEmail], [EmailConfirmed], [PasswordHash], [SecurityStamp], [ConcurrencyStamp], [PhoneNumber], [PhoneNumberConfirmed], [TwoFactorEnabled], [LockoutEnd], [LockoutEnabled], [AccessFailedCount]) VALUES ('38008392-4173-4525-91f6-1ca31417776c', 'ejashari', 'EJASHARI', 'enver.jashari@gmail.com', 'ENVER.JASHARI@GMAIL.COM', 0, 'AQAAAAEAACcQAAAAEA/2yooqoygDjru5YWwagVJYszCXWXPW3dXRRygZmKRFKzuX0BXWR4ghGSYZQHtS1Q==', 'OASBMFPH2LAQ4UT3H4HES2YFNQB4AYUM', '9413bc77-6c0e-4c4c-8792-f863b597a41e', NULL, 0, 0, NULL, 1, 0);
INSERT INTO [dbo].[AspNetUsers] ([Id], [UserName], [NormalizedUserName], [Email], [NormalizedEmail], [EmailConfirmed], [PasswordHash], [SecurityStamp], [ConcurrencyStamp], [PhoneNumber], [PhoneNumberConfirmed], [TwoFactorEnabled], [LockoutEnd], [LockoutEnabled], [AccessFailedCount]) VALUES ('487b813e-11a9-4ab6-9b10-ead71266c288', 'fmurtezi', 'FMURTEZI', 'fatlum.murtezi@gmail.com', 'FATLUM.MURTEZI@GMAIL.COM', 0, 'AQAAAAEAACcQAAAAEPIqe5Oq64U8ami67vEwyMEpQ8tG5xkJYGkVTva2LE5YH8HQNb+SDu0JybeuAeHndQ==', 'WSXFQDATUVA6RZ47MXQ5NPAAHVBO4ALP', '8b7435cb-84e0-4dea-ba1b-9bfc03a885e8', NULL, 0, 0, NULL, 1, 0);
INSERT INTO [dbo].[AspNetUsers] ([Id], [UserName], [NormalizedUserName], [Email], [NormalizedEmail], [EmailConfirmed], [PasswordHash], [SecurityStamp], [ConcurrencyStamp], [PhoneNumber], [PhoneNumberConfirmed], [TwoFactorEnabled], [LockoutEnd], [LockoutEnabled], [AccessFailedCount]) VALUES ('4fcd6f29-950e-43ac-a8ac-936ccc92cabc', 'librahimi', 'LIBRAHIMI', 'luljeta.ibrahimi@gmail.com', 'LULJETA.IBRAHIMI@GMAIL.COM', 0, 'AQAAAAEAACcQAAAAEFo8JGLMGJFIgMnoEeUNnp1IpkgM2mlmIWf1Ig4nHn6M3sfL1eXrWGb0G1Y6JSVFiA==', 'HQGHQOZIYIJZJ6HIZLC2FABZSYPOV6VK', '9a47a945-ac33-4c16-b024-3206552f5f25', NULL, 0, 0, NULL, 1, 0);
INSERT INTO [dbo].[AspNetUsers] ([Id], [UserName], [NormalizedUserName], [Email], [NormalizedEmail], [EmailConfirmed], [PasswordHash], [SecurityStamp], [ConcurrencyStamp], [PhoneNumber], [PhoneNumberConfirmed], [TwoFactorEnabled], [LockoutEnd], [LockoutEnabled], [AccessFailedCount]) VALUES ('524411b2-2789-4c02-9c0b-c227b742d6ed', 'dshala', 'DSHALA', 'drita.shala@gmail.com', 'DRITA.SHALA@GMAIL.COM', 0, 'AQAAAAEAACcQAAAAEPvz9h56Iuw6OSbwCQw5loRaa+QWc6nyvpcMJcQzzgnHs/XFtvmiUL6cIdhAK/SyYQ==', 'I3U6H5F5MCGWF4RRKAQK6NGZM4R5PB2S', '4917b685-3145-4538-8854-af682880ba73', NULL, 0, 0, NULL, 1, 0);
INSERT INTO [dbo].[AspNetUsers] ([Id], [UserName], [NormalizedUserName], [Email], [NormalizedEmail], [EmailConfirmed], [PasswordHash], [SecurityStamp], [ConcurrencyStamp], [PhoneNumber], [PhoneNumberConfirmed], [TwoFactorEnabled], [LockoutEnd], [LockoutEnabled], [AccessFailedCount]) VALUES ('531575ac-afd3-4b81-a981-8cc0b579c28f', 'amustafa', 'AMUSTAFA', 'adelina.mustafa@gmail.com', 'ADELINA.MUSTAFA@GMAIL.COM', 0, 'AQAAAAEAACcQAAAAEGYZwP7BvsxcgjG76Au6Xnr7PvuUAIOxTf7PcK5FZYtD/vqS4nlTAi7XHcBK4577gA==', 'SNFJCCBSQWM4EZEU4DMGA3DU6UBSFCBW', '64b8ebf3-2395-42fe-87a2-daad8af0fdf8', NULL, 0, 0, NULL, 1, 0);
INSERT INTO [dbo].[AspNetUsers] ([Id], [UserName], [NormalizedUserName], [Email], [NormalizedEmail], [EmailConfirmed], [PasswordHash], [SecurityStamp], [ConcurrencyStamp], [PhoneNumber], [PhoneNumberConfirmed], [TwoFactorEnabled], [LockoutEnd], [LockoutEnabled], [AccessFailedCount]) VALUES ('5d42072c-fcb5-4c9b-9c25-a0066c7ff1d9', 'pdardhishta', 'PDARDHISHTA', 'perparim.dardhishta@email.com', 'PERPARIM.DARDHISHTA@EMAIL.COM', 0, 'AQAAAAEAACcQAAAAEDQ2sitm08b5F1rA/hnliJwF8eF+6JpndhWF8RgkzgisQCwayn8iTLjKtG7tiPR6sw==', '32FANKBWKUQQEPXSIKVCCVT473VWHDBH', '942a7679-c8b7-450e-aefb-5365288f9a4f', NULL, 0, 0, NULL, 1, 0);
INSERT INTO [dbo].[AspNetUsers] ([Id], [UserName], [NormalizedUserName], [Email], [NormalizedEmail], [EmailConfirmed], [PasswordHash], [SecurityStamp], [ConcurrencyStamp], [PhoneNumber], [PhoneNumberConfirmed], [TwoFactorEnabled], [LockoutEnd], [LockoutEnabled], [AccessFailedCount]) VALUES ('606a59d6-8424-438f-a210-2b360b84fb49', 'vgashi', 'VGASHI', 'vlora.gashi@gmail.com', 'VLORA.GASHI@GMAIL.COM', 0, 'AQAAAAEAACcQAAAAELkWtXiyg3k3j7YNJ9YEXKtOH2A8Rh4OShhlzhYS9tq+uouCbeyd2ccKCqwwfhsEyA==', 'JW76SZQBVOK6Z2JS6QCH2UPMDARYPQVB', '6f5e6029-2e76-4265-b1e4-3760cc653609', NULL, 0, 0, NULL, 1, 0);
INSERT INTO [dbo].[AspNetUsers] ([Id], [UserName], [NormalizedUserName], [Email], [NormalizedEmail], [EmailConfirmed], [PasswordHash], [SecurityStamp], [ConcurrencyStamp], [PhoneNumber], [PhoneNumberConfirmed], [TwoFactorEnabled], [LockoutEnd], [LockoutEnabled], [AccessFailedCount]) VALUES ('68346e99-7a27-434b-b15b-4e2a1d8146d8', 'bkrasniqi', 'BKRASNIQI', 'blerta.krasniqi@gmail.com', 'BLERTA.KRASNIQI@GMAIL.COM', 0, 'AQAAAAEAACcQAAAAEDsKEmfdIaMQpMXvFI48YsxvZnsp8MibT9kWAkitCDS6Jt0YBTNqTUmbMBZ/nWEmrw==', 'SI2NKVDD43PDQOLJ3Z7SYDTHBRFAJLUI', 'c901c00f-9a0d-476d-a061-5c9cfb9d8b20', NULL, 0, 0, NULL, 1, 0);
INSERT INTO [dbo].[AspNetUsers] ([Id], [UserName], [NormalizedUserName], [Email], [NormalizedEmail], [EmailConfirmed], [PasswordHash], [SecurityStamp], [ConcurrencyStamp], [PhoneNumber], [PhoneNumberConfirmed], [TwoFactorEnabled], [LockoutEnd], [LockoutEnabled], [AccessFailedCount]) VALUES ('687204c7-2a82-46cc-95d6-fcdeaee48e18', 'emustafa', 'EMUSTAFA', 'emina.mustafa@gmail.com', 'EMINA.MUSTAFA@GMAIL.COM', 0, 'AQAAAAEAACcQAAAAEByL44c+QCz3rq1izn2UxUS9hj2qDgGpkUY0/IPdq2G3fIqK5Dhr/lRlkZNfsjNV0A==', 'LYG7GUFNNUQZDECFAYHJG7DSFHWCFBN7', '9475095b-5e7a-4553-9e29-40ff5d94eb80', NULL, 0, 0, NULL, 1, 0);
INSERT INTO [dbo].[AspNetUsers] ([Id], [UserName], [NormalizedUserName], [Email], [NormalizedEmail], [EmailConfirmed], [PasswordHash], [SecurityStamp], [ConcurrencyStamp], [PhoneNumber], [PhoneNumberConfirmed], [TwoFactorEnabled], [LockoutEnd], [LockoutEnabled], [AccessFailedCount]) VALUES ('6c25088f-7e41-4b73-9380-549d31b14934', 'zkadriu', 'ZKADRIU', 'zejnullah.kadriu@gmail.com', 'ZEJNULLAH.KADRIU@GMAIL.COM', 0, 'AQAAAAEAACcQAAAAEH4FjhsMTWBbmRhBgaPfnf3gAtBR8AP4fXQ2D4vmoaMykc6mc8c6Xpw+x4zmxMUjeg==', 'O4QMOCTPCKBM2DCJDC4ZU6P6ZWNS24VK', '08d9514a-014d-4ad5-9632-82dd4654fe0f', NULL, 0, 0, NULL, 1, 0);
INSERT INTO [dbo].[AspNetUsers] ([Id], [UserName], [NormalizedUserName], [Email], [NormalizedEmail], [EmailConfirmed], [PasswordHash], [SecurityStamp], [ConcurrencyStamp], [PhoneNumber], [PhoneNumberConfirmed], [TwoFactorEnabled], [LockoutEnd], [LockoutEnabled], [AccessFailedCount]) VALUES ('6d965852-5dc8-4bd1-b3ed-32f810133da6', 'shoxha', 'SHOXHA', 'shpresa.hoxha@gmail.com', 'SHPRESA.HOXHA@GMAIL.COM', 0, 'AQAAAAEAACcQAAAAEBW2WJ8HqtNo92o8QXTKk6GpwJdkPfb41TesRe6cTPd+MB7vy9vkJN7YZ5i3H4Nn5Q==', 'CERKFNLAYA3WLPZE35DBA5ZSUXZMEKBK', '0a4747a0-d83a-41b4-98fa-6fdcfbf5e9aa', NULL, 0, 0, NULL, 1, 0);
INSERT INTO [dbo].[AspNetUsers] ([Id], [UserName], [NormalizedUserName], [Email], [NormalizedEmail], [EmailConfirmed], [PasswordHash], [SecurityStamp], [ConcurrencyStamp], [PhoneNumber], [PhoneNumberConfirmed], [TwoFactorEnabled], [LockoutEnd], [LockoutEnabled], [AccessFailedCount]) VALUES ('7ab40b8b-a135-48c8-97ac-f1870de525c4', 'azeqiri', 'AZEQIRI', 'anila.zeqiri@gmail.com', 'ANILA.ZEQIRI@GMAIL.COM', 0, 'AQAAAAEAACcQAAAAEPRbOsqdyfcw5tcRX2Mw+UsxOFZVoPl/5L84OJjSEOoqk3mW4c+YRT9G0v5Aqstpvw==', '4FF4LOVBMMZPWL52MQN7S5UJ46VQZMPH', 'e025e752-046d-4e6e-a089-9a81641e772a', NULL, 0, 0, NULL, 1, 0);
INSERT INTO [dbo].[AspNetUsers] ([Id], [UserName], [NormalizedUserName], [Email], [NormalizedEmail], [EmailConfirmed], [PasswordHash], [SecurityStamp], [ConcurrencyStamp], [PhoneNumber], [PhoneNumberConfirmed], [TwoFactorEnabled], [LockoutEnd], [LockoutEnabled], [AccessFailedCount]) VALUES ('81d433b8-1f64-40ef-9511-6d9dbd56f0cf', 'dismaili', 'DISMAILI', 'dardan.ismaili@gmail.com', 'DARDAN.ISMAILI@GMAIL.COM', 0, 'AQAAAAEAACcQAAAAEE9STZMW55BVwBpFbjREBTlpYyFeWaRW7+hoqzEpgMHDeMTb/5APXc2AUZJT38LJ3Q==', 'A6URJGV2AOB3BYNDAWZJ33DLROCS3VH3', 'cd19b54b-4fea-4124-b458-a8643a31e339', NULL, 0, 0, NULL, 1, 0);
INSERT INTO [dbo].[AspNetUsers] ([Id], [UserName], [NormalizedUserName], [Email], [NormalizedEmail], [EmailConfirmed], [PasswordHash], [SecurityStamp], [ConcurrencyStamp], [PhoneNumber], [PhoneNumberConfirmed], [TwoFactorEnabled], [LockoutEnd], [LockoutEnabled], [AccessFailedCount]) VALUES ('82345d9d-a4d0-4076-8d43-f61d63604472', 'rkycyku', 'RKYCYKU', 'rilind.kycyku@gmail.com', 'RILIND.KYCYKU@GMAIL.COM', 0, 'AQAAAAEAACcQAAAAEAfN1eX33Xg2J7U52krF4/VJKD8GkDASRAS6GXUiqJAUykuOBpQmOw1V7PSWpgBmTA==', 'WFJWZBDATZYH7J5X34CTOGBXMXGXI67I', '0e78e6b9-0832-4894-b875-191deb983b6d', NULL, 0, 0, NULL, 1, 0);
INSERT INTO [dbo].[AspNetUsers] ([Id], [UserName], [NormalizedUserName], [Email], [NormalizedEmail], [EmailConfirmed], [PasswordHash], [SecurityStamp], [ConcurrencyStamp], [PhoneNumber], [PhoneNumberConfirmed], [TwoFactorEnabled], [LockoutEnd], [LockoutEnabled], [AccessFailedCount]) VALUES ('851fb44f-4776-4efa-9005-6334cd0ce0b2', 'lhajdari', 'LHAJDARI', 'liridona.hajdari@gmail.com', 'LIRIDONA.HAJDARI@GMAIL.COM', 0, 'AQAAAAEAACcQAAAAEAxzvhL1TaduFqzAkpEpl6B+CDiSp1oUEv8vCDoVTT2EzLqKoCAC/t1cHHd6snv8iQ==', 'MOFFU6NCY7IN7WGCJIWUEOTWIIX454X7', '574a89ad-00ea-4e43-8667-f4460e9bd07d', NULL, 0, 0, NULL, 1, 0);
INSERT INTO [dbo].[AspNetUsers] ([Id], [UserName], [NormalizedUserName], [Email], [NormalizedEmail], [EmailConfirmed], [PasswordHash], [SecurityStamp], [ConcurrencyStamp], [PhoneNumber], [PhoneNumberConfirmed], [TwoFactorEnabled], [LockoutEnd], [LockoutEnabled], [AccessFailedCount]) VALUES ('873a3d0f-e72c-48c1-8a38-d06bff07c737', 'dberisha', 'DBERISHA', 'drenusha.berisha@gmail.com', 'DRENUSHA.BERISHA@GMAIL.COM', 0, 'AQAAAAEAACcQAAAAEE+ZotRW8K1qwaEZSG9X4g0EaFsiMECMjc0FVRicDapDuAJ26vI2iU8PNkYK4sS4jg==', '7JW2ZAJ2LAQLSRNHB3UPCNZ4A4MXE7YP', '47263741-bad7-4d4b-bd5f-67fe4f2f3582', NULL, 0, 0, NULL, 1, 0);
INSERT INTO [dbo].[AspNetUsers] ([Id], [UserName], [NormalizedUserName], [Email], [NormalizedEmail], [EmailConfirmed], [PasswordHash], [SecurityStamp], [ConcurrencyStamp], [PhoneNumber], [PhoneNumberConfirmed], [TwoFactorEnabled], [LockoutEnd], [LockoutEnabled], [AccessFailedCount]) VALUES ('922df69c-2db5-4ce7-a63c-c373e2899678', 'ehajdari', 'EHAJDARI', 'erza.hajdari@gmail.com', 'ERZA.HAJDARI@GMAIL.COM', 0, 'AQAAAAEAACcQAAAAEEZDPa3qLDkoO5/I63QWXKy2pCoT4PnOAr/U/iVTwl/An+nXmuQXLGNaIvPvQgIe9Q==', 'ABB7V466KKLNJMQL2MVN7BRW3SRBFCMT', '02251ee3-7cad-42c9-be6c-d7b5394566a1', NULL, 0, 0, NULL, 1, 0);
INSERT INTO [dbo].[AspNetUsers] ([Id], [UserName], [NormalizedUserName], [Email], [NormalizedEmail], [EmailConfirmed], [PasswordHash], [SecurityStamp], [ConcurrencyStamp], [PhoneNumber], [PhoneNumberConfirmed], [TwoFactorEnabled], [LockoutEnd], [LockoutEnabled], [AccessFailedCount]) VALUES ('96f706ca-2d28-4e48-80e9-0d03fad60d1a', 'ndervishi', 'NDERVISHI', 'naim.dervishi@gmail.com', 'NAIM.DERVISHI@GMAIL.COM', 0, 'AQAAAAEAACcQAAAAEDp/Drq68Woj98MGNOFE2Udm3g429r+CXK/S2ma65oGh92XA/yu4EX/lRUylAKY3Vg==', 'QC7476NNLZNSXNS4CA5TMTA6HHVPWBL4', '44b975ad-7c09-4173-ae86-b968f480d57e', NULL, 0, 0, NULL, 1, 0);
INSERT INTO [dbo].[AspNetUsers] ([Id], [UserName], [NormalizedUserName], [Email], [NormalizedEmail], [EmailConfirmed], [PasswordHash], [SecurityStamp], [ConcurrencyStamp], [PhoneNumber], [PhoneNumberConfirmed], [TwoFactorEnabled], [LockoutEnd], [LockoutEnabled], [AccessFailedCount]) VALUES ('9922d8bc-e3e9-40cf-82fc-bb096d4f2fe2', 'fkadriu', 'FKADRIU', 'fidan.kadriu@gmail.com', 'FIDAN.KADRIU@GMAIL.COM', 0, 'AQAAAAEAACcQAAAAEBIp+NZO/QNVPa5HR8IRVBF61h7xvq9svMkLGvFPr2Gti9EeNwidbQhWkaU3rOyAjg==', 'Z2RNPPSSXAC5CLJC5LM4ZVI6CJ4TWRYL', 'a47c0ffb-bd33-40a4-923a-15481b1f1188', NULL, 0, 0, NULL, 1, 0);
INSERT INTO [dbo].[AspNetUsers] ([Id], [UserName], [NormalizedUserName], [Email], [NormalizedEmail], [EmailConfirmed], [PasswordHash], [SecurityStamp], [ConcurrencyStamp], [PhoneNumber], [PhoneNumberConfirmed], [TwoFactorEnabled], [LockoutEnd], [LockoutEnabled], [AccessFailedCount]) VALUES ('9fd9b11e-440c-4c4f-bb46-06ea5bdd7e75', 'fbajrami', 'FBAJRAMI', 'fitore.bajrami@gmail.com', 'FITORE.BAJRAMI@GMAIL.COM', 0, 'AQAAAAEAACcQAAAAEO4p/O5SCqqA4zSmjMW4AwRiQYoV3OqLoJrnR1avgNrynrtyQfYSGE7L/FXi5n99BA==', 'H6R5PRASSV6N3NQWF3W2PWJN7R4GXKI7', 'cc4b0c91-c3fd-44f2-a52b-80b5221a75dc', NULL, 0, 0, NULL, 1, 0);
INSERT INTO [dbo].[AspNetUsers] ([Id], [UserName], [NormalizedUserName], [Email], [NormalizedEmail], [EmailConfirmed], [PasswordHash], [SecurityStamp], [ConcurrencyStamp], [PhoneNumber], [PhoneNumberConfirmed], [TwoFactorEnabled], [LockoutEnd], [LockoutEnabled], [AccessFailedCount]) VALUES ('a6ded093-cf79-42e0-b500-58a004892b15', 'akrasniqi', 'AKRASNIQI', 'albiona.krasniqi@gmail.com', 'ALBIONA.KRASNIQI@GMAIL.COM', 0, 'AQAAAAEAACcQAAAAEB5UEOsF2TQbluH4Zcvd0yttyUoGKlP/ngz7WU9mrt95ZD56xS32GTjjtrzzVmAixg==', 'JFBZHRKQXOP4L5QKQDVB4LEXH3ARKT3O', '24b03c42-c4ba-4576-b60f-61a339cd5988', NULL, 0, 0, NULL, 1, 0);
INSERT INTO [dbo].[AspNetUsers] ([Id], [UserName], [NormalizedUserName], [Email], [NormalizedEmail], [EmailConfirmed], [PasswordHash], [SecurityStamp], [ConcurrencyStamp], [PhoneNumber], [PhoneNumberConfirmed], [TwoFactorEnabled], [LockoutEnd], [LockoutEnabled], [AccessFailedCount]) VALUES ('b8461f8d-1c0c-4cfc-8437-5ad1a0c3a42e', 'kramadani', 'KRAMADANI', 'kushtrim.ramadani@gmail.com', 'KUSHTRIM.RAMADANI@GMAIL.COM', 0, 'AQAAAAEAACcQAAAAECpcz0Cw6s2JwtDaVJOEeRFtpDC6ZXUW6ZE6L9mLKCxz3igzlW814ob0ACdSTpYu8g==', 'PCWEKINN7MBBWRRMX6I2ZIUJVGXT5ZVR', 'b9a4da73-8e28-4725-9936-3d1d09cf3a7e', NULL, 0, 0, NULL, 1, 0);
INSERT INTO [dbo].[AspNetUsers] ([Id], [UserName], [NormalizedUserName], [Email], [NormalizedEmail], [EmailConfirmed], [PasswordHash], [SecurityStamp], [ConcurrencyStamp], [PhoneNumber], [PhoneNumberConfirmed], [TwoFactorEnabled], [LockoutEnd], [LockoutEnabled], [AccessFailedCount]) VALUES ('beea69a5-cb0f-41a4-85c2-50fd5e1dad11', 'vbajrami', 'VBAJRAMI', 'vlera.bajrami@gmail.com', 'VLERA.BAJRAMI@GMAIL.COM', 0, 'AQAAAAEAACcQAAAAEEeWDiakDAmQ/O95fsblRs5yWU5Oeq47PnzIv6ig+yC7ZMsPtFcnRG4PZDGGZK//Iw==', '7MD4RYBETZOKMYU7OWUEB6WJEWZ6DKMI', '8477042e-3ade-49e4-8945-c78ef05028c4', NULL, 0, 0, NULL, 1, 0);
INSERT INTO [dbo].[AspNetUsers] ([Id], [UserName], [NormalizedUserName], [Email], [NormalizedEmail], [EmailConfirmed], [PasswordHash], [SecurityStamp], [ConcurrencyStamp], [PhoneNumber], [PhoneNumberConfirmed], [TwoFactorEnabled], [LockoutEnd], [LockoutEnabled], [AccessFailedCount]) VALUES ('cf6b526b-d436-4bae-ba4e-29d5567e9275', 'bbajrami', 'BBAJRAMI', 'besa.bajrami@gmail.com', 'BESA.BAJRAMI@GMAIL.COM', 0, 'AQAAAAEAACcQAAAAEH7wKPF2FfYyHbqJsRakwKwXw2uBtC9BAtWQ7/JvhqHY4HqHFa8cDo/3OD1m13P04A==', 'ZFJLPEQU4X26ELML36C2QZANJGIJLAUR', '7112b0d7-8d15-41c4-865c-ae48f303391f', NULL, 0, 0, NULL, 1, 0);
INSERT INTO [dbo].[AspNetUsers] ([Id], [UserName], [NormalizedUserName], [Email], [NormalizedEmail], [EmailConfirmed], [PasswordHash], [SecurityStamp], [ConcurrencyStamp], [PhoneNumber], [PhoneNumberConfirmed], [TwoFactorEnabled], [LockoutEnd], [LockoutEnabled], [AccessFailedCount]) VALUES ('e0f612cd-e026-4335-95e8-f08c148a0f5c', 'bhajdari', 'BHAJDARI', 'besiana.hajdari@gmail.com', 'BESIANA.HAJDARI@GMAIL.COM', 0, 'AQAAAAEAACcQAAAAEJHQ5QStZYZoExMRHncYSddU6WDS8vT1BOZNXealPooWg+9JHHqO0M2TjZDe4/KjAA==', 'XTU4HFLA2LKDMJKCS6E7XTQVX4YMYDBL', '117ddfaf-80b0-4b65-ace6-dfb9585a6764', NULL, 0, 0, NULL, 1, 0);
INSERT INTO [dbo].[AspNetUsers] ([Id], [UserName], [NormalizedUserName], [Email], [NormalizedEmail], [EmailConfirmed], [PasswordHash], [SecurityStamp], [ConcurrencyStamp], [PhoneNumber], [PhoneNumberConfirmed], [TwoFactorEnabled], [LockoutEnd], [LockoutEnabled], [AccessFailedCount]) VALUES ('ed78a52a-167d-4d20-852e-257dc41408ea', 'arexhepi', 'AREXHEPI', 'ardit.rexhepi@gmail.com', 'ARDIT.REXHEPI@GMAIL.COM', 0, 'AQAAAAEAACcQAAAAECF5HG2TMqfJvyTcHwxRcUKOdnlh5YnXgiLihsygIfzNOkyRMuXTdoGskmvw4tAd0w==', 'WZ23V7VNUWZR3YVVUTWC7R5M27ZVKNC6', 'aba34dc7-db97-4bc8-b381-1f2078204256', NULL, 0, 0, NULL, 1, 0);
INSERT INTO [dbo].[AspNetUsers] ([Id], [UserName], [NormalizedUserName], [Email], [NormalizedEmail], [EmailConfirmed], [PasswordHash], [SecurityStamp], [ConcurrencyStamp], [PhoneNumber], [PhoneNumberConfirmed], [TwoFactorEnabled], [LockoutEnd], [LockoutEnabled], [AccessFailedCount]) VALUES ('fea15606-dc8f-4b3d-9f6f-5c2ca53aaf9d', 'ahoxha', 'AHOXHA', 'arben.hoxha@gmail.com', 'ARBEN.HOXHA@GMAIL.COM', 0, 'AQAAAAEAACcQAAAAEJ4VwC59DKBqSPdP/5BLWypvgTVqx4Ce9JxYUyZRdGIgFhWiguk9F1VfSfQ9k6Wszg==', 'MPO2QBZKX3CII5R64CXZG6ZSFFSM32AG', 'a5f83a21-661a-4388-b58e-9d8d3572fc99', NULL, 0, 0, NULL, 1, 0);
SET IDENTITY_INSERT [dbo].[ContactForm] ON;
INSERT INTO [dbo].[ContactForm] ([mesazhiID], [userID], [mesazhi], [dataDergeses], [statusi], [emri], [email]) VALUES (1, 20, 'string', '2023-04-02T00:00:00.000Z', 'Mesazhi juaj eshte derguar tek Stafi', NULL, NULL);
INSERT INTO [dbo].[ContactForm] ([mesazhiID], [userID], [mesazhi], [dataDergeses], [statusi], [emri], [email]) VALUES (2, 24, 'Twst', '2023-04-02T00:00:00.000Z', 'Mesazhi juaj eshte derguar tek Stafi', NULL, NULL);
INSERT INTO [dbo].[ContactForm] ([mesazhiID], [userID], [mesazhi], [dataDergeses], [statusi], [emri], [email]) VALUES (3, 20, '53eddfgfh', '2023-04-02T00:00:00.000Z', 'Mesazhi juaj eshte derguar tek Stafi', NULL, NULL);
INSERT INTO [dbo].[ContactForm] ([mesazhiID], [userID], [mesazhi], [dataDergeses], [statusi], [emri], [email]) VALUES (4, NULL, '53eddfgfh', '2023-04-03T00:00:00.000Z', 'Mesazhi juaj eshte derguar tek Stafi', NULL, NULL);
INSERT INTO [dbo].[ContactForm] ([mesazhiID], [userID], [mesazhi], [dataDergeses], [statusi], [emri], [email]) VALUES (5, NULL, 'asfasf', '2023-04-09T00:00:00.000Z', 'Mesazhi juaj eshte derguar tek Stafi', 'asda', 'test@email.com');
INSERT INTO [dbo].[ContactForm] ([mesazhiID], [userID], [mesazhi], [dataDergeses], [statusi], [emri], [email]) VALUES (6, NULL, 'asfasf', '2023-04-09T00:00:00.000Z', 'Mesazhi juaj eshte derguar tek Stafi', 'asda', 'test@email.com');
INSERT INTO [dbo].[ContactForm] ([mesazhiID], [userID], [mesazhi], [dataDergeses], [statusi], [emri], [email]) VALUES (7, NULL, 'asfasf', '2023-04-09T00:00:00.000Z', 'Mesazhi juaj eshte derguar tek Stafi', 'asda', 'test@email.com');
INSERT INTO [dbo].[ContactForm] ([mesazhiID], [userID], [mesazhi], [dataDergeses], [statusi], [emri], [email]) VALUES (8, NULL, 'asdad', '2023-04-09T00:00:00.000Z', 'Mesazhi juaj eshte derguar tek Stafi', 'asda', 'asdasd');
INSERT INTO [dbo].[ContactForm] ([mesazhiID], [userID], [mesazhi], [dataDergeses], [statusi], [emri], [email]) VALUES (9, NULL, 'afasf', '2023-04-09T00:00:00.000Z', 'Mesazhi juaj eshte derguar tek Stafi', 'asda', 'asdad');
INSERT INTO [dbo].[ContactForm] ([mesazhiID], [userID], [mesazhi], [dataDergeses], [statusi], [emri], [email]) VALUES (10, NULL, 'afasf', '2023-04-09T00:00:00.000Z', 'Mesazhi juaj eshte derguar tek Stafi', 'asda', 'asdad');
INSERT INTO [dbo].[ContactForm] ([mesazhiID], [userID], [mesazhi], [dataDergeses], [statusi], [emri], [email]) VALUES (11, NULL, '', '2023-04-09T00:00:00.000Z', 'Mesazhi juaj eshte derguar tek Stafi', '', 'asd');
INSERT INTO [dbo].[ContactForm] ([mesazhiID], [userID], [mesazhi], [dataDergeses], [statusi], [emri], [email]) VALUES (12, NULL, 'asda', '2023-04-09T00:00:00.000Z', 'Mesazhi juaj eshte derguar tek Stafi', 'r.kycyku.12@gmail.com', 'r.kycyku.12@gmail.com');
INSERT INTO [dbo].[ContactForm] ([mesazhiID], [userID], [mesazhi], [dataDergeses], [statusi], [emri], [email]) VALUES (25, NULL, 'asfasf', '2023-04-09T00:00:00.000Z', 'Mesazhi juaj eshte derguar tek Stafi', 'asda', 'test@email.com');
INSERT INTO [dbo].[ContactForm] ([mesazhiID], [userID], [mesazhi], [dataDergeses], [statusi], [emri], [email]) VALUES (26, NULL, 'asfasf', '2023-04-09T00:00:00.000Z', 'Mesazhi juaj eshte derguar tek Stafi', 'asda', 'test@email.com');
INSERT INTO [dbo].[ContactForm] ([mesazhiID], [userID], [mesazhi], [dataDergeses], [statusi], [emri], [email]) VALUES (27, NULL, 'asfasf', '2023-04-09T00:00:00.000Z', 'Mesazhi juaj eshte derguar tek Stafi', 'asda', 'test@email.com');
INSERT INTO [dbo].[ContactForm] ([mesazhiID], [userID], [mesazhi], [dataDergeses], [statusi], [emri], [email]) VALUES (28, NULL, 'asdad', '2023-04-09T00:00:00.000Z', 'Mesazhi juaj eshte derguar tek Stafi', 'asda', 'asdasd');
INSERT INTO [dbo].[ContactForm] ([mesazhiID], [userID], [mesazhi], [dataDergeses], [statusi], [emri], [email]) VALUES (29, NULL, 'afasf', '2023-04-09T00:00:00.000Z', 'Mesazhi juaj eshte derguar tek Stafi', 'asda', 'asdad');
INSERT INTO [dbo].[ContactForm] ([mesazhiID], [userID], [mesazhi], [dataDergeses], [statusi], [emri], [email]) VALUES (30, NULL, 'afasf', '2023-04-09T00:00:00.000Z', 'Mesazhi juaj eshte derguar tek Stafi', 'asda', 'asdad');
INSERT INTO [dbo].[ContactForm] ([mesazhiID], [userID], [mesazhi], [dataDergeses], [statusi], [emri], [email]) VALUES (31, NULL, '', '2023-04-09T00:00:00.000Z', 'Mesazhi juaj eshte derguar tek Stafi', '', 'asd');
INSERT INTO [dbo].[ContactForm] ([mesazhiID], [userID], [mesazhi], [dataDergeses], [statusi], [emri], [email]) VALUES (32, NULL, 'asda', '2023-04-09T00:00:00.000Z', 'Mesazhi juaj eshte derguar tek Stafi', 'r.kycyku.12@gmail.com', 'r.kycyku.12@gmail.com');
SET IDENTITY_INSERT [dbo].[ContactForm] OFF;
SET IDENTITY_INSERT [dbo].[KategoriaProduktit] ON;
INSERT INTO [dbo].[KategoriaProduktit] ([kategoriaID], [llojiKategoris], [pershkrimiKategoris]) VALUES (1, 'Smartphone dhe Aksesore', '');
INSERT INTO [dbo].[KategoriaProduktit] ([kategoriaID], [llojiKategoris], [pershkrimiKategoris]) VALUES (2, 'Laptope', '');
INSERT INTO [dbo].[KategoriaProduktit] ([kategoriaID], [llojiKategoris], [pershkrimiKategoris]) VALUES (3, 'Smart Watch dhe Aksesore', 'Ore te menqura te markave te ndryshme');
INSERT INTO [dbo].[KategoriaProduktit] ([kategoriaID], [llojiKategoris], [pershkrimiKategoris]) VALUES (4, 'Foto & Video', '');
INSERT INTO [dbo].[KategoriaProduktit] ([kategoriaID], [llojiKategoris], [pershkrimiKategoris]) VALUES (5, 'Audio dhe Kufje', '');
INSERT INTO [dbo].[KategoriaProduktit] ([kategoriaID], [llojiKategoris], [pershkrimiKategoris]) VALUES (6, 'All in One (AiO) PC', '');
INSERT INTO [dbo].[KategoriaProduktit] ([kategoriaID], [llojiKategoris], [pershkrimiKategoris]) VALUES (7, 'TV & Projektor', '');
INSERT INTO [dbo].[KategoriaProduktit] ([kategoriaID], [llojiKategoris], [pershkrimiKategoris]) VALUES (8, 'Maus & Aksesore', '');
INSERT INTO [dbo].[KategoriaProduktit] ([kategoriaID], [llojiKategoris], [pershkrimiKategoris]) VALUES (9, 'Lodra smart & Dron', '');
INSERT INTO [dbo].[KategoriaProduktit] ([kategoriaID], [llojiKategoris], [pershkrimiKategoris]) VALUES (10, 'PjesC+ pC+r kompjuter', 'Pjese te ndryshme per kompjuter, si: Ram, Procesor, GPU etj.');
INSERT INTO [dbo].[KategoriaProduktit] ([kategoriaID], [llojiKategoris], [pershkrimiKategoris]) VALUES (11, 'Wireless Charger', '');
INSERT INTO [dbo].[KategoriaProduktit] ([kategoriaID], [llojiKategoris], [pershkrimiKategoris]) VALUES (12, 'Tablet dhe Aksesore', '');
INSERT INTO [dbo].[KategoriaProduktit] ([kategoriaID], [llojiKategoris], [pershkrimiKategoris]) VALUES (13, 'Paisje Gaming', 'Fanella, Karrige dhe te tjera');
INSERT INTO [dbo].[KategoriaProduktit] ([kategoriaID], [llojiKategoris], [pershkrimiKategoris]) VALUES (14, 'Printer dhe Paisje per Printer', '');
INSERT INTO [dbo].[KategoriaProduktit] ([kategoriaID], [llojiKategoris], [pershkrimiKategoris]) VALUES (15, 'Kabllo te ndryshme & Adapter', '');
INSERT INTO [dbo].[KategoriaProduktit] ([kategoriaID], [llojiKategoris], [pershkrimiKategoris]) VALUES (16, 'Monitor', '');
SET IDENTITY_INSERT [dbo].[KategoriaProduktit] OFF;
INSERT INTO [dbo].[KodiZbritjes] ([kodi], [dataKrijimit], [qmimiZbritjes], [idProdukti]) VALUES ('3PBUDC', '2023-05-07T20:35:45.640Z', 123666, NULL);
INSERT INTO [dbo].[KodiZbritjes] ([kodi], [dataKrijimit], [qmimiZbritjes], [idProdukti]) VALUES ('4YUNOE', '2023-05-07T20:36:01.233Z', 123, 51);
INSERT INTO [dbo].[KodiZbritjes] ([kodi], [dataKrijimit], [qmimiZbritjes], [idProdukti]) VALUES ('S00TQQ', '2023-05-07T20:35:52.027Z', 123, NULL);
SET IDENTITY_INSERT [dbo].[Kompania] ON;
INSERT INTO [dbo].[Kompania] ([kompaniaID], [emriKompanis], [logo], [adresa]) VALUES (1, 'Apple', 'AppleLogo.png', '');
INSERT INTO [dbo].[Kompania] ([kompaniaID], [emriKompanis], [logo], [adresa]) VALUES (2, 'Amd', 'AMDLogo.png', NULL);
INSERT INTO [dbo].[Kompania] ([kompaniaID], [emriKompanis], [logo], [adresa]) VALUES (3, 'Asus', 'AsusLogo.png', NULL);
INSERT INTO [dbo].[Kompania] ([kompaniaID], [emriKompanis], [logo], [adresa]) VALUES (4, 'JBL', 'JBL.png', NULL);
INSERT INTO [dbo].[Kompania] ([kompaniaID], [emriKompanis], [logo], [adresa]) VALUES (5, 'Lenovo', 'Lenovo.png', '');
INSERT INTO [dbo].[Kompania] ([kompaniaID], [emriKompanis], [logo], [adresa]) VALUES (6, 'Logitech', 'Logitech.png', '');
INSERT INTO [dbo].[Kompania] ([kompaniaID], [emriKompanis], [logo], [adresa]) VALUES (7, 'MSI', 'MSI.png', '');
INSERT INTO [dbo].[Kompania] ([kompaniaID], [emriKompanis], [logo], [adresa]) VALUES (8, 'Nvidia', 'Nvidia.png', '');
INSERT INTO [dbo].[Kompania] ([kompaniaID], [emriKompanis], [logo], [adresa]) VALUES (9, 'Razer', 'Razer.png', '');
INSERT INTO [dbo].[Kompania] ([kompaniaID], [emriKompanis], [logo], [adresa]) VALUES (10, 'Samsung', 'SamsungLogo.png', '');
INSERT INTO [dbo].[Kompania] ([kompaniaID], [emriKompanis], [logo], [adresa]) VALUES (11, 'SteelSeries', '63cc8f01dacf35.52923644.png', '');
INSERT INTO [dbo].[Kompania] ([kompaniaID], [emriKompanis], [logo], [adresa]) VALUES (12, 'Thermaltake', '63cc904665b4c8.92639137.png', '');
INSERT INTO [dbo].[Kompania] ([kompaniaID], [emriKompanis], [logo], [adresa]) VALUES (13, 'DJI', '63cc90567d1235.30779652.png', '');
INSERT INTO [dbo].[Kompania] ([kompaniaID], [emriKompanis], [logo], [adresa]) VALUES (14, 'Overmax', '63cc90641f4676.38918423.jpg', '');
INSERT INTO [dbo].[Kompania] ([kompaniaID], [emriKompanis], [logo], [adresa]) VALUES (15, 'G.Skill', '63cc9106dcdca0.15849659.png', '');
INSERT INTO [dbo].[Kompania] ([kompaniaID], [emriKompanis], [logo], [adresa]) VALUES (16, 'Akasa', '63cc916f505f64.49149237.png', '');
INSERT INTO [dbo].[Kompania] ([kompaniaID], [emriKompanis], [logo], [adresa]) VALUES (17, 'Corsair', '63cc919875a410.74994322.png', '');
INSERT INTO [dbo].[Kompania] ([kompaniaID], [emriKompanis], [logo], [adresa]) VALUES (18, 'WD - Western Digital', '63cc923d6652a6.82761403.png', '');
INSERT INTO [dbo].[Kompania] ([kompaniaID], [emriKompanis], [logo], [adresa]) VALUES (19, 'HP', '63cc929ca61d21.63137864.png', '');
INSERT INTO [dbo].[Kompania] ([kompaniaID], [emriKompanis], [logo], [adresa]) VALUES (20, 'Acer', '63cc92dd919978.62580492.png', '');
INSERT INTO [dbo].[Kompania] ([kompaniaID], [emriKompanis], [logo], [adresa]) VALUES (21, 'ZOWIE - BenQ', '63cc933025a1f3.70979396.png', '');
INSERT INTO [dbo].[Kompania] ([kompaniaID], [emriKompanis], [logo], [adresa]) VALUES (22, 'Marvo', '63cc93503bc070.76804317.png', '');
INSERT INTO [dbo].[Kompania] ([kompaniaID], [emriKompanis], [logo], [adresa]) VALUES (23, 'Arctic', '63cc945c98f987.79971283.png', '');
INSERT INTO [dbo].[Kompania] ([kompaniaID], [emriKompanis], [logo], [adresa]) VALUES (24, 'Transcend', '63cc94dc60f873.30313171.png', '');
INSERT INTO [dbo].[Kompania] ([kompaniaID], [emriKompanis], [logo], [adresa]) VALUES (25, 'Dell', '63cc95f0a30e93.21744349.png', '');
INSERT INTO [dbo].[Kompania] ([kompaniaID], [emriKompanis], [logo], [adresa]) VALUES (26, 'Instax', '63eabba55fbfc7.49583109.png', '');
INSERT INTO [dbo].[Kompania] ([kompaniaID], [emriKompanis], [logo], [adresa]) VALUES (27, 'Canon', '63eabbd2c18639.05511269.png', '');
INSERT INTO [dbo].[Kompania] ([kompaniaID], [emriKompanis], [logo], [adresa]) VALUES (28, 'Sony', '63eabc0946e731.30555181.png', '');
INSERT INTO [dbo].[Kompania] ([kompaniaID], [emriKompanis], [logo], [adresa]) VALUES (29, 'SENSE7', '63eabcbde6e353.90404410.jpeg', '');
INSERT INTO [dbo].[Kompania] ([kompaniaID], [emriKompanis], [logo], [adresa]) VALUES (30, 'Preyon', '63eabd4a55ae01.00211971.svg', '');
INSERT INTO [dbo].[Kompania] ([kompaniaID], [emriKompanis], [logo], [adresa]) VALUES (31, 'Gjirafa50', '63f5ea779c6482.16567878.png', '');
INSERT INTO [dbo].[Kompania] ([kompaniaID], [emriKompanis], [logo], [adresa]) VALUES (32, 'Lenuo', '63f5ea98f28fb2.30089124.jpg', '');
INSERT INTO [dbo].[Kompania] ([kompaniaID], [emriKompanis], [logo], [adresa]) VALUES (33, 'Intel', '63f5eaa81a4847.00442944.png', '');
INSERT INTO [dbo].[Kompania] ([kompaniaID], [emriKompanis], [logo], [adresa]) VALUES (34, 'AXAGON', '63f5eab4b1f247.31552576.jpg', '');
INSERT INTO [dbo].[Kompania] ([kompaniaID], [emriKompanis], [logo], [adresa]) VALUES (35, 'FIXED', '63f5ebb63fe7d9.83256153.png', '');
SET IDENTITY_INSERT [dbo].[Kompania] OFF;
SET IDENTITY_INSERT [dbo].[Perdoruesi] ON;
INSERT INTO [dbo].[Perdoruesi] ([userID], [emri], [mbiemri], [email], [username], [AspNetUserID]) VALUES (18, 'Rilind', 'Kyyku', 'rilind.kycyku@gmail.com', 'rkycyku', '82345d9d-a4d0-4076-8d43-f61d63604472');
INSERT INTO [dbo].[Perdoruesi] ([userID], [emri], [mbiemri], [email], [username], [AspNetUserID]) VALUES (19, 'Ilire', 'Jezerci', 'ilire.jezerci@gmail.com', 'ijezerci', '36da09a1-a245-46b2-9a29-08c75ca1b769');
INSERT INTO [dbo].[Perdoruesi] ([userID], [emri], [mbiemri], [email], [username], [AspNetUserID]) VALUES (20, 'Prparim', 'Dardhishta', 'perparim.dardhishta@email.com', 'pdardhishta', '5d42072c-fcb5-4c9b-9c25-a0066c7ff1d9');
INSERT INTO [dbo].[Perdoruesi] ([userID], [emri], [mbiemri], [email], [username], [AspNetUserID]) VALUES (21, 'Arben', 'Hoxha', 'arben.hoxha@gmail.com', 'ahoxha', 'fea15606-dc8f-4b3d-9f6f-5c2ca53aaf9d');
INSERT INTO [dbo].[Perdoruesi] ([userID], [emri], [mbiemri], [email], [username], [AspNetUserID]) VALUES (22, 'Valbona', 'Krasniqi', 'valbona.krasniqi@gmail.com', 'vkrasniqi', '0fe2c1c8-6086-454f-83e8-fadee72336ad');
INSERT INTO [dbo].[Perdoruesi] ([userID], [emri], [mbiemri], [email], [username], [AspNetUserID]) VALUES (23, 'Fatlum', 'Murtezi', 'fatlum.murtezi@gmail.com', 'fmurtezi', '487b813e-11a9-4ab6-9b10-ead71266c288');
INSERT INTO [dbo].[Perdoruesi] ([userID], [emri], [mbiemri], [email], [username], [AspNetUserID]) VALUES (24, 'Luljeta', 'Ibrahimi', 'luljeta.ibrahimi@gmail.com', 'librahimi', '4fcd6f29-950e-43ac-a8ac-936ccc92cabc');
INSERT INTO [dbo].[Perdoruesi] ([userID], [emri], [mbiemri], [email], [username], [AspNetUserID]) VALUES (25, 'Gent', 'Salihi', 'gent.salihi@gmail.com', 'gsalihi', '18c53e36-75a8-42bb-b78a-ea7bec040f86');
INSERT INTO [dbo].[Perdoruesi] ([userID], [emri], [mbiemri], [email], [username], [AspNetUserID]) VALUES (26, 'Shpresa', 'Hoxha', 'shpresa.hoxha@gmail.com', 'shoxha', '6d965852-5dc8-4bd1-b3ed-32f810133da6');
INSERT INTO [dbo].[Perdoruesi] ([userID], [emri], [mbiemri], [email], [username], [AspNetUserID]) VALUES (27, 'Naim', 'Dervishi', 'naim.dervishi@gmail.com', 'ndervishi', '96f706ca-2d28-4e48-80e9-0d03fad60d1a');
INSERT INTO [dbo].[Perdoruesi] ([userID], [emri], [mbiemri], [email], [username], [AspNetUserID]) VALUES (28, 'Zejnullah', 'Kadriu', 'zejnullah.kadriu@gmail.com', 'zkadriu', '6c25088f-7e41-4b73-9380-549d31b14934');
INSERT INTO [dbo].[Perdoruesi] ([userID], [emri], [mbiemri], [email], [username], [AspNetUserID]) VALUES (29, 'Enver', 'Jashari', 'enver.jashari@gmail.com', 'ejashari', '38008392-4173-4525-91f6-1ca31417776c');
INSERT INTO [dbo].[Perdoruesi] ([userID], [emri], [mbiemri], [email], [username], [AspNetUserID]) VALUES (30, 'Adelina', 'Mustafa', 'adelina.mustafa@gmail.com', 'amustafa', '531575ac-afd3-4b81-a981-8cc0b579c28f');
INSERT INTO [dbo].[Perdoruesi] ([userID], [emri], [mbiemri], [email], [username], [AspNetUserID]) VALUES (31, 'Albiona', 'Krasniqi', 'albiona.krasniqi@gmail.com', 'akrasniqi', 'a6ded093-cf79-42e0-b500-58a004892b15');
INSERT INTO [dbo].[Perdoruesi] ([userID], [emri], [mbiemri], [email], [username], [AspNetUserID]) VALUES (32, 'Fitore', 'Bajrami', 'fitore.bajrami@gmail.com', 'fbajrami', '9fd9b11e-440c-4c4f-bb46-06ea5bdd7e75');
INSERT INTO [dbo].[Perdoruesi] ([userID], [emri], [mbiemri], [email], [username], [AspNetUserID]) VALUES (33, 'Dardan', 'Ismaili', 'dardan.ismaili@gmail.com', 'dismaili', '81d433b8-1f64-40ef-9511-6d9dbd56f0cf');
INSERT INTO [dbo].[Perdoruesi] ([userID], [emri], [mbiemri], [email], [username], [AspNetUserID]) VALUES (34, 'Kushtrim', 'Ramadani', 'kushtrim.ramadani@gmail.com', 'kramadani', 'b8461f8d-1c0c-4cfc-8437-5ad1a0c3a42e');
INSERT INTO [dbo].[Perdoruesi] ([userID], [emri], [mbiemri], [email], [username], [AspNetUserID]) VALUES (35, 'Anila', 'Zeqiri', 'anila.zeqiri@gmail.com', 'azeqiri', '7ab40b8b-a135-48c8-97ac-f1870de525c4');
INSERT INTO [dbo].[Perdoruesi] ([userID], [emri], [mbiemri], [email], [username], [AspNetUserID]) VALUES (36, 'Vlora', 'Gashi', 'vlora.gashi@gmail.com', 'vgashi', '606a59d6-8424-438f-a210-2b360b84fb49');
INSERT INTO [dbo].[Perdoruesi] ([userID], [emri], [mbiemri], [email], [username], [AspNetUserID]) VALUES (37, 'Besiana', 'Hajdari', 'besiana.hajdari@gmail.com', 'bhajdari', 'e0f612cd-e026-4335-95e8-f08c148a0f5c');
INSERT INTO [dbo].[Perdoruesi] ([userID], [emri], [mbiemri], [email], [username], [AspNetUserID]) VALUES (38, 'Drenusha', 'Berisha', 'drenusha.berisha@gmail.com', 'dberisha', '873a3d0f-e72c-48c1-8a38-d06bff07c737');
INSERT INTO [dbo].[Perdoruesi] ([userID], [emri], [mbiemri], [email], [username], [AspNetUserID]) VALUES (39, 'Afrim', 'Lleshi', 'afrim.lleshi@gmail.com', 'alleshi', '22bfef71-8cab-4d15-af26-ab4bc6110222');
INSERT INTO [dbo].[Perdoruesi] ([userID], [emri], [mbiemri], [email], [username], [AspNetUserID]) VALUES (40, 'Drita', 'Shala', 'drita.shala@gmail.com', 'dshala', '524411b2-2789-4c02-9c0b-c227b742d6ed');
INSERT INTO [dbo].[Perdoruesi] ([userID], [emri], [mbiemri], [email], [username], [AspNetUserID]) VALUES (41, 'Vlera', 'Bajrami', 'vlera.bajrami@gmail.com', 'vbajrami', 'beea69a5-cb0f-41a4-85c2-50fd5e1dad11');
INSERT INTO [dbo].[Perdoruesi] ([userID], [emri], [mbiemri], [email], [username], [AspNetUserID]) VALUES (42, 'Valdrin', 'Berisha', 'valdrin.berisha@gmail.com', 'vberisha', '141ee1b9-f205-4cdb-bf60-1923366fdba8');
INSERT INTO [dbo].[Perdoruesi] ([userID], [emri], [mbiemri], [email], [username], [AspNetUserID]) VALUES (43, 'Emina', 'Mustafa', 'emina.mustafa@gmail.com', 'emustafa', '687204c7-2a82-46cc-95d6-fcdeaee48e18');
INSERT INTO [dbo].[Perdoruesi] ([userID], [emri], [mbiemri], [email], [username], [AspNetUserID]) VALUES (44, 'Rron', 'Hajdari', 'rron.hajdari@gmail.com', 'rhajdari', '3043b855-1536-4325-8e23-223355983231');
INSERT INTO [dbo].[Perdoruesi] ([userID], [emri], [mbiemri], [email], [username], [AspNetUserID]) VALUES (45, 'Blerta', 'Krasniqi', 'blerta.krasniqi@gmail.com', 'bkrasniqi', '68346e99-7a27-434b-b15b-4e2a1d8146d8');
INSERT INTO [dbo].[Perdoruesi] ([userID], [emri], [mbiemri], [email], [username], [AspNetUserID]) VALUES (46, 'Fidan', 'Kadriu', 'fidan.kadriu@gmail.com', 'fkadriu', '9922d8bc-e3e9-40cf-82fc-bb096d4f2fe2');
INSERT INTO [dbo].[Perdoruesi] ([userID], [emri], [mbiemri], [email], [username], [AspNetUserID]) VALUES (47, 'Ardit', 'Rexhepi', 'ardit.rexhepi@gmail.com', 'arexhepi', 'ed78a52a-167d-4d20-852e-257dc41408ea');
INSERT INTO [dbo].[Perdoruesi] ([userID], [emri], [mbiemri], [email], [username], [AspNetUserID]) VALUES (48, 'Lindita', 'Basha', 'lindita.basha@gmail.com', 'lbasha', '09e7e384-1597-4b58-be8d-e500983b7e6a');
INSERT INTO [dbo].[Perdoruesi] ([userID], [emri], [mbiemri], [email], [username], [AspNetUserID]) VALUES (49, 'Florin', 'Krasniqi', 'florin.krasniqi@gmail.com', 'fkrasniqi', '288577bc-9274-4223-b579-b490ee1f38e2');
INSERT INTO [dbo].[Perdoruesi] ([userID], [emri], [mbiemri], [email], [username], [AspNetUserID]) VALUES (50, 'Erza', 'Hajdari', 'erza.hajdari@gmail.com', 'ehajdari', '922df69c-2db5-4ce7-a63c-c373e2899678');
INSERT INTO [dbo].[Perdoruesi] ([userID], [emri], [mbiemri], [email], [username], [AspNetUserID]) VALUES (51, 'Besa', 'Bajrami', 'besa.bajrami@gmail.com', 'bbajrami', 'cf6b526b-d436-4bae-ba4e-29d5567e9275');
INSERT INTO [dbo].[Perdoruesi] ([userID], [emri], [mbiemri], [email], [username], [AspNetUserID]) VALUES (52, 'Liridona', 'Hajdari', 'liridona.hajdari@gmail.com', 'lhajdari', '851fb44f-4776-4efa-9005-6334cd0ce0b2');
SET IDENTITY_INSERT [dbo].[Perdoruesi] OFF;
SET IDENTITY_INSERT [dbo].[Porosit] ON;
SET IDENTITY_INSERT [dbo].[Porosit] OFF;
SET IDENTITY_INSERT [dbo].[Produkti] ON;
INSERT INTO [dbo].[Produkti] ([produktiID], [emriProduktit], [pershkrimi], [fotoProduktit], [kompaniaID], [kategoriaID]) VALUES (1, 'Laptop ASUS TUF Gaming F15 (2021), 15.6"', 'Ky laptop sht i pajisur me karakteristika t shklqyeshme. Ai mundsohet nga nj procesor 6-core Intel Core i5 11400H q funksionon me nj frekuenc 2.7 GHz deri n 4.5 GHz. Procesori plotsohet me 16 GB DDR4 SODIMM (slot). Hard disku 512 GB SSD M.2 PCIe NVMe shrben pr t dhnat. Disku optik mungon. T dhnat e figurs pr ekranin 15.6 " IPS me rezolucion 1920 x 1080 (Full HD) piksel jan siguruar nga kartela grafike NVIDIA GeForce RTX 3050Ti. Prej ndrfaqeve prfshin HDMI 2.0, mbshtetje DisplayPort, RJ-45, 3 porte USB 3.0/3.1/3.2 Gen 1 Type-A dhe 1x Thunderbolt 4/USB4. Poashtu, laptopi mbshtet standardet Wi-Fi a / b / g / n / ac / ax dhe Bluetooth v5.2. Lloji i karts s rrjetit GLAN, WLAN. Ndr karakteristikat e tjera laptopi ka nj tastier me ndriim dhe me taste numerike. Poashtu, prfshihen 2 altoparlant 2W. Bateria ka kapacitet 3-cell, 48Wh. Fuqia maksimale e furnizimit me energji 180 W. Laptopi vjen me sistemin operativ Windows 11 Home.', '63e90dd68362c0.14152620.webp', 3, 2);
INSERT INTO [dbo].[Produkti] ([produktiID], [emriProduktit], [pershkrimi], [fotoProduktit], [kompaniaID], [kategoriaID]) VALUES (2, 'Laptop Razer Blade 15 Advanced Model', '', '63d055e0c57d81.05756611.webp', 9, 2);
INSERT INTO [dbo].[Produkti] ([produktiID], [emriProduktit], [pershkrimi], [fotoProduktit], [kompaniaID], [kategoriaID]) VALUES (3, 'Celular Samsung Galaxy S22 Ultra, 6.8", 12GB RAM, 512GB, i zi', 'Dizajni i holl dhe elegant i Galaxy S22 Ultra fsheh fotografi t pafundme ditn dhe natn, nj studio pune profesionale dhe veori novatore q ju mbajn larg duarve. ipi grafik prdor arkitekturn e avancuar RDNA 2 t AMD dhe teknologjin Ray Tracing pr t ofruar nj prvoj vizuale t nivelit t lart me ndriim realist t skens. Me nj maksimum verbues prej 1750 nits, Galaxy S22 Ultra sht nj nga telefonat m t ndritshm nga Samsung ndonjher dhe ekran Dynamic AMOLED 2X me Vision Booster, bllokon n mnyr efektive shklqimin e bezdisshm n ekran. Kamera e pasme ka nj rezolucion prej 108 + 12 + 10 + 10 Mpx, kurse kamera e prparme 40 Mpx.', '63d055e915be98.37912983.webp', 10, 1);
INSERT INTO [dbo].[Produkti] ([produktiID], [emriProduktit], [pershkrimi], [fotoProduktit], [kompaniaID], [kategoriaID]) VALUES (4, 'Lenovo NB IdeaPad 3 15ALC6', '', '63d055f15d73c8.42300026.webp', 5, 2);
INSERT INTO [dbo].[Produkti] ([produktiID], [emriProduktit], [pershkrimi], [fotoProduktit], [kompaniaID], [kategoriaID]) VALUES (5, 'Lenovo ThinkPad P14s Gen 3 (AMD), 14", AMD Ryzen 7 Pro, 32GB RAM, 1TB SSD, AMD Radeon 680M, i zi', '', '63d055feb6ffa9.20196181.webp', 5, 2);
INSERT INTO [dbo].[Produkti] ([produktiID], [emriProduktit], [pershkrimi], [fotoProduktit], [kompaniaID], [kategoriaID]) VALUES (6, 'Maus pad SteelSeries QcK Heavy M', '', '63d05608dd9912.15133010.webp', 11, 8);
INSERT INTO [dbo].[Produkti] ([produktiID], [emriProduktit], [pershkrimi], [fotoProduktit], [kompaniaID], [kategoriaID]) VALUES (7, 'Maus pad SteelSeries QcK Edge XL', '', '63d0561088af36.99850110.webp', 11, 8);
INSERT INTO [dbo].[Produkti] ([produktiID], [emriProduktit], [pershkrimi], [fotoProduktit], [kompaniaID], [kategoriaID]) VALUES (8, 'Dron DJI Ryze Tello ED', '', '63d0561af0d506.97064987.webp', 13, 9);
INSERT INTO [dbo].[Produkti] ([produktiID], [emriProduktit], [pershkrimi], [fotoProduktit], [kompaniaID], [kategoriaID]) VALUES (9, 'Dron Overmax X-Bee, 600 m, i zi', '', '63d056224fcfd5.12230564.webp', 14, 9);
INSERT INTO [dbo].[Produkti] ([produktiID], [emriProduktit], [pershkrimi], [fotoProduktit], [kompaniaID], [kategoriaID]) VALUES (10, 'Dron DJI Mavic 3 Classic (DJI RC)(EU)', 'Mavic 3 Classic me performanc t lart fluturimi dhe nj kamer Hasselblad prfaqson cilsin m t lart t imazhit. Pr t kapur ngjyrat natyrale t Mavic 3 Classic si kamerat e tjera Hasselblad, lentja L2D-20c prdor t njjtat standarde krkuese dhe ka kalibruar do piksel sensori me HNCS t integruar. Modaliteti video Night Images optimizon fotot n drit t ult, t tilla si perndimet dhe lindjet e diellit, dhe redukton zhurmn pr shkrepje m t pastra. Kjo jo vetm q e bn m t leht fluturimin n distanca t gjata, por gjithashtu ndihmon n reduktimin e lkundjeve manuale dhe siguron lvizje m t qet t kamers. Mavic 3 Classic mund t fluturoj n nj lartsi t caktuar dhe m pas t gjej nj rrug t sigurt dhe efikase t kthimit n pikn e tij fillestare, duke kombinuar avantazhet e RTH t avancuar dhe RTH tradicionale dhe duke i lejuar prdoruesit t zgjedhin opsionin m t mir sipas mjedisit.', '63d0562b618d48.16102205.webp', 13, 9);
INSERT INTO [dbo].[Produkti] ([produktiID], [emriProduktit], [pershkrimi], [fotoProduktit], [kompaniaID], [kategoriaID]) VALUES (11, 'Kas Thermaltake Core P3, e bardh', 'Core P3 TG sht nj kas me korniz t hapur me aftsi t jashtzakonshme shikimi. Paneli i prparm i xhamit t kalbur me trashsi 5 mm garanton qndrueshmrin e dritares dhe e shfaq ndrtimin tuaj me qartsi t qart. Prdoruesit mund t shikojn plotsisht do komponent t sistemit dhe t tregojn prkushtimin dhe grupin e aftsive t tyre. Kasa sht e prshtatshme me pllakat am ATX, Micro ATX (uATX), Mini ITX. Mund t instaloni kart grafike me gjatsi maksimale 45cm. N panelin e prparm kasa ka 2x USB 2.0, 2x USB 3.0, lidhs pr kufje dhe mikrofon.', '63d056323276c7.81542918.webp', 12, 10);
INSERT INTO [dbo].[Produkti] ([produktiID], [emriProduktit], [pershkrimi], [fotoProduktit], [kompaniaID], [kategoriaID]) VALUES (12, 'Flutur ftohse Arctic P14 PWM - 140 mm', '', '63d0563b7f0dd0.69298527.webp', 23, 10);
INSERT INTO [dbo].[Produkti] ([produktiID], [emriProduktit], [pershkrimi], [fotoProduktit], [kompaniaID], [kategoriaID]) VALUES (13, 'Memorie G. Skill DDR4, 8 GB, 2400 MHz, CL17', 'Memoria e till G.Skill RAM prej 8 GB do t garantoj komoditet t lart prdorimi pr shum aplikacione. Njerzit q presin performanc maksimale dhe kursime t larta t energjis duhet t arrijn te memoria DDR4. Nj memorie e till do tju lejoj t argtoheni me performanc t shklqyer t operimit. Nse kompjuteri ngadalsohet pas njfar kohe, do t jet e mundur t zgjerohet memoria RAM. Vonesa CL17 do tju lejoj t punoni rehat me programet e zyrs, si dhe me shum lojra krkuese. Tensioni prej 1.2 V fuqizon ipat e memories DDR4, q do t thot 20% konsum m t ult t energjis n krahasim me DDR3 dhe gjersi bande m t lart. Ky variant do t jet nj zgjidhje perfekte pr prdoruesit q presin pun t rehatshme dhe, n t njjtn koh, kursime t larta t energjis.', '63d056492e89d5.21517717.webp', 15, 10);
INSERT INTO [dbo].[Produkti] ([produktiID], [emriProduktit], [pershkrimi], [fotoProduktit], [kompaniaID], [kategoriaID]) VALUES (14, 'SSD Transcend MTE220S, M.2 - 256GB', '', '63d0567a1432f3.30627468.webp', 24, 10);
INSERT INTO [dbo].[Produkti] ([produktiID], [emriProduktit], [pershkrimi], [fotoProduktit], [kompaniaID], [kategoriaID]) VALUES (15, 'Ftohs Akasa DDR, aRGB LED, pasiv (AK-MX248)', '', '63d05689da6022.83633684.webp', 16, 10);
INSERT INTO [dbo].[Produkti] ([produktiID], [emriProduktit], [pershkrimi], [fotoProduktit], [kompaniaID], [kategoriaID]) VALUES (16, 'Prshtats i brendshm Akasa AK-CBUB37-50BK', '', '63d056a353ba19.29349886.webp', 16, 15);
INSERT INTO [dbo].[Produkti] ([produktiID], [emriProduktit], [pershkrimi], [fotoProduktit], [kompaniaID], [kategoriaID]) VALUES (17, 'Ftohs Corsair ML120 PRO RGB, 120mm', '', '63d056ab22eb80.78302695.webp', 17, 10);
INSERT INTO [dbo].[Produkti] ([produktiID], [emriProduktit], [pershkrimi], [fotoProduktit], [kompaniaID], [kategoriaID]) VALUES (18, 'Past Arctic MX-4 2019 (4g)', '', '63d056b3c3cc68.15404951.webp', 23, 10);
INSERT INTO [dbo].[Produkti] ([produktiID], [emriProduktit], [pershkrimi], [fotoProduktit], [kompaniaID], [kategoriaID]) VALUES (19, 'Hard disk SSD WD Green SATA III - 240GB 3D NAND', 'WD Green sht hard disk SSD pr kompjuter apo laptop q ju sjell performanc t shpejt t transferimit t t dhnave dhe ruajtjes s tyre me siguri t plot. Luajtja e videolojrave, qasja n internet apo ndezja e sistemit operativ arrihen disa her m shpejt sesa hard disqet HDD. Aksesori vjen me kapacitet prej 240GB, mund t lidhet me kompjuter nprmjet platforms SATA III 6 Gb / s dhe sht ndrtuar pr konsumim t ult t energjis dhe operim afatgjat. Formati i produktit sht 2.5" dhe mund t arrij deri n 545 MB / s shpejtsi.', '63d056bd110280.38041391.webp', 23, 10);
INSERT INTO [dbo].[Produkti] ([produktiID], [emriProduktit], [pershkrimi], [fotoProduktit], [kompaniaID], [kategoriaID]) VALUES (20, 'Kompjuter AIO Acer Veriton Essential Z (EZ2740G),23.8", Intel Core i5-1135G7, 8 GB DDR4, 512GB SSD, Intel UHD Graphics, i argjendt', '', '63d056c7197425.11040451.webp', 20, 6);
INSERT INTO [dbo].[Produkti] ([produktiID], [emriProduktit], [pershkrimi], [fotoProduktit], [kompaniaID], [kategoriaID]) VALUES (21, 'Kompjuter Dell Inspiron 24 (5415), 23.8 ", AMD Ryzen 5, 16GB RAM, 256GB SSD, 1TB HDD, AMD Radeon Graphics, i bardh', '', '63d056d11496d3.86492053.webp', 25, 6);
INSERT INTO [dbo].[Produkti] ([produktiID], [emriProduktit], [pershkrimi], [fotoProduktit], [kompaniaID], [kategoriaID]) VALUES (22, 'Kompjuter HP ENVY 34-c1001nc, 34", Intel Core i7, 32GB RAM, 1TB SSD, NVIDIA GeForce RTX 3060, i argjendt', '', '63d056dd5bc157.84233223.webp', 19, 6);
INSERT INTO [dbo].[Produkti] ([produktiID], [emriProduktit], [pershkrimi], [fotoProduktit], [kompaniaID], [kategoriaID]) VALUES (23, 'Apple iMac 24", M1 8-core, 8GB, 256GB, 8-core GPU, Green', 'IMac i ri sht nj hap i madh prpara n ekosistemin e ri t Apple me prdorimin e platforms s fuqishme M1, i cili ka nj performanc t shklqyeshme n nj dizajn t ri me teknologji t leht pr tu prdorur. Pikrisht at q prisni nga nj iMac i ri.rnrnPoashtu, ky kompjuter posedon nj ekran Apple iMac 24 4.5K Retina AiO me diagonale 24" dhe nj rezolucion 4.5K prej 4480  2520 piksel. Performanca e tij sht e ndrtuar n nj procesor 8-brthamor Apple M1 me GPU 8-brtham dhe 16-core Neural Engine dhe gjithashtu prfshin 8 GB RAM. Ndrsa, pr sistemin, t dhnat dhe aplikacionin jan t dizajnuara 256 GB SSD, kamera t integruar FaceTime HD 1080p dhe WiFi pr komunikim wireless Gigabit Ethernet, duke prfshir Bluetooth 5.0 2x Thunderbolt 4 / Type-C. Prve ksaj, Apple iMac 24 "4.5K Retina M1 posedon 2 porte USB Type-C 3.1 / 3.2 Gen 2 dhe 3.5 mm pr kufje, si dhe operon me sistemin operativ Big Sur.', '63d056e8dc0484.98868210.webp', 1, 6);
INSERT INTO [dbo].[Produkti] ([produktiID], [emriProduktit], [pershkrimi], [fotoProduktit], [kompaniaID], [kategoriaID]) VALUES (24, 'Projektor Acer C202i', 'The Acer C202i projector offers high-quality visual performance with 300 lumens and 5000:1 contrast ratio using DLP technology for 3D viewing, smooth video, and high color contrast. It has an HDMI port for quick and convenient connection to various high-resolution sources, a built-in USB port for external media players, and can project at a short distance of 0.73 meters with a WVGA resolution of 854x480 and a 16:9 aspect ratio. The projector has a lamp life of up to 30,000 hours in Eco mode, with a 1x2W internal speaker and an integrated battery for up to 5 hours of operation. It also features USB, HDMI, and 3.5mm Jack interfaces.', '63d056f36c8ac5.29677040.webp', 20, 7);
INSERT INTO [dbo].[Produkti] ([produktiID], [emriProduktit], [pershkrimi], [fotoProduktit], [kompaniaID], [kategoriaID]) VALUES (25, 'Maus ZOWIE by BenQ S1,i zi', '', '63d056fddef055.63527829.webp', 21, 8);
INSERT INTO [dbo].[Produkti] ([produktiID], [emriProduktit], [pershkrimi], [fotoProduktit], [kompaniaID], [kategoriaID]) VALUES (26, 'Maus Marvo M720W, i zi', '', '63d057056d4e38.57263102.webp', 22, 8);
INSERT INTO [dbo].[Produkti] ([produktiID], [emriProduktit], [pershkrimi], [fotoProduktit], [kompaniaID], [kategoriaID]) VALUES (27, 'Apple MacBook Pro 16", M2 Max 12-Core, 32GB, 1TB, 38-Core GPU, Silver', 'Performanca e prshtatur pr profesionistt. MacBook Pro 16 M2 Max i ri vjen me nj ekran 16" dhe performanca e tij i shtyn kufijt imagjinar n nj nivel t ri. Arkitektura e prmirsuar ndjeshm e M2 Max thjesht ka fuqi brutale pr t gjitha idet tuaja krijuese. Dhe ajo q vreni n shikim t par sht dizajn elegant me theks n cilsin e prpunimit.', '63d05c06aa8757.25439961.webp', 1, 2);
INSERT INTO [dbo].[Produkti] ([produktiID], [emriProduktit], [pershkrimi], [fotoProduktit], [kompaniaID], [kategoriaID]) VALUES (28, 'Kufje Logitech G432, t zeza', 'Kufje t fuqishme por shum t rehatshme 50mm. X 2.0 mbshtetja e zrit shtes e gjenerats s ardhshme. Dizajnuar pr prdorim me t gjitha platformat e lojrave dhe pajisjet mobile, USB DAC dhe lidhs 3.5mm. Ata jan n prputhje me PC, Mac, PS4, Xbox One, Nintendo Switch dhe gjithashtu me pajisje t lvizshme. Mikrofoni 6mm me funksionin "mute". 107 dB ndjeshmri SPL / MW. Prgjigjja frekuencore 20 - 20,000 Hz. Impedanc 39 Ohm (pasive), 5 kiloohm (aktive). Gjatsia e kabllit 2 m. T lehta me pesh prej 303 g (me kabllo). Prmasat 172 x 81.7 x 182 mm.', '63eab827ba77c4.71044525.webp', 6, 15);
INSERT INTO [dbo].[Produkti] ([produktiID], [emriProduktit], [pershkrimi], [fotoProduktit], [kompaniaID], [kategoriaID]) VALUES (29, 'Hard disk Samsung SSD 970 EVO PLUS, M.2 - 250GB', '', '63eab84858c8d7.45002641.webp', 10, 10);
INSERT INTO [dbo].[Produkti] ([produktiID], [emriProduktit], [pershkrimi], [fotoProduktit], [kompaniaID], [kategoriaID]) VALUES (30, 'Disk portativ WD Elements, 2TB, i zi', 'WD Elements ofron nj hard disk portativ dhe modern. Me kapacitet 2 TB dhe pesh t leht (vetm 230 gram), ofron shum hapsir pr nj sr t dhnash. Pjesa e tij prbrse sht nj mbules e fort, duke e br diskun m rezistent ndaj dmtimit. Ruajtja mbshtet pa probleme pajisjet e fundit USB 3.0 dhe gjithashtu sht i pajtueshm me kompjutert USB 2.0. Pajisja n modalitetin USB 3.0 transferon deri n 5 Gb / s, nse e lidhni at me nj kompjuter q mbshtet USB 2.0, do t duhet t jeni m i ngadalt, por gjithsesi i mjaftueshm i shpejt maksimal teorik deri n 480 Mb / s. Disku sht i formatuar nga fabrika me NTFS dhe sht n prputhje me Windows 8, Windows 7, Windows Vista dhe Windows XP. Ato mund t riformatohen pa vshtirsi pr sistemet Mac. Kjo bn t mundur q pronart e kompjuterave me sisteme t ndryshme operative t prdorin diskun. Dimensionet e tij jan 21 x 111 x 82mm.', '63eab88a9bae20.95606749.webp', 18, 10);
INSERT INTO [dbo].[Produkti] ([produktiID], [emriProduktit], [pershkrimi], [fotoProduktit], [kompaniaID], [kategoriaID]) VALUES (31, 'Disk i jashtm Transcend Jet 25H3B, 1 TB, i zi / kaltr', '', '63eab963cfcf35.02921447.webp', 24, 10);
INSERT INTO [dbo].[Produkti] ([produktiID], [emriProduktit], [pershkrimi], [fotoProduktit], [kompaniaID], [kategoriaID]) VALUES (32, 'Apple MacBook Pro 16.2", M1 Max 10-core, 32GB, 1TB, 32-core GPU, Silver', '', '63eab99c203254.93655263.webp', 1, 2);
INSERT INTO [dbo].[Produkti] ([produktiID], [emriProduktit], [pershkrimi], [fotoProduktit], [kompaniaID], [kategoriaID]) VALUES (33, 'Apple iPhone 11, 64GB, Black', '', '63eab9e5b821b1.87284331.webp', 1, 1);
INSERT INTO [dbo].[Produkti] ([produktiID], [emriProduktit], [pershkrimi], [fotoProduktit], [kompaniaID], [kategoriaID]) VALUES (34, 'Apple Magic Mouse (2022), Black Multi - Touch Surface', '', '63eab9ff27af71.66828407.webp', 1, 8);
INSERT INTO [dbo].[Produkti] ([produktiID], [emriProduktit], [pershkrimi], [fotoProduktit], [kompaniaID], [kategoriaID]) VALUES (35, 'Celular Samsung Galaxy A23 5G, 6.6" FHD+, 4GB RAM, 128GB, i kaltr', 'This is a mobile phone with a 6.6" Full HD+ display and a 120 Hz refresh rate. It has a 50 MPx camera, an ultra-wide-angle lens, macro and depth sensors, and an 8 MPx front camera. It is powered by a Qualcomm Snapdragon 695 processor with 8 cores and 4 GB RAM, and has 128 GB of storage with the option to add up to 1 TB with a micro SD card. It supports LTE, Wi-Fi, Bluetooth v5.1, 5G, NF, GPS, BeiDou, QZSS, GLONASS, and Galileo. It runs on Android OS, has a 5000 mAh battery with Super Fast Charging 25W, and weighs 197 g with dimensions of 165.4 x 76.9 x 8.4 mm.', '63eaba204edb24.98379543.webp', 10, 1);
INSERT INTO [dbo].[Produkti] ([produktiID], [emriProduktit], [pershkrimi], [fotoProduktit], [kompaniaID], [kategoriaID]) VALUES (36, 'Apple Watch SE2 GPS 44mm, Midnight Aluminium Case me Midnight Sport Band, Regular', '', '63eaba4ebf5fb1.84174295.webp', 1, 3);
INSERT INTO [dbo].[Produkti] ([produktiID], [emriProduktit], [pershkrimi], [fotoProduktit], [kompaniaID], [kategoriaID]) VALUES (37, 'Fotoaparat momental Fujifilm Instax Mini 90, i zi', '', '63eabd7f7f4296.27491084.webp', 26, 4);
INSERT INTO [dbo].[Produkti] ([produktiID], [emriProduktit], [pershkrimi], [fotoProduktit], [kompaniaID], [kategoriaID]) VALUES (38, 'Printer Canon PIXMA TS3150, i zi', 'Printeri CANON PIXMA TS3150 sht zgjidhja ideale pr printim dhe skanim n zyrn apo shtpin tuaj. Pjest prbrse t printerit prfshijn printimin me rezolucion 4800 x 1200 dpi, portin USB 2.0, teknologjin Wi-Fi dhe ka madhsi 435  316  145 mm. Fal lidhjes me WI-FI ju mund t printoni edhe nga telefont tuaj qoft ai Android apo IOS. N pako prfshihet : PG-545 (i zi ) CL-546 (me ngjyr ) PG-545XL (i zi ) - opsional CL-546XL (me ngjyr ) - opsional', '63eabdbea539b0.78235909.webp', 27, 14);
INSERT INTO [dbo].[Produkti] ([produktiID], [emriProduktit], [pershkrimi], [fotoProduktit], [kompaniaID], [kategoriaID]) VALUES (39, 'Kufje Sony MDR-RF895RK, t zeza, III', '', '63eabdd87c2561.68876767.webp', 28, 5);
INSERT INTO [dbo].[Produkti] ([produktiID], [emriProduktit], [pershkrimi], [fotoProduktit], [kompaniaID], [kategoriaID]) VALUES (40, 'Kontroller Sony Playstation 5 DualSense', '', '63eabe14e6ab51.91700813.webp', 28, 13);
INSERT INTO [dbo].[Produkti] ([produktiID], [emriProduktit], [pershkrimi], [fotoProduktit], [kompaniaID], [kategoriaID]) VALUES (41, 'Karrige SENSE7 Knight, e zez', '', '63eabe31db73d8.09365222.webp', 29, 13);
INSERT INTO [dbo].[Produkti] ([produktiID], [emriProduktit], [pershkrimi], [fotoProduktit], [kompaniaID], [kategoriaID]) VALUES (42, 'Maus Preyon Owl Wireless (POW35B)', 'Mouse Preyon Owl sht mouse gaming pa kabllo, mirpo asgj nuk pengon lidhjen e tij me nj kabllo. Nse bateria harxhohet, vetm lidheni dhe mund t vazhdoni prdorimin e tij. Me 50milion klikime n prdorimin e ktij mausi q tregon pr sigurin q jepet kualitetit t ktij mausi. Me butona shtes shum leht kontrolloni vlerat DPI dhe frekuencn e prdorur. Me LED q tregojn vlern e selektuar leht.', '63eabe5a5852e1.52076563.webp', 30, 8);
INSERT INTO [dbo].[Produkti] ([produktiID], [emriProduktit], [pershkrimi], [fotoProduktit], [kompaniaID], [kategoriaID]) VALUES (43, 'Apple 10.9-inch iPad (10th) Wi-Fi, 64GB, Silver', '', '63eabe72174975.16788497.webp', 1, 12);
INSERT INTO [dbo].[Produkti] ([produktiID], [emriProduktit], [pershkrimi], [fotoProduktit], [kompaniaID], [kategoriaID]) VALUES (44, 'Apple MagSafe Duo Charger', '', '63eabe936e0523.11456101.webp', 1, 11);
INSERT INTO [dbo].[Produkti] ([produktiID], [emriProduktit], [pershkrimi], [fotoProduktit], [kompaniaID], [kategoriaID]) VALUES (45, 'Apple AirPods (3rd generation) with Lightning Charging Case', N'AirPods jan t lehta dhe ofrojn nj dizajn t konturuar. Mikrofonat me pamje nga brenda zbulojn at q po dgjoni, m pas rregullojn frekuencat e rangut t ult dhe t mesm pr t ofruar detaje t pasura n do kng.rnrnAirPods kan nj jetgjatsi shtes t bateris n krahasim me AirPods (gjenerata e dyt) deri n 6 or koh dgjimi dhe deri n 4 or koh bisede. Dhe me kutin e karikimit Lightning, mund t shijoni deri n 30 or koh totale t dgjimit. Si AirPods ashtu edhe kasa e karikimit t Rrufes jan vlersuar me IPX4 rezistente ndaj ujit  kshtu q do t prballojn do gj, nga shiu deri tek strvitjet e rnda.', '63eabeae767761.75083362.webp', 1, 5);
INSERT INTO [dbo].[Produkti] ([produktiID], [emriProduktit], [pershkrimi], [fotoProduktit], [kompaniaID], [kategoriaID]) VALUES (46, 'Karrige SENSE7 Spellcaster, e zez/e kaltr', 'Karrigia SENSE7 Spellcaster ka nj form q i prshtatet lakimit natyror t shtylls kurrizore dhe, si rezultat, siguron pozicionin e duhur prpara kompjuterit kur jeni duke luajtur ose duke punuar. Ajo plotsohet nga nj mbushje sfungjer me dendsi optimale, e cila prshtatet me trupin dhe siguron rehati. sht projektuar pr njerzit me pesh maksimale 150 kg. Karrigia peshon 17.5kg.', '63f23b534f5c52.87433500.webp', 29, 13);
INSERT INTO [dbo].[Produkti] ([produktiID], [emriProduktit], [pershkrimi], [fotoProduktit], [kompaniaID], [kategoriaID]) VALUES (47, 'Kamer Logitech StreamCam C980, e hirt', 'Kjo sht nj kamer transmetimi me cilsi t lart. Ajo ofron nj cilsi maksimale t regjistrimit prej 1080p n 60 korniza pr sekond. Ajo prdor ndrfaqen USB 3.2 Gen 1 lloji C pr tu lidhur me pajisjen. sht e pajisur me nj lente f / 2.0 me nj gjatsi fokale prej 3.7 mm dhe nj fush shikimi prej 78  (diagonale). Ofron autofokus n nj distanc prej 10 cm deri n pafundsi. Ka nj mikrofon t dyfisht gjithprfshirs t integruar me funksion t zvoglimit t zhurms. Gjatsia e kabllos sht 1.5 m. Paketa prfshin nj mbajts pr vendosjen e saj n monitor dhe nj mbajts statik.', '63f5de70338ea0.03180620.webp', 6, 4);
INSERT INTO [dbo].[Produkti] ([produktiID], [emriProduktit], [pershkrimi], [fotoProduktit], [kompaniaID], [kategoriaID]) VALUES (48, 'Altoparlant JBL CLIP 4, i kaltr i hapur', 'Altoparlant unik portativ me fuqi dalse 5 W RMS, prgjigje frekuence prej 100 Hz deri 20 kHz, raport sinjal-zhurm > 85 dB, teknologji Bluetooth 5.1. Bateria e tij polimer litium-jon karikohet pr 3 or dhe zgjat deri n 10 or. Prmasat e altoparlantit jan: 86.3 x 134.5 x 46 mm, pesha 239 g.', '63f5deb8055346.05332264.webp', 4, 5);
INSERT INTO [dbo].[Produkti] ([produktiID], [emriProduktit], [pershkrimi], [fotoProduktit], [kompaniaID], [kategoriaID]) VALUES (49, 'Ngjyr pr printer Canon PGI-571, e kaltrt', 'Ngjyra e kaltr Canon CLI-571 sht n prputhje me printera Canon PIXMA MG5750, MG5751, MG5752, MG5753, MG6850, MG6851, MG6852, MG6853, MG7750, MG7751, MG7752, MG7753. Kjo ngjyr ka nj vllim prej 7 ml.', '63f5df0fe61cf8.49070509.webp', 27, 14);
INSERT INTO [dbo].[Produkti] ([produktiID], [emriProduktit], [pershkrimi], [fotoProduktit], [kompaniaID], [kategoriaID]) VALUES (50, 'Maus Razer Pro Click, i bardh', 'Ky sht nj maus wireless i krijuar pr prdoruesit e djatht. Mausi ka lidhs USB, 8 butona dhe nj rrot mekanike. Ai ka teknologji wireless Bluetooth, sensor optik dhe ndjeshmri maksimale 16,000 DPI.', '63f5e0272928f8.99239124.webp', 9, 8);
INSERT INTO [dbo].[Produkti] ([produktiID], [emriProduktit], [pershkrimi], [fotoProduktit], [kompaniaID], [kategoriaID]) VALUES (51, 'Karikues Samsung EP-TA12 pr Samsung micro USB, i zi', '', '63f5e741d05b48.11483682.webp', 10, 15);
INSERT INTO [dbo].[Produkti] ([produktiID], [emriProduktit], [pershkrimi], [fotoProduktit], [kompaniaID], [kategoriaID]) VALUES (52, 'Apple 20W USB-C Power Adapter', 'Ky sht nj karikues i fuqishm 20W, i cili prdoret pr karikim t shpejt dhe efikas n shtpi, n zyr dhe gjat lvizjes. sht i pajtueshm me do pajisje USB-C, por pr nj performanc optimale t karikimit, Apple rekomandon prdorimin e tij me iPad Pro 11'' ose iPad Pro 12,9'' (gjenerata e tret). Ai gjithashtu mbshtet karikimin e shpejt t iPhone 8.', '63f5e7a904efe1.07954376.webp', 1, 15);
INSERT INTO [dbo].[Produkti] ([produktiID], [emriProduktit], [pershkrimi], [fotoProduktit], [kompaniaID], [kategoriaID]) VALUES (53, 'Gjirafa50 Bad News Eagles Jersey (Rio Edition) - XXL', 'Ndjeni emocionin e kualifikimit t dyt n Major me fanelln e Rio Edition t Bad News Eagles.rnrnKjo fanell e cilsis s lart me dizajn modern, e krijuar posarisht pr lojtart pasionant t sporteve elektronike, sht krijuar me krenari krahas Gjirafa50.rnrnNgjyra e saj kryesore sht e gjelbr, e njohur si ngjyra dominuese e flamurit kombtar t Brazilit.rnrnFanella ka logon e personalizuar t ekipit BNE dhe sht prej 100% poliestr.', '63f5ec27d0f672.76058981.webp', 31, 13);
INSERT INTO [dbo].[Produkti] ([produktiID], [emriProduktit], [pershkrimi], [fotoProduktit], [kompaniaID], [kategoriaID]) VALUES (54, 'Gjirafa50 Bad News Eagles Jersey Legends Edition - L', 'Ndjeni emocionet e lojs me kt fanell t Legends Stage t Bad News Eagles t krijuar posarisht pr lojtart e apasionuar pas sporteve elektronike. Ngjyra kryesore e saj sht e kuqja e kombinuar me detaje bardh e zi dhe ka logon e personalizuar t ekipit BNE. Fanella sht prej 100% poliestr. Dimensionet jan 71 x 57 x 25.5 cm.rnrnKjo fanell e cilsis s lart me dizajn modern sht krijuar me krenari prkrah Gjirafa50.', '63f5ec4e91ff92.01429806.webp', 31, 13);
INSERT INTO [dbo].[Produkti] ([produktiID], [emriProduktit], [pershkrimi], [fotoProduktit], [kompaniaID], [kategoriaID]) VALUES (55, 'Rrip metalik FIXED pr Apple Watch 38/40/41mm, i argjendt', 'Rrip metalik zvendsues q sht i pajtueshm me Apple Watch 38/40 / 41mm. Ky rrip e kthen orn n nj aksesor elegant q mund ta kombinoni lehtsisht me do veshje.', '63f5ec798adb88.56368457.webp', 35, 3);
INSERT INTO [dbo].[Produkti] ([produktiID], [emriProduktit], [pershkrimi], [fotoProduktit], [kompaniaID], [kategoriaID]) VALUES (56, 'Mbrojtse Lenuo Leshield pr iPhone 13, e kuqe', 'Mbrojtse pr pjesn e pasme dhe ansore t celularit iPhone 13. Mbrojtsja sht prej plastike t qndrueshme dhe do t siguroj mbrojtje t besueshme t celularit nga grvishtjet dhe papastrtit. Natyrisht, mbrojtsja ka prerje pr kamern, butonat dhe portin e karikimit. Ajo sht e kndshme n prekje dhe e ruajtur mir.', '63f5ec9fb0aa89.27408325.webp', 32, 1);
INSERT INTO [dbo].[Produkti] ([produktiID], [emriProduktit], [pershkrimi], [fotoProduktit], [kompaniaID], [kategoriaID]) VALUES (57, 'Procesor Intel Core i7-12700F', 'Ky sht nj procesor i gjenerats s 12-t Alder Lake i krijuar pr prizn LGA 1700. Ofron 8+4 brthama fizike (8 performanc + 4 efektive, 20 threads). Frekuenca e tyre sht 1.6/2.1 GHz dhe deri n 3.6/4.8 GHz n modalitetin Turbo (brthama efikase/performanc). Frekuenca maksimale Turbo Boost sht deri n 4.9 GHz. Ai ofron nj memorie buffer 25 MB SmartCache dhe nj proces prodhimi 10 nm sht prdorur pr krijimin e tij. Mbshtet memorie deri n DDR5 4800 MHz dhe DDR4 3200 MHz. Mbshtet ndrfaqen PCI-Express 5.0/4.0. TDP e deklaruar nga prodhuesi sht 65 W (maksimumi 180 W).', '63f5ecdb56b5d2.54488204.webp', 33, 10);
INSERT INTO [dbo].[Produkti] ([produktiID], [emriProduktit], [pershkrimi], [fotoProduktit], [kompaniaID], [kategoriaID]) VALUES (58, 'Monitor Dell U3223QE - LED 31.5", 4K UHD, i zi / argjendt', 'Dell U3223QE sht nj monitor 31.5" me rezolucion t lart q do tju rrmbej me ngjyrn dhe elegancn e tij. Rezolucioni 4K (3840 x 2160) me m shum se 8 milion piksele ka nj rezolucion 4 her m t lart se nj monitor klasik Full HD. Ngjyrat jan t qarta dhe t qndrueshme prgjat kndit t shikimit. Dell UltraSharp P3222QE sht nj monitor q mendon gjithashtu pr shndetin tuaj. Fal funksionit ComfortView Plus, i cili garanton emetimin vazhdimisht t ult t drits blu, ju do t shijoni ngjyra t shklqyera.rnrnKarakteristikat e tjera t monitorit prfshijn raporti i pamjes 16: 9, kontrasti 2000: 1, shpejtsia e rifreskimit 60 Hz, ndriimi 400 cd / m2, koha e prgjigjes 8 ms n modalitetin normal ose 5 ms n modalitetin e shpejt. Lidhsit: 1x DP, 1x HDMI, USB-C, 6x USB, 1x RJ-45, pivot. Dimensionet 71.26 cm x 61.88 cm x 23.32 cm, pesha 10.36 k', '63f5ecf98f3534.93172253.webp', 25, 16);
INSERT INTO [dbo].[Produkti] ([produktiID], [emriProduktit], [pershkrimi], [fotoProduktit], [kompaniaID], [kategoriaID]) VALUES (59, 'Kabllo AXAGON USB-A - micro USB 3.2 Gen 1 SPEED, 3A, 1m, e zez', 'Kablloja AXAGON sht e prshtatshme pr laptop, telefont, tablet dhe pajisje e tjera celulare. Mbshtet shpejtsin e transferimit t t dhnave deri n 5 Gb / s dhe karikimin deri n 3A.', '63f5ed187916e2.65869096.webp', 34, 15);
SET IDENTITY_INSERT [dbo].[Produkti] OFF;
SET IDENTITY_INSERT [dbo].[RegjistrimiStokut] ON;
INSERT INTO [dbo].[RegjistrimiStokut] ([idRegjistrimit], [dataRegjistrimit], [stafiID], [totaliProdukteveRegjistruara], [shumaTotaleRegjistrimit], [shumaTotaleBlerese]) VALUES (1, '2023-05-13T17:20:44.417Z', 18, 2, 16030, 12326);
SET IDENTITY_INSERT [dbo].[RegjistrimiStokut] OFF;
INSERT INTO [dbo].[StokuQmimiProduktit] ([produktiID], [sasiaNeStok], [qmimiBleres], [qmimiProduktit], [dataKrijimit], [dataPerditsimit]) VALUES (1, 1, 12, 758.5, '2023-05-08T19:09:28.633Z', '2023-05-08T19:09:28.633Z');
INSERT INTO [dbo].[StokuQmimiProduktit] ([produktiID], [sasiaNeStok], [qmimiBleres], [qmimiProduktit], [dataKrijimit], [dataPerditsimit]) VALUES (2, 1, 1, 2710.49, '2023-05-08T19:10:10.413Z', '2023-05-08T19:10:10.413Z');
INSERT INTO [dbo].[StokuQmimiProduktit] ([produktiID], [sasiaNeStok], [qmimiBleres], [qmimiProduktit], [dataKrijimit], [dataPerditsimit]) VALUES (3, 1, 1, 899.99, '2023-05-08T19:10:10.413Z', '2023-05-08T19:10:10.413Z');
INSERT INTO [dbo].[StokuQmimiProduktit] ([produktiID], [sasiaNeStok], [qmimiBleres], [qmimiProduktit], [dataKrijimit], [dataPerditsimit]) VALUES (4, 1, 1, 459.5, '2023-05-08T19:10:10.413Z', '2023-05-08T19:10:10.413Z');
INSERT INTO [dbo].[StokuQmimiProduktit] ([produktiID], [sasiaNeStok], [qmimiBleres], [qmimiProduktit], [dataKrijimit], [dataPerditsimit]) VALUES (5, 1, 1, 2469.5, '2023-05-08T19:10:10.413Z', '2023-05-08T19:10:10.413Z');
INSERT INTO [dbo].[StokuQmimiProduktit] ([produktiID], [sasiaNeStok], [qmimiBleres], [qmimiProduktit], [dataKrijimit], [dataPerditsimit]) VALUES (6, 1, 1, 28.5, '2023-05-08T19:10:10.413Z', '2023-05-08T19:10:10.413Z');
INSERT INTO [dbo].[StokuQmimiProduktit] ([produktiID], [sasiaNeStok], [qmimiBleres], [qmimiProduktit], [dataKrijimit], [dataPerditsimit]) VALUES (7, 1, 1, 52.5, '2023-05-08T19:10:10.413Z', '2023-05-08T19:10:10.413Z');
INSERT INTO [dbo].[StokuQmimiProduktit] ([produktiID], [sasiaNeStok], [qmimiBleres], [qmimiProduktit], [dataKrijimit], [dataPerditsimit]) VALUES (8, 1, 1, 357.99, '2023-05-08T19:10:10.413Z', '2023-05-08T19:10:10.413Z');
INSERT INTO [dbo].[StokuQmimiProduktit] ([produktiID], [sasiaNeStok], [qmimiBleres], [qmimiProduktit], [dataKrijimit], [dataPerditsimit]) VALUES (9, 1, 1, 284.49, '2023-05-08T19:10:10.413Z', '2023-05-08T19:10:10.413Z');
INSERT INTO [dbo].[StokuQmimiProduktit] ([produktiID], [sasiaNeStok], [qmimiBleres], [qmimiProduktit], [dataKrijimit], [dataPerditsimit]) VALUES (10, 1, 1, 2489.99, '2023-05-08T19:10:10.413Z', '2023-05-08T19:10:10.413Z');
INSERT INTO [dbo].[StokuQmimiProduktit] ([produktiID], [sasiaNeStok], [qmimiBleres], [qmimiProduktit], [dataKrijimit], [dataPerditsimit]) VALUES (11, 1, 1, 210.66, '2023-05-08T19:10:10.413Z', '2023-05-08T19:10:10.413Z');
INSERT INTO [dbo].[StokuQmimiProduktit] ([produktiID], [sasiaNeStok], [qmimiBleres], [qmimiProduktit], [dataKrijimit], [dataPerditsimit]) VALUES (12, 1, 1, 18.45, '2023-05-08T19:10:10.413Z', '2023-05-08T19:10:10.413Z');
INSERT INTO [dbo].[StokuQmimiProduktit] ([produktiID], [sasiaNeStok], [qmimiBleres], [qmimiProduktit], [dataKrijimit], [dataPerditsimit]) VALUES (13, 1, 1, 18.99, '2023-05-08T19:10:10.413Z', '2023-05-08T19:10:10.413Z');
INSERT INTO [dbo].[StokuQmimiProduktit] ([produktiID], [sasiaNeStok], [qmimiBleres], [qmimiProduktit], [dataKrijimit], [dataPerditsimit]) VALUES (14, 1, 1, 29.99, '2023-05-08T19:10:10.413Z', '2023-05-08T19:10:10.413Z');
INSERT INTO [dbo].[StokuQmimiProduktit] ([produktiID], [sasiaNeStok], [qmimiBleres], [qmimiProduktit], [dataKrijimit], [dataPerditsimit]) VALUES (15, 1, 1, 30, '2023-05-08T19:10:10.413Z', '2023-05-08T19:10:10.413Z');
INSERT INTO [dbo].[StokuQmimiProduktit] ([produktiID], [sasiaNeStok], [qmimiBleres], [qmimiProduktit], [dataKrijimit], [dataPerditsimit]) VALUES (16, 1, 1, 9.99, '2023-05-08T19:10:10.413Z', '2023-05-08T19:10:10.413Z');
INSERT INTO [dbo].[StokuQmimiProduktit] ([produktiID], [sasiaNeStok], [qmimiBleres], [qmimiProduktit], [dataKrijimit], [dataPerditsimit]) VALUES (17, 1, 1, 43.5, '2023-05-08T19:10:10.413Z', '2023-05-08T19:10:10.413Z');
INSERT INTO [dbo].[StokuQmimiProduktit] ([produktiID], [sasiaNeStok], [qmimiBleres], [qmimiProduktit], [dataKrijimit], [dataPerditsimit]) VALUES (18, 1, 1, 12.99, '2023-05-08T19:10:10.413Z', '2023-05-08T19:10:10.413Z');
INSERT INTO [dbo].[StokuQmimiProduktit] ([produktiID], [sasiaNeStok], [qmimiBleres], [qmimiProduktit], [dataKrijimit], [dataPerditsimit]) VALUES (19, 1, 1, 55, '2023-05-08T19:10:10.413Z', '2023-05-08T19:10:10.413Z');
INSERT INTO [dbo].[StokuQmimiProduktit] ([produktiID], [sasiaNeStok], [qmimiBleres], [qmimiProduktit], [dataKrijimit], [dataPerditsimit]) VALUES (20, 1, 1, 975.5, '2023-05-08T19:10:10.413Z', '2023-05-08T19:10:10.413Z');
INSERT INTO [dbo].[StokuQmimiProduktit] ([produktiID], [sasiaNeStok], [qmimiBleres], [qmimiProduktit], [dataKrijimit], [dataPerditsimit]) VALUES (21, 1, 1, 1499.99, '2023-05-08T19:11:55.617Z', '2023-05-08T19:11:55.617Z');
INSERT INTO [dbo].[StokuQmimiProduktit] ([produktiID], [sasiaNeStok], [qmimiBleres], [qmimiProduktit], [dataKrijimit], [dataPerditsimit]) VALUES (22, 1, 1, 3499.99, '2023-05-08T19:11:55.617Z', '2023-05-08T19:11:55.617Z');
INSERT INTO [dbo].[StokuQmimiProduktit] ([produktiID], [sasiaNeStok], [qmimiBleres], [qmimiProduktit], [dataKrijimit], [dataPerditsimit]) VALUES (23, 1, 1, 1779, '2023-05-08T19:11:55.617Z', '2023-05-08T19:11:55.617Z');
INSERT INTO [dbo].[StokuQmimiProduktit] ([produktiID], [sasiaNeStok], [qmimiBleres], [qmimiProduktit], [dataKrijimit], [dataPerditsimit]) VALUES (24, 1, 1, 359.5, '2023-05-08T19:11:55.617Z', '2023-05-08T19:11:55.617Z');
INSERT INTO [dbo].[StokuQmimiProduktit] ([produktiID], [sasiaNeStok], [qmimiBleres], [qmimiProduktit], [dataKrijimit], [dataPerditsimit]) VALUES (25, 1, 1, 97.5, '2023-05-08T19:11:55.617Z', '2023-05-08T19:11:55.617Z');
INSERT INTO [dbo].[StokuQmimiProduktit] ([produktiID], [sasiaNeStok], [qmimiBleres], [qmimiProduktit], [dataKrijimit], [dataPerditsimit]) VALUES (26, 1, 1, 45.59, '2023-05-08T19:11:55.617Z', '2023-05-08T19:11:55.617Z');
INSERT INTO [dbo].[StokuQmimiProduktit] ([produktiID], [sasiaNeStok], [qmimiBleres], [qmimiProduktit], [dataKrijimit], [dataPerditsimit]) VALUES (27, 1, 1, 4149, '2023-05-08T19:11:55.617Z', '2023-05-08T19:11:55.617Z');
INSERT INTO [dbo].[StokuQmimiProduktit] ([produktiID], [sasiaNeStok], [qmimiBleres], [qmimiProduktit], [dataKrijimit], [dataPerditsimit]) VALUES (28, 1, 1, 84.5, '2023-05-08T19:11:55.617Z', '2023-05-08T19:11:55.617Z');
INSERT INTO [dbo].[StokuQmimiProduktit] ([produktiID], [sasiaNeStok], [qmimiBleres], [qmimiProduktit], [dataKrijimit], [dataPerditsimit]) VALUES (29, 1, 1, 49.5, '2023-05-08T19:11:55.617Z', '2023-05-08T19:11:55.617Z');
INSERT INTO [dbo].[StokuQmimiProduktit] ([produktiID], [sasiaNeStok], [qmimiBleres], [qmimiProduktit], [dataKrijimit], [dataPerditsimit]) VALUES (30, 1, 1, 84.5, '2023-05-08T19:11:55.617Z', '2023-05-08T19:11:55.617Z');
INSERT INTO [dbo].[StokuQmimiProduktit] ([produktiID], [sasiaNeStok], [qmimiBleres], [qmimiProduktit], [dataKrijimit], [dataPerditsimit]) VALUES (31, 1, 1, 69.5, '2023-05-08T19:11:55.617Z', '2023-05-08T19:11:55.617Z');
INSERT INTO [dbo].[StokuQmimiProduktit] ([produktiID], [sasiaNeStok], [qmimiBleres], [qmimiProduktit], [dataKrijimit], [dataPerditsimit]) VALUES (32, 1, 1, 3299, '2023-05-08T19:11:55.617Z', '2023-05-08T19:11:55.617Z');
INSERT INTO [dbo].[StokuQmimiProduktit] ([produktiID], [sasiaNeStok], [qmimiBleres], [qmimiProduktit], [dataKrijimit], [dataPerditsimit]) VALUES (33, 1, 1, 579, '2023-05-08T19:11:55.617Z', '2023-05-08T19:11:55.617Z');
INSERT INTO [dbo].[StokuQmimiProduktit] ([produktiID], [sasiaNeStok], [qmimiBleres], [qmimiProduktit], [dataKrijimit], [dataPerditsimit]) VALUES (34, 1, 1, 119, '2023-05-08T19:11:55.617Z', '2023-05-08T19:11:55.617Z');
INSERT INTO [dbo].[StokuQmimiProduktit] ([produktiID], [sasiaNeStok], [qmimiBleres], [qmimiProduktit], [dataKrijimit], [dataPerditsimit]) VALUES (35, 1, 1, 299.5, '2023-05-08T19:11:55.617Z', '2023-05-08T19:11:55.617Z');
INSERT INTO [dbo].[StokuQmimiProduktit] ([produktiID], [sasiaNeStok], [qmimiBleres], [qmimiProduktit], [dataKrijimit], [dataPerditsimit]) VALUES (36, 1, 1, 349, '2023-05-08T19:11:55.617Z', '2023-05-08T19:11:55.617Z');
INSERT INTO [dbo].[StokuQmimiProduktit] ([produktiID], [sasiaNeStok], [qmimiBleres], [qmimiProduktit], [dataKrijimit], [dataPerditsimit]) VALUES (37, 1, 1, 119.5, '2023-05-08T19:11:55.617Z', '2023-05-08T19:11:55.617Z');
INSERT INTO [dbo].[StokuQmimiProduktit] ([produktiID], [sasiaNeStok], [qmimiBleres], [qmimiProduktit], [dataKrijimit], [dataPerditsimit]) VALUES (38, 1, 1, 79.5, '2023-05-08T19:11:55.617Z', '2023-05-08T19:11:55.617Z');
INSERT INTO [dbo].[StokuQmimiProduktit] ([produktiID], [sasiaNeStok], [qmimiBleres], [qmimiProduktit], [dataKrijimit], [dataPerditsimit]) VALUES (39, 1, 1, 99.5, '2023-05-08T19:11:55.617Z', '2023-05-08T19:11:55.617Z');
INSERT INTO [dbo].[StokuQmimiProduktit] ([produktiID], [sasiaNeStok], [qmimiBleres], [qmimiProduktit], [dataKrijimit], [dataPerditsimit]) VALUES (40, 1, 1, 89.5, '2023-05-08T19:11:55.617Z', '2023-05-08T19:11:55.617Z');
INSERT INTO [dbo].[StokuQmimiProduktit] ([produktiID], [sasiaNeStok], [qmimiBleres], [qmimiProduktit], [dataKrijimit], [dataPerditsimit]) VALUES (41, 1, 1, 169.5, '2023-05-08T19:11:55.617Z', '2023-05-08T19:11:55.617Z');
INSERT INTO [dbo].[StokuQmimiProduktit] ([produktiID], [sasiaNeStok], [qmimiBleres], [qmimiProduktit], [dataKrijimit], [dataPerditsimit]) VALUES (42, 1, 1, 49.5, '2023-05-08T19:11:55.617Z', '2023-05-08T19:11:55.617Z');
INSERT INTO [dbo].[StokuQmimiProduktit] ([produktiID], [sasiaNeStok], [qmimiBleres], [qmimiProduktit], [dataKrijimit], [dataPerditsimit]) VALUES (43, 1, 1, 569, '2023-05-08T19:11:55.617Z', '2023-05-08T19:11:55.617Z');
INSERT INTO [dbo].[StokuQmimiProduktit] ([produktiID], [sasiaNeStok], [qmimiBleres], [qmimiProduktit], [dataKrijimit], [dataPerditsimit]) VALUES (44, 1, 1, 169, '2023-05-08T19:11:55.617Z', '2023-05-08T19:11:55.617Z');
INSERT INTO [dbo].[StokuQmimiProduktit] ([produktiID], [sasiaNeStok], [qmimiBleres], [qmimiProduktit], [dataKrijimit], [dataPerditsimit]) VALUES (45, 1, 1, 240, '2023-05-08T19:11:55.617Z', '2023-05-08T19:11:55.617Z');
INSERT INTO [dbo].[StokuQmimiProduktit] ([produktiID], [sasiaNeStok], [qmimiBleres], [qmimiProduktit], [dataKrijimit], [dataPerditsimit]) VALUES (46, 1, 1, 149.5, '2023-05-08T19:11:55.617Z', '2023-05-08T19:11:55.617Z');
INSERT INTO [dbo].[StokuQmimiProduktit] ([produktiID], [sasiaNeStok], [qmimiBleres], [qmimiProduktit], [dataKrijimit], [dataPerditsimit]) VALUES (47, 1, 1, 149.5, '2023-05-08T19:11:55.617Z', '2023-05-08T19:11:55.617Z');
INSERT INTO [dbo].[StokuQmimiProduktit] ([produktiID], [sasiaNeStok], [qmimiBleres], [qmimiProduktit], [dataKrijimit], [dataPerditsimit]) VALUES (48, 1, 1, 59.5, '2023-05-08T19:11:55.617Z', '2023-05-08T19:11:55.617Z');
INSERT INTO [dbo].[StokuQmimiProduktit] ([produktiID], [sasiaNeStok], [qmimiBleres], [qmimiProduktit], [dataKrijimit], [dataPerditsimit]) VALUES (49, 1, 1, 19.5, '2023-05-08T19:11:55.617Z', '2023-05-08T19:11:55.617Z');
INSERT INTO [dbo].[StokuQmimiProduktit] ([produktiID], [sasiaNeStok], [qmimiBleres], [qmimiProduktit], [dataKrijimit], [dataPerditsimit]) VALUES (50, 1, 1, 127.5, '2023-05-08T19:11:55.617Z', '2023-05-08T19:11:55.617Z');
INSERT INTO [dbo].[StokuQmimiProduktit] ([produktiID], [sasiaNeStok], [qmimiBleres], [qmimiProduktit], [dataKrijimit], [dataPerditsimit]) VALUES (51, 5, 1, 18.5, '2023-05-08T19:11:55.617Z', '2023-05-08T19:11:55.617Z');
INSERT INTO [dbo].[StokuQmimiProduktit] ([produktiID], [sasiaNeStok], [qmimiBleres], [qmimiProduktit], [dataKrijimit], [dataPerditsimit]) VALUES (52, 1, 1, 30, '2023-05-08T19:11:55.617Z', '2023-05-08T19:11:55.617Z');
INSERT INTO [dbo].[StokuQmimiProduktit] ([produktiID], [sasiaNeStok], [qmimiBleres], [qmimiProduktit], [dataKrijimit], [dataPerditsimit]) VALUES (53, 1, 1, 49.5, '2023-05-08T19:11:55.617Z', '2023-05-08T19:11:55.617Z');
INSERT INTO [dbo].[StokuQmimiProduktit] ([produktiID], [sasiaNeStok], [qmimiBleres], [qmimiProduktit], [dataKrijimit], [dataPerditsimit]) VALUES (54, 1, 1, 59.5, '2023-05-08T19:11:55.617Z', '2023-05-08T19:11:55.617Z');
INSERT INTO [dbo].[StokuQmimiProduktit] ([produktiID], [sasiaNeStok], [qmimiBleres], [qmimiProduktit], [dataKrijimit], [dataPerditsimit]) VALUES (55, 14, 1, 34, '2023-05-08T19:11:55.617Z', '2023-05-13T17:20:44.890Z');
INSERT INTO [dbo].[StokuQmimiProduktit] ([produktiID], [sasiaNeStok], [qmimiBleres], [qmimiProduktit], [dataKrijimit], [dataPerditsimit]) VALUES (56, 1, 1, 19.5, '2023-05-08T19:11:55.617Z', '2023-05-08T19:11:55.617Z');
INSERT INTO [dbo].[StokuQmimiProduktit] ([produktiID], [sasiaNeStok], [qmimiBleres], [qmimiProduktit], [dataKrijimit], [dataPerditsimit]) VALUES (57, 13, 1, 396, '2023-05-08T19:11:55.617Z', '2023-05-13T17:09:14.637Z');
INSERT INTO [dbo].[StokuQmimiProduktit] ([produktiID], [sasiaNeStok], [qmimiBleres], [qmimiProduktit], [dataKrijimit], [dataPerditsimit]) VALUES (58, 23, 1, 1299, '2023-05-08T19:11:55.617Z', '2023-05-13T17:20:44.867Z');
INSERT INTO [dbo].[StokuQmimiProduktit] ([produktiID], [sasiaNeStok], [qmimiBleres], [qmimiProduktit], [dataKrijimit], [dataPerditsimit]) VALUES (59, 12, 1, 9.5, '2023-05-08T19:11:55.617Z', '2023-05-08T19:11:55.617Z');
SET IDENTITY_INSERT [dbo].[TeDhenatEPorosis] ON;
SET IDENTITY_INSERT [dbo].[TeDhenatEPorosis] OFF;
INSERT INTO [dbo].[TeDhenatPerdoruesit] ([userID], [nrKontaktit], [qyteti], [zipKodi], [adresa], [shteti]) VALUES (18, '+38343710410', 'Kaanik', 71000, 'Komandant Zefi 69', 'Kosov');
INSERT INTO [dbo].[TeDhenatPerdoruesit] ([userID], [nrKontaktit], [qyteti], [zipKodi], [adresa], [shteti]) VALUES (19, '+38344123123', 'Kaanik', 71000, 'Ramadan Agushi', 'Kosov');
INSERT INTO [dbo].[TeDhenatPerdoruesit] ([userID], [nrKontaktit], [qyteti], [zipKodi], [adresa], [shteti]) VALUES (20, '+38346123456', 'Kaanik', 71000, 'Ramadan Agushi', 'Kosov');
INSERT INTO [dbo].[TeDhenatPerdoruesit] ([userID], [nrKontaktit], [qyteti], [zipKodi], [adresa], [shteti]) VALUES (21, '+355691234567', 'Tiran', 1001, 'Rruga e Durresit 25', 'Shqipri');
INSERT INTO [dbo].[TeDhenatPerdoruesit] ([userID], [nrKontaktit], [qyteti], [zipKodi], [adresa], [shteti]) VALUES (22, '+38349123456', 'Gjilan', 60000, 'Rruga Rexhep Luci 10', 'Kosov');
INSERT INTO [dbo].[TeDhenatPerdoruesit] ([userID], [nrKontaktit], [qyteti], [zipKodi], [adresa], [shteti]) VALUES (23, '+38349123456', 'Prishtin', 10000, 'Bulevardi Bill Klinton', 'Kosov');
INSERT INTO [dbo].[TeDhenatPerdoruesit] ([userID], [nrKontaktit], [qyteti], [zipKodi], [adresa], [shteti]) VALUES (24, '+355691234567', 'Tiran', 1001, 'Rruga e Kavajs', 'Shqipri');
INSERT INTO [dbo].[TeDhenatPerdoruesit] ([userID], [nrKontaktit], [qyteti], [zipKodi], [adresa], [shteti]) VALUES (25, '+355691234567', 'Tiran', 1001, 'Bulevardi 6 Shkurti', 'Shqipri');
INSERT INTO [dbo].[TeDhenatPerdoruesit] ([userID], [nrKontaktit], [qyteti], [zipKodi], [adresa], [shteti]) VALUES (26, '+38349123456', 'Ferizaj', 70000, 'Rruga Shemsi Syla', 'Kosov');
INSERT INTO [dbo].[TeDhenatPerdoruesit] ([userID], [nrKontaktit], [qyteti], [zipKodi], [adresa], [shteti]) VALUES (27, '+38349123456', 'Prishtin', 10000, 'Rruga Prishtin - Fush Kosov', 'Kosov');
INSERT INTO [dbo].[TeDhenatPerdoruesit] ([userID], [nrKontaktit], [qyteti], [zipKodi], [adresa], [shteti]) VALUES (28, '+38349123456', 'Prishtin', 10000, 'Rruga Fehmi Agani', 'Kosov');
INSERT INTO [dbo].[TeDhenatPerdoruesit] ([userID], [nrKontaktit], [qyteti], [zipKodi], [adresa], [shteti]) VALUES (29, '+38349123456', 'Prizren', 20000, 'Rruga Ali Pash Gucia', 'Kosov');
INSERT INTO [dbo].[TeDhenatPerdoruesit] ([userID], [nrKontaktit], [qyteti], [zipKodi], [adresa], [shteti]) VALUES (30, '+38349123456', 'Prishtin', 10000, 'Rruga Bajram Curri', 'Kosov');
INSERT INTO [dbo].[TeDhenatPerdoruesit] ([userID], [nrKontaktit], [qyteti], [zipKodi], [adresa], [shteti]) VALUES (31, '+355691234567', 'Tiran', 1001, 'Rruga e Kavajs', 'Shqipri');
INSERT INTO [dbo].[TeDhenatPerdoruesit] ([userID], [nrKontaktit], [qyteti], [zipKodi], [adresa], [shteti]) VALUES (32, '+355691234567', 'Tiran', 1001, 'Bulevardi Dshmort e Kombit', 'Shqipri');
INSERT INTO [dbo].[TeDhenatPerdoruesit] ([userID], [nrKontaktit], [qyteti], [zipKodi], [adresa], [shteti]) VALUES (33, '+38971123456', 'Gostivar', 1230, 'Rruga Nntori', 'Maqedoni e Veriut');
INSERT INTO [dbo].[TeDhenatPerdoruesit] ([userID], [nrKontaktit], [qyteti], [zipKodi], [adresa], [shteti]) VALUES (34, '+38349123456', 'Prishtin', 10000, 'Bulevardi Iliria', 'Kosov');
INSERT INTO [dbo].[TeDhenatPerdoruesit] ([userID], [nrKontaktit], [qyteti], [zipKodi], [adresa], [shteti]) VALUES (35, '+355691234567', 'Vlor', 9401, 'Rruga Eqrem abej', 'Shqipri');
INSERT INTO [dbo].[TeDhenatPerdoruesit] ([userID], [nrKontaktit], [qyteti], [zipKodi], [adresa], [shteti]) VALUES (36, '+38349123456', 'Prishtin', 10000, 'Rruga Bajram Curri', 'Kosov');
INSERT INTO [dbo].[TeDhenatPerdoruesit] ([userID], [nrKontaktit], [qyteti], [zipKodi], [adresa], [shteti]) VALUES (37, '+355691234567', 'Durrs', 2001, 'Rruga Tirana', 'Shqipri');
INSERT INTO [dbo].[TeDhenatPerdoruesit] ([userID], [nrKontaktit], [qyteti], [zipKodi], [adresa], [shteti]) VALUES (38, '+38349123456', 'Ferizaj', 70000, 'Rruga UK', 'Kosov');
INSERT INTO [dbo].[TeDhenatPerdoruesit] ([userID], [nrKontaktit], [qyteti], [zipKodi], [adresa], [shteti]) VALUES (39, '+355691234567', 'Tiran', 1001, 'Rruga Hoxha Tahsim', 'Shqipri');
INSERT INTO [dbo].[TeDhenatPerdoruesit] ([userID], [nrKontaktit], [qyteti], [zipKodi], [adresa], [shteti]) VALUES (40, '+38349123456', 'Gjilan', 60000, 'Rruga Haxhi Zeka', 'Kosov');
INSERT INTO [dbo].[TeDhenatPerdoruesit] ([userID], [nrKontaktit], [qyteti], [zipKodi], [adresa], [shteti]) VALUES (41, '+38349123456', 'Prishtin', 10000, 'Rruga 28 Nntori', 'Kosov');
INSERT INTO [dbo].[TeDhenatPerdoruesit] ([userID], [nrKontaktit], [qyteti], [zipKodi], [adresa], [shteti]) VALUES (42, '+38349123456', 'Gjilan', 60000, 'Rruga Tahir Sinani', 'Kosov');
INSERT INTO [dbo].[TeDhenatPerdoruesit] ([userID], [nrKontaktit], [qyteti], [zipKodi], [adresa], [shteti]) VALUES (43, '+38349123456', 'Prishtin', 10000, 'Rruga Fazli Grajqevci', 'Kosov');
INSERT INTO [dbo].[TeDhenatPerdoruesit] ([userID], [nrKontaktit], [qyteti], [zipKodi], [adresa], [shteti]) VALUES (44, '+38349123456', 'Gjilan', 60000, 'Rruga Tahir Sinani', 'Kosov');
INSERT INTO [dbo].[TeDhenatPerdoruesit] ([userID], [nrKontaktit], [qyteti], [zipKodi], [adresa], [shteti]) VALUES (45, '+38349123456', 'Prishtin', 10000, 'Rruga 28 Nntori', 'Kosov');
INSERT INTO [dbo].[TeDhenatPerdoruesit] ([userID], [nrKontaktit], [qyteti], [zipKodi], [adresa], [shteti]) VALUES (46, '+38349123456', 'Prishtin', 10000, 'Rruga Ahmet Krasniqi', 'Kosov');
INSERT INTO [dbo].[TeDhenatPerdoruesit] ([userID], [nrKontaktit], [qyteti], [zipKodi], [adresa], [shteti]) VALUES (47, '+38349123456', 'Prishtin', 10000, 'Rruga Bajram Curri', 'Kosov');
INSERT INTO [dbo].[TeDhenatPerdoruesit] ([userID], [nrKontaktit], [qyteti], [zipKodi], [adresa], [shteti]) VALUES (48, '+355691234567', 'Tiran', 1001, 'Rruga Murat Toptani', 'Shqipri');
INSERT INTO [dbo].[TeDhenatPerdoruesit] ([userID], [nrKontaktit], [qyteti], [zipKodi], [adresa], [shteti]) VALUES (49, '+38349123456', 'Gjilan', 60000, 'Rruga Tahir Sinani', 'Kosov');
INSERT INTO [dbo].[TeDhenatPerdoruesit] ([userID], [nrKontaktit], [qyteti], [zipKodi], [adresa], [shteti]) VALUES (50, '+38349123456', 'Prishtin', 10000, 'Rruga Luan Haradinaj', 'Kosov');
INSERT INTO [dbo].[TeDhenatPerdoruesit] ([userID], [nrKontaktit], [qyteti], [zipKodi], [adresa], [shteti]) VALUES (51, '+38349123456', 'Prishtin', 10000, 'Rruga Adem Jashari', 'Kosov');
INSERT INTO [dbo].[TeDhenatPerdoruesit] ([userID], [nrKontaktit], [qyteti], [zipKodi], [adresa], [shteti]) VALUES (52, '+38349123456', 'Prishtin', 10000, 'Rruga Fazli Grajqevci', 'Kosov');
SET IDENTITY_INSERT [dbo].[TeDhenatRegjistrimit] ON;
INSERT INTO [dbo].[TeDhenatRegjistrimit] ([id], [idRegjistrimit], [idProduktit], [sasiaStokut], [qmimiBleres], [qmimiShites]) VALUES (1, 1, 58, 12, 999, 1299);
INSERT INTO [dbo].[TeDhenatRegjistrimit] ([id], [idRegjistrimit], [idProduktit], [sasiaStokut], [qmimiBleres], [qmimiShites]) VALUES (2, 1, 55, 13, 26, 34);
SET IDENTITY_INSERT [dbo].[TeDhenatRegjistrimit] OFF;
INSERT INTO [dbo].[ZbritjaQmimitProduktit] ([produktiID], [qmimiPaZbritjeProduktit], [qmimiMeZbritjeProduktit], [dataZbritjes], [dataSkadimit]) VALUES (21, 1499.99, 1299.99, '2023-05-14T17:19:21.847Z', '2023-05-25T00:00:00.000Z');
INSERT INTO [dbo].[ZbritjaQmimitProduktit] ([produktiID], [qmimiPaZbritjeProduktit], [qmimiMeZbritjeProduktit], [dataZbritjes], [dataSkadimit]) VALUES (27, 4149, 3999.99, '2023-05-14T17:19:06.407Z', '2023-05-23T00:00:00.000Z');
INSERT INTO [dbo].[ZbritjaQmimitProduktit] ([produktiID], [qmimiPaZbritjeProduktit], [qmimiMeZbritjeProduktit], [dataZbritjes], [dataSkadimit]) VALUES (52, 30, 24.99, '2023-05-14T17:18:26.493Z', '2023-05-30T00:00:00.000Z');
INSERT INTO [dbo].[ZbritjaQmimitProduktit] ([produktiID], [qmimiPaZbritjeProduktit], [qmimiMeZbritjeProduktit], [dataZbritjes], [dataSkadimit]) VALUES (53, 49.5, 44.99, '2023-05-14T17:18:09.660Z', '2023-05-17T00:00:00.000Z');
INSERT INTO [dbo].[ZbritjaQmimitProduktit] ([produktiID], [qmimiPaZbritjeProduktit], [qmimiMeZbritjeProduktit], [dataZbritjes], [dataSkadimit]) VALUES (54, 59.5, 49.99, '2023-05-14T17:17:35.490Z', '2023-05-26T00:00:00.000Z');
INSERT INTO [dbo].[ZbritjaQmimitProduktit] ([produktiID], [qmimiPaZbritjeProduktit], [qmimiMeZbritjeProduktit], [dataZbritjes], [dataSkadimit]) VALUES (59, 9.5, 7.49, '2023-05-14T17:18:50.650Z', '2023-05-18T00:00:00.000Z');
INSERT INTO [dbo].[__EFMigrationsHistory] ([MigrationId], [ProductVersion]) VALUES ('20230519193547_initial', '7.0.5');
INSERT INTO [dbo].[__EFMigrationsHistory] ([MigrationId], [ProductVersion]) VALUES ('20230519202124_test', '7.0.5');
INSERT INTO [dbo].[__EFMigrationsHistory] ([MigrationId], [ProductVersion]) VALUES ('20230521134726_vendosjaRoleve', '7.0.5');
ALTER TABLE [dbo].[AspNetRoleClaims] ADD CONSTRAINT [FK_AspNetRoleClaims_AspNetRoles_RoleId] FOREIGN KEY ([RoleId]) REFERENCES [dbo].[AspNetRoles] ([Id]) ON DELETE CASCADE ON UPDATE NO ACTION;
ALTER TABLE [dbo].[AspNetUserClaims] ADD CONSTRAINT [FK_AspNetUserClaims_AspNetUsers_UserId] FOREIGN KEY ([UserId]) REFERENCES [dbo].[AspNetUsers] ([Id]) ON DELETE CASCADE ON UPDATE NO ACTION;
ALTER TABLE [dbo].[AspNetUserLogins] ADD CONSTRAINT [FK_AspNetUserLogins_AspNetUsers_UserId] FOREIGN KEY ([UserId]) REFERENCES [dbo].[AspNetUsers] ([Id]) ON DELETE CASCADE ON UPDATE NO ACTION;
ALTER TABLE [dbo].[AspNetUserRoles] ADD CONSTRAINT [FK_AspNetUserRoles_AspNetRoles_RoleId] FOREIGN KEY ([RoleId]) REFERENCES [dbo].[AspNetRoles] ([Id]) ON DELETE CASCADE ON UPDATE NO ACTION;
ALTER TABLE [dbo].[AspNetUserRoles] ADD CONSTRAINT [FK_AspNetUserRoles_AspNetUsers_UserId] FOREIGN KEY ([UserId]) REFERENCES [dbo].[AspNetUsers] ([Id]) ON DELETE CASCADE ON UPDATE NO ACTION;
ALTER TABLE [dbo].[AspNetUserTokens] ADD CONSTRAINT [FK_AspNetUserTokens_AspNetUsers_UserId] FOREIGN KEY ([UserId]) REFERENCES [dbo].[AspNetUsers] ([Id]) ON DELETE CASCADE ON UPDATE NO ACTION;
ALTER TABLE [dbo].[ContactForm] ADD CONSTRAINT [FK_ContactForm_Perdoruesi] FOREIGN KEY ([userID]) REFERENCES [dbo].[Perdoruesi] ([userID]) ON DELETE SET NULL ON UPDATE NO ACTION;
ALTER TABLE [dbo].[KodiZbritjes] ADD CONSTRAINT [FK_KodiZbritjes_Produkti] FOREIGN KEY ([idProdukti]) REFERENCES [dbo].[Produkti] ([produktiID]) ON DELETE SET NULL ON UPDATE NO ACTION;
ALTER TABLE [dbo].[Perdoruesi] ADD CONSTRAINT [FK_Perdoruesi_AspNetUsers] FOREIGN KEY ([AspNetUserID]) REFERENCES [dbo].[AspNetUsers] ([Id]) ON DELETE CASCADE ON UPDATE NO ACTION;
ALTER TABLE [dbo].[Porosit] ADD CONSTRAINT [FK_Porosit_Klienti] FOREIGN KEY ([idKlienti]) REFERENCES [dbo].[Perdoruesi] ([userID]) ON DELETE SET NULL ON UPDATE NO ACTION;
ALTER TABLE [dbo].[Produkti] ADD CONSTRAINT [FK_Produkti_Kategoria] FOREIGN KEY ([kategoriaID]) REFERENCES [dbo].[KategoriaProduktit] ([kategoriaID]) ON DELETE SET NULL ON UPDATE NO ACTION;
ALTER TABLE [dbo].[Produkti] ADD CONSTRAINT [FK_Produkti_Kompania] FOREIGN KEY ([kompaniaID]) REFERENCES [dbo].[Kompania] ([kompaniaID]) ON DELETE SET NULL ON UPDATE NO ACTION;
ALTER TABLE [dbo].[RegjistrimiStokut] ADD CONSTRAINT [FK_Regjistrimi_Perdoruesi] FOREIGN KEY ([stafiID]) REFERENCES [dbo].[Perdoruesi] ([userID]) ON DELETE SET NULL ON UPDATE NO ACTION;
ALTER TABLE [dbo].[StokuQmimiProduktit] ADD CONSTRAINT [FK_StokuQmimiProduktit_Produkti_produktiID] FOREIGN KEY ([produktiID]) REFERENCES [dbo].[Produkti] ([produktiID]) ON DELETE CASCADE ON UPDATE NO ACTION;
ALTER TABLE [dbo].[TeDhenatEPorosis] ADD CONSTRAINT [FK_TeDhenatPorosis_KodiZbritjes] FOREIGN KEY ([kodiZbritjes]) REFERENCES [dbo].[KodiZbritjes] ([kodi]) ON DELETE NO ACTION ON UPDATE NO ACTION;
ALTER TABLE [dbo].[TeDhenatEPorosis] ADD CONSTRAINT [FK_TeDhenatPorosis_Porosia] FOREIGN KEY ([idPorosia]) REFERENCES [dbo].[Porosit] ([idPorosia]) ON DELETE CASCADE ON UPDATE NO ACTION;
ALTER TABLE [dbo].[TeDhenatEPorosis] ADD CONSTRAINT [FK_TeDhenatPorosis_Produkti] FOREIGN KEY ([idProdukti]) REFERENCES [dbo].[Produkti] ([produktiID]) ON DELETE SET NULL ON UPDATE NO ACTION;
ALTER TABLE [dbo].[TeDhenatPerdoruesit] ADD CONSTRAINT [FK_Perdoruesi_TeDhenat] FOREIGN KEY ([userID]) REFERENCES [dbo].[Perdoruesi] ([userID]) ON DELETE CASCADE ON UPDATE NO ACTION;
ALTER TABLE [dbo].[TeDhenatRegjistrimit] ADD CONSTRAINT [FK_Produkti_TeDhenatRegjistrimit] FOREIGN KEY ([idProduktit]) REFERENCES [dbo].[Produkti] ([produktiID]) ON DELETE SET NULL ON UPDATE NO ACTION;
ALTER TABLE [dbo].[TeDhenatRegjistrimit] ADD CONSTRAINT [FK_RegjistrimiStokut_TeDhenatRegjistrimit] FOREIGN KEY ([idRegjistrimit]) REFERENCES [dbo].[RegjistrimiStokut] ([idRegjistrimit]) ON DELETE CASCADE ON UPDATE NO ACTION;
ALTER TABLE [dbo].[ZbritjaQmimitProduktit] ADD CONSTRAINT [FK_ZbritjaQmimitProduktit_Produkti_produktiID] FOREIGN KEY ([produktiID]) REFERENCES [dbo].[Produkti] ([produktiID]) ON DELETE CASCADE ON UPDATE NO ACTION;
