IF NOT EXISTS(SELECT * FROM sys.databases WHERE name = 'TechStoreDB')
    BEGIN
        CREATE DATABASE TechStoreDB
    END
    GO
    USE TechStoreDB
GO

IF EXISTS (SELECT 1 FROM sys.foreign_keys WHERE object_id = OBJECT_ID(N'[dbo].[FK_AspNetRoleClaims_AspNetRoles_RoleId]') AND parent_object_id = OBJECT_ID(N'[dbo].[AspNetRoleClaims]'))
    ALTER TABLE [dbo].[AspNetRoleClaims] DROP CONSTRAINT [FK_AspNetRoleClaims_AspNetRoles_RoleId];
    
IF EXISTS (SELECT 1 FROM sys.foreign_keys WHERE object_id = OBJECT_ID(N'[dbo].[FK_AspNetUserRoles_AspNetRoles_RoleId]') AND parent_object_id = OBJECT_ID(N'[dbo].[AspNetUserRoles]'))
    ALTER TABLE [dbo].[AspNetUserRoles] DROP CONSTRAINT [FK_AspNetUserRoles_AspNetRoles_RoleId];
    
IF EXISTS (SELECT 1 FROM sys.foreign_keys WHERE object_id = OBJECT_ID(N'[dbo].[FK_AspNetUserClaims_AspNetUsers_UserId]') AND parent_object_id = OBJECT_ID(N'[dbo].[AspNetUserClaims]'))
    ALTER TABLE [dbo].[AspNetUserClaims] DROP CONSTRAINT [FK_AspNetUserClaims_AspNetUsers_UserId];
    
IF EXISTS (SELECT 1 FROM sys.foreign_keys WHERE object_id = OBJECT_ID(N'[dbo].[FK_AspNetUserLogins_AspNetUsers_UserId]') AND parent_object_id = OBJECT_ID(N'[dbo].[AspNetUserLogins]'))
    ALTER TABLE [dbo].[AspNetUserLogins] DROP CONSTRAINT [FK_AspNetUserLogins_AspNetUsers_UserId];
    
IF EXISTS (SELECT 1 FROM sys.foreign_keys WHERE object_id = OBJECT_ID(N'[dbo].[FK_AspNetUserRoles_AspNetUsers_UserId]') AND parent_object_id = OBJECT_ID(N'[dbo].[AspNetUserRoles]'))
    ALTER TABLE [dbo].[AspNetUserRoles] DROP CONSTRAINT [FK_AspNetUserRoles_AspNetUsers_UserId];
    
IF EXISTS (SELECT 1 FROM sys.foreign_keys WHERE object_id = OBJECT_ID(N'[dbo].[FK_AspNetUserTokens_AspNetUsers_UserId]') AND parent_object_id = OBJECT_ID(N'[dbo].[AspNetUserTokens]'))
    ALTER TABLE [dbo].[AspNetUserTokens] DROP CONSTRAINT [FK_AspNetUserTokens_AspNetUsers_UserId];
    
IF EXISTS (SELECT 1 FROM sys.foreign_keys WHERE object_id = OBJECT_ID(N'[dbo].[FK_Perdoruesi_AspNetUsers]') AND parent_object_id = OBJECT_ID(N'[dbo].[Perdoruesi]'))
    ALTER TABLE [dbo].[Perdoruesi] DROP CONSTRAINT [FK_Perdoruesi_AspNetUsers];

IF EXISTS (SELECT 1 FROM sys.foreign_keys WHERE object_id = OBJECT_ID(N'[dbo].[FK_Produkti_Kategoria]') AND parent_object_id = OBJECT_ID(N'[dbo].[Produkti]'))
    ALTER TABLE [dbo].[Produkti] DROP CONSTRAINT [FK_Produkti_Kategoria];
    
IF EXISTS (SELECT 1 FROM sys.foreign_keys WHERE object_id = OBJECT_ID(N'[dbo].[FK_Produkti_Kompania]') AND parent_object_id = OBJECT_ID(N'[dbo].[Produkti]'))
    ALTER TABLE [dbo].[Produkti] DROP CONSTRAINT [FK_Produkti_Kompania];
    
IF EXISTS (SELECT 1 FROM sys.foreign_keys WHERE object_id = OBJECT_ID(N'[dbo].[FK_ContactForm_Perdoruesi]') AND parent_object_id = OBJECT_ID(N'[dbo].[ContactForm]'))
    ALTER TABLE [dbo].[ContactForm] DROP CONSTRAINT [FK_ContactForm_Perdoruesi];
    
IF EXISTS (SELECT 1 FROM sys.foreign_keys WHERE object_id = OBJECT_ID(N'[dbo].[FK_Porosit_Klienti]') AND parent_object_id = OBJECT_ID(N'[dbo].[Porosit]'))
    ALTER TABLE [dbo].[Porosit] DROP CONSTRAINT [FK_Porosit_Klienti];
    
IF EXISTS (SELECT 1 FROM sys.foreign_keys WHERE object_id = OBJECT_ID(N'[dbo].[FK_Regjistrimi_Perdoruesi]') AND parent_object_id = OBJECT_ID(N'[dbo].[RegjistrimiStokut]'))
    ALTER TABLE [dbo].[RegjistrimiStokut] DROP CONSTRAINT [FK_Regjistrimi_Perdoruesi];
    
IF EXISTS (SELECT 1 FROM sys.foreign_keys WHERE object_id = OBJECT_ID(N'[dbo].[FK_Perdoruesi_TeDhenat]') AND parent_object_id = OBJECT_ID(N'[dbo].[TeDhenatPerdoruesit]'))
    ALTER TABLE [dbo].[TeDhenatPerdoruesit] DROP CONSTRAINT [FK_Perdoruesi_TeDhenat];
    
IF EXISTS (SELECT 1 FROM sys.foreign_keys WHERE object_id = OBJECT_ID(N'[dbo].[FK_TeDhenatPorosis_Porosia]') AND parent_object_id = OBJECT_ID(N'[dbo].[TeDhenatEPorosis]'))
    ALTER TABLE [dbo].[TeDhenatEPorosis] DROP CONSTRAINT [FK_TeDhenatPorosis_Porosia];
    
IF EXISTS (SELECT 1 FROM sys.foreign_keys WHERE object_id = OBJECT_ID(N'[dbo].[FK_KodiZbritjes_Produkti]') AND parent_object_id = OBJECT_ID(N'[dbo].[KodiZbritjes]'))
    ALTER TABLE [dbo].[KodiZbritjes] DROP CONSTRAINT [FK_KodiZbritjes_Produkti];
    
IF EXISTS (SELECT 1 FROM sys.foreign_keys WHERE object_id = OBJECT_ID(N'[dbo].[FK_StokuQmimiProduktit_Produkti_produktiID]') AND parent_object_id = OBJECT_ID(N'[dbo].[StokuQmimiProduktit]'))
    ALTER TABLE [dbo].[StokuQmimiProduktit] DROP CONSTRAINT [FK_StokuQmimiProduktit_Produkti_produktiID];
    
IF EXISTS (SELECT 1 FROM sys.foreign_keys WHERE object_id = OBJECT_ID(N'[dbo].[FK_TeDhenatPorosis_Produkti]') AND parent_object_id = OBJECT_ID(N'[dbo].[TeDhenatEPorosis]'))
    ALTER TABLE [dbo].[TeDhenatEPorosis] DROP CONSTRAINT [FK_TeDhenatPorosis_Produkti];
    
IF EXISTS (SELECT 1 FROM sys.foreign_keys WHERE object_id = OBJECT_ID(N'[dbo].[FK_Produkti_TeDhenatRegjistrimit]') AND parent_object_id = OBJECT_ID(N'[dbo].[TeDhenatRegjistrimit]'))
    ALTER TABLE [dbo].[TeDhenatRegjistrimit] DROP CONSTRAINT [FK_Produkti_TeDhenatRegjistrimit];
    
IF EXISTS (SELECT 1 FROM sys.foreign_keys WHERE object_id = OBJECT_ID(N'[dbo].[FK_ZbritjaQmimitProduktit_Produkti_produktiID]') AND parent_object_id = OBJECT_ID(N'[dbo].[ZbritjaQmimitProduktit]'))
    ALTER TABLE [dbo].[ZbritjaQmimitProduktit] DROP CONSTRAINT [FK_ZbritjaQmimitProduktit_Produkti_produktiID];
    
IF EXISTS (SELECT 1 FROM sys.foreign_keys WHERE object_id = OBJECT_ID(N'[dbo].[FK_RegjistrimiStokut_TeDhenatRegjistrimit]') AND parent_object_id = OBJECT_ID(N'[dbo].[TeDhenatRegjistrimit]'))
    ALTER TABLE [dbo].[TeDhenatRegjistrimit] DROP CONSTRAINT [FK_RegjistrimiStokut_TeDhenatRegjistrimit];
GO
IF EXISTS (SELECT * FROM sys.objects WHERE object_id = OBJECT_ID(N'[dbo].[AspNetRoleClaims]') AND type in (N'U'))
DROP TABLE [dbo].[AspNetRoleClaims];
IF EXISTS (SELECT * FROM sys.objects WHERE object_id = OBJECT_ID(N'[dbo].[AspNetRoles]') AND type in (N'U'))
DROP TABLE [dbo].[AspNetRoles];
IF EXISTS (SELECT * FROM sys.objects WHERE object_id = OBJECT_ID(N'[dbo].[AspNetUserClaims]') AND type in (N'U'))
DROP TABLE [dbo].[AspNetUserClaims];
IF EXISTS (SELECT * FROM sys.objects WHERE object_id = OBJECT_ID(N'[dbo].[AspNetUserLogins]') AND type in (N'U'))
DROP TABLE [dbo].[AspNetUserLogins];
IF EXISTS (SELECT * FROM sys.objects WHERE object_id = OBJECT_ID(N'[dbo].[AspNetUserRoles]') AND type in (N'U'))
DROP TABLE [dbo].[AspNetUserRoles];
IF EXISTS (SELECT * FROM sys.objects WHERE object_id = OBJECT_ID(N'[dbo].[AspNetUserTokens]') AND type in (N'U'))
DROP TABLE [dbo].[AspNetUserTokens];
IF EXISTS (SELECT * FROM sys.objects WHERE object_id = OBJECT_ID(N'[dbo].[AspNetUsers]') AND type in (N'U'))
DROP TABLE [dbo].[AspNetUsers];
IF EXISTS (SELECT * FROM sys.objects WHERE object_id = OBJECT_ID(N'[dbo].[ContactForm]') AND type in (N'U'))
DROP TABLE [dbo].[ContactForm];
IF EXISTS (SELECT * FROM sys.objects WHERE object_id = OBJECT_ID(N'[dbo].[KategoriaProduktit]') AND type in (N'U'))
DROP TABLE [dbo].[KategoriaProduktit];
IF EXISTS (SELECT * FROM sys.objects WHERE object_id = OBJECT_ID(N'[dbo].[KodiZbritjes]') AND type in (N'U'))
DROP TABLE [dbo].[KodiZbritjes];
IF EXISTS (SELECT * FROM sys.objects WHERE object_id = OBJECT_ID(N'[dbo].[Kompania]') AND type in (N'U'))
DROP TABLE [dbo].[Kompania];
IF EXISTS (SELECT * FROM sys.objects WHERE object_id = OBJECT_ID(N'[dbo].[Perdoruesi]') AND type in (N'U'))
DROP TABLE [dbo].[Perdoruesi];
IF EXISTS (SELECT * FROM sys.objects WHERE object_id = OBJECT_ID(N'[dbo].[Porosit]') AND type in (N'U'))
DROP TABLE [dbo].[Porosit];
IF EXISTS (SELECT * FROM sys.objects WHERE object_id = OBJECT_ID(N'[dbo].[Produkti]') AND type in (N'U'))
DROP TABLE [dbo].[Produkti];
IF EXISTS (SELECT * FROM sys.objects WHERE object_id = OBJECT_ID(N'[dbo].[RegjistrimiStokut]') AND type in (N'U'))
DROP TABLE [dbo].[RegjistrimiStokut];
IF EXISTS (SELECT * FROM sys.objects WHERE object_id = OBJECT_ID(N'[dbo].[StokuQmimiProduktit]') AND type in (N'U'))
DROP TABLE [dbo].[StokuQmimiProduktit];
IF EXISTS (SELECT * FROM sys.objects WHERE object_id = OBJECT_ID(N'[dbo].[TeDhenatBiznesit]') AND type in (N'U'))
DROP TABLE [dbo].[TeDhenatBiznesit];
IF EXISTS (SELECT * FROM sys.objects WHERE object_id = OBJECT_ID(N'[dbo].[TeDhenatEPorosis]') AND type in (N'U'))
DROP TABLE [dbo].[TeDhenatEPorosis];
IF EXISTS (SELECT * FROM sys.objects WHERE object_id = OBJECT_ID(N'[dbo].[TeDhenatPerdoruesit]') AND type in (N'U'))
DROP TABLE [dbo].[TeDhenatPerdoruesit];
IF EXISTS (SELECT * FROM sys.objects WHERE object_id = OBJECT_ID(N'[dbo].[TeDhenatRegjistrimit]') AND type in (N'U'))
DROP TABLE [dbo].[TeDhenatRegjistrimit];
IF EXISTS (SELECT * FROM sys.objects WHERE object_id = OBJECT_ID(N'[dbo].[ZbritjaQmimitProduktit]') AND type in (N'U'))
DROP TABLE [dbo].[ZbritjaQmimitProduktit];
IF EXISTS (SELECT * FROM sys.objects WHERE object_id = OBJECT_ID(N'[dbo].[__EFMigrationsHistory]') AND type in (N'U'))
DROP TABLE [dbo].[__EFMigrationsHistory];
CREATE TABLE [dbo].[AspNetRoleClaims] ( 
  [Id] INT IDENTITY NOT NULL,
  [RoleId] NVARCHAR(450) NOT NULL,
  [ClaimType] NVARCHAR(MAX) NULL,
  [ClaimValue] NVARCHAR(MAX) NULL,
  CONSTRAINT [PK_AspNetRoleClaims] PRIMARY KEY ([Id])
);
CREATE TABLE [dbo].[AspNetRoles] ( 
  [Id] NVARCHAR(450) NOT NULL,
  [Name] NVARCHAR(256) NULL,
  [NormalizedName] NVARCHAR(256) NULL,
  [ConcurrencyStamp] NVARCHAR(MAX) NULL,
  CONSTRAINT [PK_AspNetRoles] PRIMARY KEY ([Id])
);
CREATE TABLE [dbo].[AspNetUserClaims] ( 
  [Id] INT IDENTITY NOT NULL,
  [UserId] NVARCHAR(450) NOT NULL,
  [ClaimType] NVARCHAR(MAX) NULL,
  [ClaimValue] NVARCHAR(MAX) NULL,
  CONSTRAINT [PK_AspNetUserClaims] PRIMARY KEY ([Id])
);
CREATE TABLE [dbo].[AspNetUserLogins] ( 
  [LoginProvider] NVARCHAR(450) NOT NULL,
  [ProviderKey] NVARCHAR(450) NOT NULL,
  [ProviderDisplayName] NVARCHAR(MAX) NULL,
  [UserId] NVARCHAR(450) NOT NULL,
  CONSTRAINT [PK_AspNetUserLogins] PRIMARY KEY ([LoginProvider], [ProviderKey], [UserId])
);
CREATE TABLE [dbo].[AspNetUserRoles] ( 
  [UserId] NVARCHAR(450) NOT NULL,
  [RoleId] NVARCHAR(450) NOT NULL,
  CONSTRAINT [PK_AspNetUserRoles] PRIMARY KEY ([RoleId], [UserId])
);
CREATE TABLE [dbo].[AspNetUserTokens] ( 
  [UserId] NVARCHAR(450) NOT NULL,
  [LoginProvider] NVARCHAR(450) NOT NULL,
  [Name] NVARCHAR(450) NOT NULL,
  [Value] NVARCHAR(MAX) NULL,
  CONSTRAINT [PK_AspNetUserTokens] PRIMARY KEY ([LoginProvider], [Name], [UserId])
);
CREATE TABLE [dbo].[AspNetUsers] ( 
  [Id] NVARCHAR(450) NOT NULL,
  [UserName] NVARCHAR(256) NULL,
  [NormalizedUserName] NVARCHAR(256) NULL,
  [Email] NVARCHAR(256) NULL,
  [NormalizedEmail] NVARCHAR(256) NULL,
  [EmailConfirmed] BIT NOT NULL,
  [PasswordHash] NVARCHAR(MAX) NULL,
  [SecurityStamp] NVARCHAR(MAX) NULL,
  [ConcurrencyStamp] NVARCHAR(MAX) NULL,
  [PhoneNumber] NVARCHAR(MAX) NULL,
  [PhoneNumberConfirmed] BIT NOT NULL,
  [TwoFactorEnabled] BIT NOT NULL,
  [LockoutEnd] DATETIMEOFFSET NULL,
  [LockoutEnabled] BIT NOT NULL,
  [AccessFailedCount] INT NOT NULL,
  CONSTRAINT [PK_AspNetUsers] PRIMARY KEY ([Id])
);
CREATE TABLE [dbo].[ContactForm] ( 
  [mesazhiID] INT IDENTITY NOT NULL,
  [userID] INT NULL,
  [mesazhi] TEXT NULL,
  [dataDergeses] DATE NULL CONSTRAINT [DF__ContactFo__dataD__7B113988] DEFAULT (getdate()) ,
  [statusi] VARCHAR(60) NULL CONSTRAINT [DF__ContactFo__statu__7C055DC1] DEFAULT ('Mesazhi juaj eshte derguar tek Stafi') ,
  [emri] VARCHAR(250) NULL,
  [email] VARCHAR(250) NULL,
  CONSTRAINT [PK__ContactF__0E3F7CF3731C8CDE] PRIMARY KEY ([mesazhiID])
);
CREATE TABLE [dbo].[KategoriaProduktit] ( 
  [kategoriaID] INT IDENTITY NOT NULL,
  [llojiKategoris] TEXT NULL,
  [pershkrimiKategoris] TEXT NULL,
  CONSTRAINT [PK__Kategori__AC39DE2ACE8BCA8A] PRIMARY KEY ([kategoriaID])
);
CREATE TABLE [dbo].[KodiZbritjes] ( 
  [kodi] VARCHAR(12) NOT NULL,
  [dataKrijimit] DATETIME NULL CONSTRAINT [DF__KodiZbrit__dataK__086B34A6] DEFAULT (getdate()) ,
  [qmimiZbritjes] DECIMAL(18,2) NULL,
  [idProdukti] INT NULL,
  CONSTRAINT [PK__KodiZbri__25A8748FB3E013A8] PRIMARY KEY ([kodi])
);
CREATE TABLE [dbo].[Kompania] ( 
  [kompaniaID] INT IDENTITY NOT NULL,
  [emriKompanis] TEXT NULL,
  [logo] VARCHAR(40) NULL CONSTRAINT [DF__Kompania__logo__5F691F13] DEFAULT ('kompaniPaFoto.png') ,
  [adresa] VARCHAR(40) NULL,
  CONSTRAINT [PK__Kompania__2026D74DCB37AA9A] PRIMARY KEY ([kompaniaID])
);
CREATE TABLE [dbo].[Perdoruesi] ( 
  [userID] INT IDENTITY NOT NULL,
  [emri] VARCHAR(30) NULL,
  [mbiemri] VARCHAR(30) NULL,
  [email] VARCHAR(30) NULL,
  [username] VARCHAR(20) NULL,
  [AspNetUserID] NVARCHAR(450) NOT NULL,
  CONSTRAINT [PK__Perdorue__CB9A1CDFC4C4A0AA] PRIMARY KEY ([userID])
);
CREATE TABLE [dbo].[Porosit] ( 
  [idPorosia] INT IDENTITY NOT NULL,
  [totaliPorosis] DECIMAL(18,2) NULL,
  [dataPorosis] DATE NULL CONSTRAINT [DF__Porosit__dataPor__7FD5EEA5] DEFAULT (getdate()) ,
  [statusiPorosis] VARCHAR(30) NULL CONSTRAINT [DF__Porosit__statusi__00CA12DE] DEFAULT ('Ne Procesim') ,
  [idKlienti] INT NULL,
  [zbritja] DECIMAL(18,2) NULL,
  [totaliProdukteve] INT NULL CONSTRAINT [DF__Porosit__totaliP__654CE0F2] DEFAULT ((0)) ,
  CONSTRAINT [PK__Porosit__A9F27D2AB271ADFC] PRIMARY KEY ([idPorosia])
);
CREATE TABLE [dbo].[Produkti] ( 
  [produktiID] INT IDENTITY NOT NULL,
  [emriProduktit] TEXT NULL,
  [pershkrimi] TEXT NULL,
  [fotoProduktit] VARCHAR(40) NULL CONSTRAINT [DF__Produkti__fotoPr__764C846B] DEFAULT ('produktPaFoto.png') ,
  [kompaniaID] INT NULL,
  [kategoriaID] INT NULL,
  [zbritja] DECIMAL(10,2) NULL,
  CONSTRAINT [PK__Produkti__76A3DFCF91A50347] PRIMARY KEY ([produktiID])
);
CREATE TABLE [dbo].[RegjistrimiStokut] ( 
  [idRegjistrimit] INT IDENTITY NOT NULL,
  [dataRegjistrimit] DATETIME NULL CONSTRAINT [DF__Regjistri__dataR__049AA3C2] DEFAULT (getdate()) ,
  [stafiID] INT NULL,
  [totaliProdukteveRegjistruara] INT NULL,
  [shumaTotaleRegjistrimit] DECIMAL(18,2) NULL,
  [shumaTotaleBlerese] DECIMAL(18,2) NULL,
  CONSTRAINT [PK_RegjistrimiStokut] PRIMARY KEY ([idRegjistrimit])
);
CREATE TABLE [dbo].[StokuQmimiProduktit] ( 
  [produktiID] INT NOT NULL,
  [sasiaNeStok] INT NULL CONSTRAINT [DF__StokuQmim__sasia__0C3BC58A] DEFAULT ((0)) ,
  [qmimiBleres] DECIMAL(18,2) NULL CONSTRAINT [DF__StokuQmim__qmimi__0D2FE9C3] DEFAULT ((0)) ,
  [qmimiProduktit] DECIMAL(18,2) NULL CONSTRAINT [DF__StokuQmim__qmimi__0E240DFC] DEFAULT ((0)) ,
  [dataKrijimit] DATETIME NULL CONSTRAINT [DF__StokuQmim__dataK__0F183235] DEFAULT (getdate()) ,
  [dataPerditsimit] DATETIME NULL CONSTRAINT [DF__StokuQmim__dataP__100C566E] DEFAULT (getdate()) ,
  CONSTRAINT [PK_StokuProduktit] PRIMARY KEY ([produktiID])
);
CREATE TABLE [dbo].[TeDhenatBiznesit] ( 
  [IDTeDhenatBiznesit] INT NOT NULL,
  [EmriIBiznesit] NVARCHAR(250) NULL,
  [ShkurtesaEmritBiznesit] VARCHAR(7) NULL,
  [NUI] INT NULL,
  [NF] INT NULL,
  [NRTVSH] INT NULL,
  [Adresa] NVARCHAR(250) NULL,
  [NrKontaktit] NVARCHAR(20) NULL,
  [Email] NVARCHAR(250) NULL,
  [Logo] VARCHAR(40) NULL,
  CONSTRAINT [PK_TeDhenatBiznesit] PRIMARY KEY ([IDTeDhenatBiznesit])
);
CREATE TABLE [dbo].[TeDhenatEPorosis] ( 
  [idDetajet] INT IDENTITY NOT NULL,
  [qmimiTotal] DECIMAL(18,2) NULL,
  [sasiaPorositur] INT NULL,
  [idPorosia] INT NULL,
  [idProdukti] INT NULL,
  [qmimiProduktit] DECIMAL(18,2) NULL,
  CONSTRAINT [PK__TeDhenat__494F491F84D65D51] PRIMARY KEY ([idDetajet])
);
CREATE TABLE [dbo].[TeDhenatPerdoruesit] ( 
  [userID] INT NOT NULL,
  [nrKontaktit] VARCHAR(15) NULL,
  [qyteti] VARCHAR(20) NULL,
  [zipKodi] INT NULL,
  [adresa] VARCHAR(40) NULL,
  [shteti] VARCHAR(30) NULL
);
CREATE TABLE [dbo].[TeDhenatRegjistrimit] ( 
  [id] INT IDENTITY NOT NULL,
  [idRegjistrimit] INT NULL,
  [idProduktit] INT NULL,
  [sasiaStokut] INT NULL,
  [qmimiBleres] DECIMAL(18,2) NULL,
  [qmimiShites] DECIMAL(18,2) NULL,
  CONSTRAINT [PK_TeDhenatRegjistrimit] PRIMARY KEY ([id])
);
CREATE TABLE [dbo].[ZbritjaQmimitProduktit] ( 
  [produktiID] INT NOT NULL,
  [qmimiPaZbritjeProduktit] DECIMAL(18,2) NULL CONSTRAINT [DF__ZbritjaQm__qmimi__13DCE752] DEFAULT ((0)) ,
  [qmimiMeZbritjeProduktit] DECIMAL(18,2) NULL CONSTRAINT [DF__ZbritjaQm__qmimi__14D10B8B] DEFAULT ((0)) ,
  [dataZbritjes] DATETIME NULL CONSTRAINT [DF__ZbritjaQm__dataZ__15C52FC4] DEFAULT (getdate()) ,
  [dataSkadimit] DATETIME NULL CONSTRAINT [DF__ZbritjaQm__dataS__16B953FD] DEFAULT (getdate()) ,
  CONSTRAINT [PK_ZbritjaQmimitProduktit] PRIMARY KEY ([produktiID])
);
CREATE TABLE [dbo].[__EFMigrationsHistory] ( 
  [MigrationId] NVARCHAR(150) NOT NULL,
  [ProductVersion] NVARCHAR(32) NOT NULL,
  CONSTRAINT [PK___EFMigrationsHistory] PRIMARY KEY ([MigrationId])
);
CREATE INDEX [IX_AspNetRoleClaims_RoleId] 
ON [dbo].[AspNetRoleClaims] (
  [RoleId] ASC
);
CREATE UNIQUE INDEX [RoleNameIndex] 
ON [dbo].[AspNetRoles] (
  [NormalizedName] ASC
);
CREATE INDEX [IX_AspNetUserClaims_UserId] 
ON [dbo].[AspNetUserClaims] (
  [UserId] ASC
);
CREATE INDEX [IX_AspNetUserLogins_UserId] 
ON [dbo].[AspNetUserLogins] (
  [UserId] ASC
);
CREATE INDEX [IX_AspNetUserRoles_RoleId] 
ON [dbo].[AspNetUserRoles] (
  [RoleId] ASC
);
CREATE INDEX [EmailIndex] 
ON [dbo].[AspNetUsers] (
  [NormalizedEmail] ASC
);
CREATE UNIQUE INDEX [UserNameIndex] 
ON [dbo].[AspNetUsers] (
  [NormalizedUserName] ASC
);
CREATE INDEX [IX_ContactForm_userID] 
ON [dbo].[ContactForm] (
  [userID] ASC
);
CREATE INDEX [IX_KodiZbritjes_idProdukti] 
ON [dbo].[KodiZbritjes] (
  [idProdukti] ASC
);
CREATE UNIQUE INDEX [UQ__Perdorue__F3DBC5728A6B6DAE] 
ON [dbo].[Perdoruesi] (
  [username] ASC
);
CREATE INDEX [IX_Porosit_idKlienti] 
ON [dbo].[Porosit] (
  [idKlienti] ASC
);
CREATE INDEX [IX_Produkti_kategoriaID] 
ON [dbo].[Produkti] (
  [kategoriaID] ASC
);
CREATE INDEX [IX_Produkti_kompaniaID] 
ON [dbo].[Produkti] (
  [kompaniaID] ASC
);
CREATE INDEX [IX_RegjistrimiStokut_stafiID] 
ON [dbo].[RegjistrimiStokut] (
  [stafiID] ASC
);
CREATE INDEX [IX_TeDhenatEPorosis_idPorosia] 
ON [dbo].[TeDhenatEPorosis] (
  [idPorosia] ASC
);
CREATE INDEX [IX_TeDhenatEPorosis_idProdukti] 
ON [dbo].[TeDhenatEPorosis] (
  [idProdukti] ASC
);
CREATE INDEX [IX_TeDhenatRegjistrimit_idProduktit] 
ON [dbo].[TeDhenatRegjistrimit] (
  [idProduktit] ASC
);
CREATE INDEX [IX_TeDhenatRegjistrimit_idRegjistrimit] 
ON [dbo].[TeDhenatRegjistrimit] (
  [idRegjistrimit] ASC
);
TRUNCATE TABLE [dbo].[AspNetRoleClaims];
TRUNCATE TABLE [dbo].[AspNetRoles];
TRUNCATE TABLE [dbo].[AspNetUserClaims];
TRUNCATE TABLE [dbo].[AspNetUserLogins];
TRUNCATE TABLE [dbo].[AspNetUserRoles];
TRUNCATE TABLE [dbo].[AspNetUserTokens];
TRUNCATE TABLE [dbo].[AspNetUsers];
TRUNCATE TABLE [dbo].[ContactForm];
TRUNCATE TABLE [dbo].[KategoriaProduktit];
TRUNCATE TABLE [dbo].[KodiZbritjes];
TRUNCATE TABLE [dbo].[Kompania];
TRUNCATE TABLE [dbo].[Perdoruesi];
TRUNCATE TABLE [dbo].[Porosit];
TRUNCATE TABLE [dbo].[Produkti];
TRUNCATE TABLE [dbo].[RegjistrimiStokut];
TRUNCATE TABLE [dbo].[StokuQmimiProduktit];
TRUNCATE TABLE [dbo].[TeDhenatBiznesit];
TRUNCATE TABLE [dbo].[TeDhenatEPorosis];
TRUNCATE TABLE [dbo].[TeDhenatPerdoruesit];
TRUNCATE TABLE [dbo].[TeDhenatRegjistrimit];
TRUNCATE TABLE [dbo].[ZbritjaQmimitProduktit];
TRUNCATE TABLE [dbo].[__EFMigrationsHistory];
SET IDENTITY_INSERT [dbo].[AspNetRoleClaims] ON;
SET IDENTITY_INSERT [dbo].[AspNetRoleClaims] OFF;
INSERT INTO [dbo].[AspNetRoles] ([Id], [Name], [NormalizedName], [ConcurrencyStamp]) VALUES ('0267d4fd-5bac-4552-9930-8e528b2fec1b', 'Admin', 'ADMIN', 'bcb0a7f8-41b2-48ce-bf39-fbc24516012e');
INSERT INTO [dbo].[AspNetRoles] ([Id], [Name], [NormalizedName], [ConcurrencyStamp]) VALUES ('80833e27-d6b5-49e8-8fc3-42d7ade1eb49', 'Klient', 'KLIENT', '17f1a7d3-bb90-4574-b74f-db2c96d0b17d');
INSERT INTO [dbo].[AspNetRoles] ([Id], [Name], [NormalizedName], [ConcurrencyStamp]) VALUES ('be4b8ef8-abf0-454c-852c-676cdab20e3b', 'User', 'USER', '264000ea-9d66-4686-b48b-e06165a906fc');
INSERT INTO [dbo].[AspNetRoles] ([Id], [Name], [NormalizedName], [ConcurrencyStamp]) VALUES ('db3dd60d-a159-4f85-a9a5-d1444ee1013d', 'Menaxher', 'MENAXHER', '3e215a86-6eeb-48a6-90d9-fe12a7a70f28');
SET IDENTITY_INSERT [dbo].[AspNetUserClaims] ON;
SET IDENTITY_INSERT [dbo].[AspNetUserClaims] OFF;
INSERT INTO [dbo].[AspNetUserRoles] ([UserId], [RoleId]) VALUES ('36da09a1-a245-46b2-9a29-08c75ca1b769', '0267d4fd-5bac-4552-9930-8e528b2fec1b');
INSERT INTO [dbo].[AspNetUserRoles] ([UserId], [RoleId]) VALUES ('5d42072c-fcb5-4c9b-9c25-a0066c7ff1d9', '0267d4fd-5bac-4552-9930-8e528b2fec1b');
INSERT INTO [dbo].[AspNetUserRoles] ([UserId], [RoleId]) VALUES ('82345d9d-a4d0-4076-8d43-f61d63604472', '0267d4fd-5bac-4552-9930-8e528b2fec1b');
INSERT INTO [dbo].[AspNetUserRoles] ([UserId], [RoleId]) VALUES ('a6ded093-cf79-42e0-b500-58a004892b15', '0267d4fd-5bac-4552-9930-8e528b2fec1b');
INSERT INTO [dbo].[AspNetUserRoles] ([UserId], [RoleId]) VALUES ('beea69a5-cb0f-41a4-85c2-50fd5e1dad11', '0267d4fd-5bac-4552-9930-8e528b2fec1b');
INSERT INTO [dbo].[AspNetUserRoles] ([UserId], [RoleId]) VALUES ('ed78a52a-167d-4d20-852e-257dc41408ea', '0267d4fd-5bac-4552-9930-8e528b2fec1b');
INSERT INTO [dbo].[AspNetUserRoles] ([UserId], [RoleId]) VALUES ('f2bb7622-23ac-4c5f-8d71-00032b281e37', '0267d4fd-5bac-4552-9930-8e528b2fec1b');
INSERT INTO [dbo].[AspNetUserRoles] ([UserId], [RoleId]) VALUES ('fea15606-dc8f-4b3d-9f6f-5c2ca53aaf9d', '0267d4fd-5bac-4552-9930-8e528b2fec1b');
INSERT INTO [dbo].[AspNetUserRoles] ([UserId], [RoleId]) VALUES ('82345d9d-a4d0-4076-8d43-f61d63604472', '80833e27-d6b5-49e8-8fc3-42d7ade1eb49');
INSERT INTO [dbo].[AspNetUserRoles] ([UserId], [RoleId]) VALUES ('09e7e384-1597-4b58-be8d-e500983b7e6a', 'be4b8ef8-abf0-454c-852c-676cdab20e3b');
INSERT INTO [dbo].[AspNetUserRoles] ([UserId], [RoleId]) VALUES ('0fe2c1c8-6086-454f-83e8-fadee72336ad', 'be4b8ef8-abf0-454c-852c-676cdab20e3b');
INSERT INTO [dbo].[AspNetUserRoles] ([UserId], [RoleId]) VALUES ('141ee1b9-f205-4cdb-bf60-1923366fdba8', 'be4b8ef8-abf0-454c-852c-676cdab20e3b');
INSERT INTO [dbo].[AspNetUserRoles] ([UserId], [RoleId]) VALUES ('18c53e36-75a8-42bb-b78a-ea7bec040f86', 'be4b8ef8-abf0-454c-852c-676cdab20e3b');
INSERT INTO [dbo].[AspNetUserRoles] ([UserId], [RoleId]) VALUES ('22bfef71-8cab-4d15-af26-ab4bc6110222', 'be4b8ef8-abf0-454c-852c-676cdab20e3b');
INSERT INTO [dbo].[AspNetUserRoles] ([UserId], [RoleId]) VALUES ('288577bc-9274-4223-b579-b490ee1f38e2', 'be4b8ef8-abf0-454c-852c-676cdab20e3b');
INSERT INTO [dbo].[AspNetUserRoles] ([UserId], [RoleId]) VALUES ('3043b855-1536-4325-8e23-223355983231', 'be4b8ef8-abf0-454c-852c-676cdab20e3b');
INSERT INTO [dbo].[AspNetUserRoles] ([UserId], [RoleId]) VALUES ('36da09a1-a245-46b2-9a29-08c75ca1b769', 'be4b8ef8-abf0-454c-852c-676cdab20e3b');
INSERT INTO [dbo].[AspNetUserRoles] ([UserId], [RoleId]) VALUES ('38008392-4173-4525-91f6-1ca31417776c', 'be4b8ef8-abf0-454c-852c-676cdab20e3b');
INSERT INTO [dbo].[AspNetUserRoles] ([UserId], [RoleId]) VALUES ('487b813e-11a9-4ab6-9b10-ead71266c288', 'be4b8ef8-abf0-454c-852c-676cdab20e3b');
INSERT INTO [dbo].[AspNetUserRoles] ([UserId], [RoleId]) VALUES ('4fcd6f29-950e-43ac-a8ac-936ccc92cabc', 'be4b8ef8-abf0-454c-852c-676cdab20e3b');
INSERT INTO [dbo].[AspNetUserRoles] ([UserId], [RoleId]) VALUES ('524411b2-2789-4c02-9c0b-c227b742d6ed', 'be4b8ef8-abf0-454c-852c-676cdab20e3b');
INSERT INTO [dbo].[AspNetUserRoles] ([UserId], [RoleId]) VALUES ('531575ac-afd3-4b81-a981-8cc0b579c28f', 'be4b8ef8-abf0-454c-852c-676cdab20e3b');
INSERT INTO [dbo].[AspNetUserRoles] ([UserId], [RoleId]) VALUES ('5d42072c-fcb5-4c9b-9c25-a0066c7ff1d9', 'be4b8ef8-abf0-454c-852c-676cdab20e3b');
INSERT INTO [dbo].[AspNetUserRoles] ([UserId], [RoleId]) VALUES ('606a59d6-8424-438f-a210-2b360b84fb49', 'be4b8ef8-abf0-454c-852c-676cdab20e3b');
INSERT INTO [dbo].[AspNetUserRoles] ([UserId], [RoleId]) VALUES ('68346e99-7a27-434b-b15b-4e2a1d8146d8', 'be4b8ef8-abf0-454c-852c-676cdab20e3b');
INSERT INTO [dbo].[AspNetUserRoles] ([UserId], [RoleId]) VALUES ('687204c7-2a82-46cc-95d6-fcdeaee48e18', 'be4b8ef8-abf0-454c-852c-676cdab20e3b');
INSERT INTO [dbo].[AspNetUserRoles] ([UserId], [RoleId]) VALUES ('6c25088f-7e41-4b73-9380-549d31b14934', 'be4b8ef8-abf0-454c-852c-676cdab20e3b');
INSERT INTO [dbo].[AspNetUserRoles] ([UserId], [RoleId]) VALUES ('6d965852-5dc8-4bd1-b3ed-32f810133da6', 'be4b8ef8-abf0-454c-852c-676cdab20e3b');
INSERT INTO [dbo].[AspNetUserRoles] ([UserId], [RoleId]) VALUES ('7ab40b8b-a135-48c8-97ac-f1870de525c4', 'be4b8ef8-abf0-454c-852c-676cdab20e3b');
INSERT INTO [dbo].[AspNetUserRoles] ([UserId], [RoleId]) VALUES ('81d433b8-1f64-40ef-9511-6d9dbd56f0cf', 'be4b8ef8-abf0-454c-852c-676cdab20e3b');
INSERT INTO [dbo].[AspNetUserRoles] ([UserId], [RoleId]) VALUES ('82345d9d-a4d0-4076-8d43-f61d63604472', 'be4b8ef8-abf0-454c-852c-676cdab20e3b');
INSERT INTO [dbo].[AspNetUserRoles] ([UserId], [RoleId]) VALUES ('851fb44f-4776-4efa-9005-6334cd0ce0b2', 'be4b8ef8-abf0-454c-852c-676cdab20e3b');
INSERT INTO [dbo].[AspNetUserRoles] ([UserId], [RoleId]) VALUES ('873a3d0f-e72c-48c1-8a38-d06bff07c737', 'be4b8ef8-abf0-454c-852c-676cdab20e3b');
INSERT INTO [dbo].[AspNetUserRoles] ([UserId], [RoleId]) VALUES ('922df69c-2db5-4ce7-a63c-c373e2899678', 'be4b8ef8-abf0-454c-852c-676cdab20e3b');
INSERT INTO [dbo].[AspNetUserRoles] ([UserId], [RoleId]) VALUES ('96f706ca-2d28-4e48-80e9-0d03fad60d1a', 'be4b8ef8-abf0-454c-852c-676cdab20e3b');
INSERT INTO [dbo].[AspNetUserRoles] ([UserId], [RoleId]) VALUES ('9922d8bc-e3e9-40cf-82fc-bb096d4f2fe2', 'be4b8ef8-abf0-454c-852c-676cdab20e3b');
INSERT INTO [dbo].[AspNetUserRoles] ([UserId], [RoleId]) VALUES ('9d6b2651-641d-4c85-9154-99761863fc65', 'be4b8ef8-abf0-454c-852c-676cdab20e3b');
INSERT INTO [dbo].[AspNetUserRoles] ([UserId], [RoleId]) VALUES ('9fd9b11e-440c-4c4f-bb46-06ea5bdd7e75', 'be4b8ef8-abf0-454c-852c-676cdab20e3b');
INSERT INTO [dbo].[AspNetUserRoles] ([UserId], [RoleId]) VALUES ('a6ded093-cf79-42e0-b500-58a004892b15', 'be4b8ef8-abf0-454c-852c-676cdab20e3b');
INSERT INTO [dbo].[AspNetUserRoles] ([UserId], [RoleId]) VALUES ('b8461f8d-1c0c-4cfc-8437-5ad1a0c3a42e', 'be4b8ef8-abf0-454c-852c-676cdab20e3b');
INSERT INTO [dbo].[AspNetUserRoles] ([UserId], [RoleId]) VALUES ('beea69a5-cb0f-41a4-85c2-50fd5e1dad11', 'be4b8ef8-abf0-454c-852c-676cdab20e3b');
INSERT INTO [dbo].[AspNetUserRoles] ([UserId], [RoleId]) VALUES ('cf6b526b-d436-4bae-ba4e-29d5567e9275', 'be4b8ef8-abf0-454c-852c-676cdab20e3b');
INSERT INTO [dbo].[AspNetUserRoles] ([UserId], [RoleId]) VALUES ('d2a7088f-a25e-4f3f-8488-b616eeaff928', 'be4b8ef8-abf0-454c-852c-676cdab20e3b');
INSERT INTO [dbo].[AspNetUserRoles] ([UserId], [RoleId]) VALUES ('e0f612cd-e026-4335-95e8-f08c148a0f5c', 'be4b8ef8-abf0-454c-852c-676cdab20e3b');
INSERT INTO [dbo].[AspNetUserRoles] ([UserId], [RoleId]) VALUES ('ed78a52a-167d-4d20-852e-257dc41408ea', 'be4b8ef8-abf0-454c-852c-676cdab20e3b');
INSERT INTO [dbo].[AspNetUserRoles] ([UserId], [RoleId]) VALUES ('f2bb7622-23ac-4c5f-8d71-00032b281e37', 'be4b8ef8-abf0-454c-852c-676cdab20e3b');
INSERT INTO [dbo].[AspNetUserRoles] ([UserId], [RoleId]) VALUES ('fea15606-dc8f-4b3d-9f6f-5c2ca53aaf9d', 'be4b8ef8-abf0-454c-852c-676cdab20e3b');
INSERT INTO [dbo].[AspNetUserRoles] ([UserId], [RoleId]) VALUES ('36da09a1-a245-46b2-9a29-08c75ca1b769', 'db3dd60d-a159-4f85-a9a5-d1444ee1013d');
INSERT INTO [dbo].[AspNetUserRoles] ([UserId], [RoleId]) VALUES ('524411b2-2789-4c02-9c0b-c227b742d6ed', 'db3dd60d-a159-4f85-a9a5-d1444ee1013d');
INSERT INTO [dbo].[AspNetUserRoles] ([UserId], [RoleId]) VALUES ('5d42072c-fcb5-4c9b-9c25-a0066c7ff1d9', 'db3dd60d-a159-4f85-a9a5-d1444ee1013d');
INSERT INTO [dbo].[AspNetUserRoles] ([UserId], [RoleId]) VALUES ('82345d9d-a4d0-4076-8d43-f61d63604472', 'db3dd60d-a159-4f85-a9a5-d1444ee1013d');
INSERT INTO [dbo].[AspNetUserRoles] ([UserId], [RoleId]) VALUES ('851fb44f-4776-4efa-9005-6334cd0ce0b2', 'db3dd60d-a159-4f85-a9a5-d1444ee1013d');
INSERT INTO [dbo].[AspNetUserRoles] ([UserId], [RoleId]) VALUES ('a6ded093-cf79-42e0-b500-58a004892b15', 'db3dd60d-a159-4f85-a9a5-d1444ee1013d');
INSERT INTO [dbo].[AspNetUserRoles] ([UserId], [RoleId]) VALUES ('d2a7088f-a25e-4f3f-8488-b616eeaff928', 'db3dd60d-a159-4f85-a9a5-d1444ee1013d');
INSERT INTO [dbo].[AspNetUserRoles] ([UserId], [RoleId]) VALUES ('f2bb7622-23ac-4c5f-8d71-00032b281e37', 'db3dd60d-a159-4f85-a9a5-d1444ee1013d');
INSERT INTO [dbo].[AspNetUserRoles] ([UserId], [RoleId]) VALUES ('fea15606-dc8f-4b3d-9f6f-5c2ca53aaf9d', 'db3dd60d-a159-4f85-a9a5-d1444ee1013d');
INSERT INTO [dbo].[AspNetUsers] ([Id], [UserName], [NormalizedUserName], [Email], [NormalizedEmail], [EmailConfirmed], [PasswordHash], [SecurityStamp], [ConcurrencyStamp], [PhoneNumber], [PhoneNumberConfirmed], [TwoFactorEnabled], [LockoutEnd], [LockoutEnabled], [AccessFailedCount]) VALUES ('09e7e384-1597-4b58-be8d-e500983b7e6a', 'lbasha', 'LBASHA', 'lindita.basha@gmail.com', 'LINDITA.BASHA@GMAIL.COM', 0, 'AQAAAAEAACcQAAAAEN/RLQjxPsjvzf7kaln7KvYFVpSIzONOl6O6QAKhYtPQIWkE9S9Pn0ZIWJLreep+vQ==', 'LCEBNQEQ2ISGXLFDORWPRVOTYORJJZQ6', '3a8bfc74-18a2-4c9d-9fb4-8ae778d8dd07', NULL, 0, 0, NULL, 1, 0);
INSERT INTO [dbo].[AspNetUsers] ([Id], [UserName], [NormalizedUserName], [Email], [NormalizedEmail], [EmailConfirmed], [PasswordHash], [SecurityStamp], [ConcurrencyStamp], [PhoneNumber], [PhoneNumberConfirmed], [TwoFactorEnabled], [LockoutEnd], [LockoutEnabled], [AccessFailedCount]) VALUES ('0fe2c1c8-6086-454f-83e8-fadee72336ad', 'vkrasniqi', 'VKRASNIQI', 'valbona.krasniqi@gmail.com', 'VALBONA.KRASNIQI@GMAIL.COM', 0, 'AQAAAAEAACcQAAAAEJcUOEZXjBcLyTmPtnTVzn7qRhNDKR8t71Ow+XsjXursR75fjpPnsW6AZ6lyedwTjg==', 'SA7YBQSAWX4FA6E2TDZ2VY2WPJ2FUNSP', '5091047b-ced2-4711-9422-f638e38bcf8f', NULL, 0, 0, NULL, 1, 0);
INSERT INTO [dbo].[AspNetUsers] ([Id], [UserName], [NormalizedUserName], [Email], [NormalizedEmail], [EmailConfirmed], [PasswordHash], [SecurityStamp], [ConcurrencyStamp], [PhoneNumber], [PhoneNumberConfirmed], [TwoFactorEnabled], [LockoutEnd], [LockoutEnabled], [AccessFailedCount]) VALUES ('141ee1b9-f205-4cdb-bf60-1923366fdba8', 'vberisha', 'VBERISHA', 'valdrin.berisha@gmail.com', 'VALDRIN.BERISHA@GMAIL.COM', 0, 'AQAAAAEAACcQAAAAEO4G2xxImNyIiWYE2dYqDqdX81cBoCPDY9dbwoMD2LYuQ/JLAtIRT3bQnw4fqEg+0g==', '75FA4YTSRWERZDVOK2WIHOBSBWBPDIXS', '38472544-a835-4ca1-872b-f0c69b57ea33', NULL, 0, 0, NULL, 1, 0);
INSERT INTO [dbo].[AspNetUsers] ([Id], [UserName], [NormalizedUserName], [Email], [NormalizedEmail], [EmailConfirmed], [PasswordHash], [SecurityStamp], [ConcurrencyStamp], [PhoneNumber], [PhoneNumberConfirmed], [TwoFactorEnabled], [LockoutEnd], [LockoutEnabled], [AccessFailedCount]) VALUES ('18c53e36-75a8-42bb-b78a-ea7bec040f86', 'gsalihi', 'GSALIHI', 'gent.salihi@gmail.com', 'GENT.SALIHI@GMAIL.COM', 0, 'AQAAAAEAACcQAAAAEM7cR9WSuMlWzy4AqgSOxmWp+YLvZuKDd/xSrCnMVfMDPT5DoLibijFkaPiXgRVKyA==', '6PLNWA3P4HQNCCYGNYLU4QK7UVNJ6B7A', 'eaf02981-82a0-4e38-a8bf-dcadc8735566', NULL, 0, 0, NULL, 1, 0);
INSERT INTO [dbo].[AspNetUsers] ([Id], [UserName], [NormalizedUserName], [Email], [NormalizedEmail], [EmailConfirmed], [PasswordHash], [SecurityStamp], [ConcurrencyStamp], [PhoneNumber], [PhoneNumberConfirmed], [TwoFactorEnabled], [LockoutEnd], [LockoutEnabled], [AccessFailedCount]) VALUES ('22bfef71-8cab-4d15-af26-ab4bc6110222', 'alleshi', 'ALLESHI', 'afrim.lleshi@gmail.com', 'AFRIM.LLESHI@GMAIL.COM', 0, 'AQAAAAEAACcQAAAAEOJ3lr+V9KB2lwngAQPcjtqm+HKoQjWOwqYx9A63jYMquKlB7B5snaPMpgzT1RvKNw==', 'WQEJJCHIMAT6CE7ORINRVZW2UJ2TDMNG', '2910b44e-1064-4c8a-91a2-25c6814f068a', NULL, 0, 0, NULL, 1, 0);
INSERT INTO [dbo].[AspNetUsers] ([Id], [UserName], [NormalizedUserName], [Email], [NormalizedEmail], [EmailConfirmed], [PasswordHash], [SecurityStamp], [ConcurrencyStamp], [PhoneNumber], [PhoneNumberConfirmed], [TwoFactorEnabled], [LockoutEnd], [LockoutEnabled], [AccessFailedCount]) VALUES ('288577bc-9274-4223-b579-b490ee1f38e2', 'fkrasniqi', 'FKRASNIQI', 'florin.krasniqi@gmail.com', 'FLORIN.KRASNIQI@GMAIL.COM', 0, 'AQAAAAEAACcQAAAAEBPsnBmASC8wkNOpnPtvVtRJ1zyOmnLthWWXOEjT6RREz/3jMHazqMFQZMRvkTXFKA==', 'CIOFJW3BRBZR7HAFSJYDJI2LS6APRGPC', '69d185fb-4b4c-4466-adbb-39ddc1cb6e37', NULL, 0, 0, NULL, 1, 0);
INSERT INTO [dbo].[AspNetUsers] ([Id], [UserName], [NormalizedUserName], [Email], [NormalizedEmail], [EmailConfirmed], [PasswordHash], [SecurityStamp], [ConcurrencyStamp], [PhoneNumber], [PhoneNumberConfirmed], [TwoFactorEnabled], [LockoutEnd], [LockoutEnabled], [AccessFailedCount]) VALUES ('3043b855-1536-4325-8e23-223355983231', 'rhajdari', 'RHAJDARI', 'rron.hajdari@gmail.com', 'RRON.HAJDARI@GMAIL.COM', 0, 'AQAAAAEAACcQAAAAECaaawyNxhxDOw0sVhzPu/Jt90SYqKRHWPRVyEpTqA0aosWT17gOOCXAudBeMIiSaw==', '3QOQ4C6RMXIBGRNB7MIVJPO7QZ2B2HGR', '21586ef9-f591-4c7c-a810-fd048ff25ee1', NULL, 0, 0, NULL, 1, 0);
INSERT INTO [dbo].[AspNetUsers] ([Id], [UserName], [NormalizedUserName], [Email], [NormalizedEmail], [EmailConfirmed], [PasswordHash], [SecurityStamp], [ConcurrencyStamp], [PhoneNumber], [PhoneNumberConfirmed], [TwoFactorEnabled], [LockoutEnd], [LockoutEnabled], [AccessFailedCount]) VALUES ('36da09a1-a245-46b2-9a29-08c75ca1b769', 'ijezerci', 'IJEZERCI', 'ilire.jezerci@gmail.com', 'ILIRE.JEZERCI@GMAIL.COM', 0, 'AQAAAAEAACcQAAAAEB345i2LmCHA8cwQWLccNzSL7/d/oxUDfQe1bSm+2WdkOW1MMXu7OzoJB4IO2k4+1g==', 'EFMGXYN3XWNJCT3ZSJHFCEWXOTM2REOW', '4cfa1040-d240-4766-9ac0-26dec33b0be0', NULL, 0, 0, NULL, 1, 0);
INSERT INTO [dbo].[AspNetUsers] ([Id], [UserName], [NormalizedUserName], [Email], [NormalizedEmail], [EmailConfirmed], [PasswordHash], [SecurityStamp], [ConcurrencyStamp], [PhoneNumber], [PhoneNumberConfirmed], [TwoFactorEnabled], [LockoutEnd], [LockoutEnabled], [AccessFailedCount]) VALUES ('38008392-4173-4525-91f6-1ca31417776c', 'ejashari', 'EJASHARI', 'enver.jashari@gmail.com', 'ENVER.JASHARI@GMAIL.COM', 0, 'AQAAAAEAACcQAAAAEA/2yooqoygDjru5YWwagVJYszCXWXPW3dXRRygZmKRFKzuX0BXWR4ghGSYZQHtS1Q==', 'OASBMFPH2LAQ4UT3H4HES2YFNQB4AYUM', '9413bc77-6c0e-4c4c-8792-f863b597a41e', NULL, 0, 0, NULL, 1, 0);
INSERT INTO [dbo].[AspNetUsers] ([Id], [UserName], [NormalizedUserName], [Email], [NormalizedEmail], [EmailConfirmed], [PasswordHash], [SecurityStamp], [ConcurrencyStamp], [PhoneNumber], [PhoneNumberConfirmed], [TwoFactorEnabled], [LockoutEnd], [LockoutEnabled], [AccessFailedCount]) VALUES ('487b813e-11a9-4ab6-9b10-ead71266c288', 'fmurtezi', 'FMURTEZI', 'fatlum.murtezi@gmail.com', 'FATLUM.MURTEZI@GMAIL.COM', 0, 'AQAAAAEAACcQAAAAEPIqe5Oq64U8ami67vEwyMEpQ8tG5xkJYGkVTva2LE5YH8HQNb+SDu0JybeuAeHndQ==', 'WSXFQDATUVA6RZ47MXQ5NPAAHVBO4ALP', '8b7435cb-84e0-4dea-ba1b-9bfc03a885e8', NULL, 0, 0, NULL, 1, 0);
INSERT INTO [dbo].[AspNetUsers] ([Id], [UserName], [NormalizedUserName], [Email], [NormalizedEmail], [EmailConfirmed], [PasswordHash], [SecurityStamp], [ConcurrencyStamp], [PhoneNumber], [PhoneNumberConfirmed], [TwoFactorEnabled], [LockoutEnd], [LockoutEnabled], [AccessFailedCount]) VALUES ('4fcd6f29-950e-43ac-a8ac-936ccc92cabc', 'librahimi', 'LIBRAHIMI', 'luljeta.ibrahimi@gmail.com', 'LULJETA.IBRAHIMI@GMAIL.COM', 0, 'AQAAAAEAACcQAAAAEFo8JGLMGJFIgMnoEeUNnp1IpkgM2mlmIWf1Ig4nHn6M3sfL1eXrWGb0G1Y6JSVFiA==', 'HQGHQOZIYIJZJ6HIZLC2FABZSYPOV6VK', '9a47a945-ac33-4c16-b024-3206552f5f25', NULL, 0, 0, NULL, 1, 0);
INSERT INTO [dbo].[AspNetUsers] ([Id], [UserName], [NormalizedUserName], [Email], [NormalizedEmail], [EmailConfirmed], [PasswordHash], [SecurityStamp], [ConcurrencyStamp], [PhoneNumber], [PhoneNumberConfirmed], [TwoFactorEnabled], [LockoutEnd], [LockoutEnabled], [AccessFailedCount]) VALUES ('524411b2-2789-4c02-9c0b-c227b742d6ed', 'dshala', 'DSHALA', 'drita.shala@gmail.com', 'DRITA.SHALA@GMAIL.COM', 0, 'AQAAAAEAACcQAAAAEPvz9h56Iuw6OSbwCQw5loRaa+QWc6nyvpcMJcQzzgnHs/XFtvmiUL6cIdhAK/SyYQ==', 'I3U6H5F5MCGWF4RRKAQK6NGZM4R5PB2S', '4a80cc73-ba8c-4084-a5b4-e8576c20948a', NULL, 0, 0, NULL, 1, 0);
INSERT INTO [dbo].[AspNetUsers] ([Id], [UserName], [NormalizedUserName], [Email], [NormalizedEmail], [EmailConfirmed], [PasswordHash], [SecurityStamp], [ConcurrencyStamp], [PhoneNumber], [PhoneNumberConfirmed], [TwoFactorEnabled], [LockoutEnd], [LockoutEnabled], [AccessFailedCount]) VALUES ('531575ac-afd3-4b81-a981-8cc0b579c28f', 'amustafa', 'AMUSTAFA', 'adelina.mustafa@gmail.com', 'ADELINA.MUSTAFA@GMAIL.COM', 0, 'AQAAAAEAACcQAAAAEGYZwP7BvsxcgjG76Au6Xnr7PvuUAIOxTf7PcK5FZYtD/vqS4nlTAi7XHcBK4577gA==', 'SNFJCCBSQWM4EZEU4DMGA3DU6UBSFCBW', '64b8ebf3-2395-42fe-87a2-daad8af0fdf8', NULL, 0, 0, NULL, 1, 0);
INSERT INTO [dbo].[AspNetUsers] ([Id], [UserName], [NormalizedUserName], [Email], [NormalizedEmail], [EmailConfirmed], [PasswordHash], [SecurityStamp], [ConcurrencyStamp], [PhoneNumber], [PhoneNumberConfirmed], [TwoFactorEnabled], [LockoutEnd], [LockoutEnabled], [AccessFailedCount]) VALUES ('5d42072c-fcb5-4c9b-9c25-a0066c7ff1d9', 'pdardhishta', 'PDARDHISHTA', 'perparim.dardhishta@email.com', 'PERPARIM.DARDHISHTA@EMAIL.COM', 0, 'AQAAAAEAACcQAAAAEDQ2sitm08b5F1rA/hnliJwF8eF+6JpndhWF8RgkzgisQCwayn8iTLjKtG7tiPR6sw==', '32FANKBWKUQQEPXSIKVCCVT473VWHDBH', '942a7679-c8b7-450e-aefb-5365288f9a4f', NULL, 0, 0, NULL, 1, 0);
INSERT INTO [dbo].[AspNetUsers] ([Id], [UserName], [NormalizedUserName], [Email], [NormalizedEmail], [EmailConfirmed], [PasswordHash], [SecurityStamp], [ConcurrencyStamp], [PhoneNumber], [PhoneNumberConfirmed], [TwoFactorEnabled], [LockoutEnd], [LockoutEnabled], [AccessFailedCount]) VALUES ('606a59d6-8424-438f-a210-2b360b84fb49', 'vgashi', 'VGASHI', 'vlora.gashi@gmail.com', 'VLORA.GASHI@GMAIL.COM', 0, 'AQAAAAEAACcQAAAAELkWtXiyg3k3j7YNJ9YEXKtOH2A8Rh4OShhlzhYS9tq+uouCbeyd2ccKCqwwfhsEyA==', 'JW76SZQBVOK6Z2JS6QCH2UPMDARYPQVB', '6f5e6029-2e76-4265-b1e4-3760cc653609', NULL, 0, 0, NULL, 1, 0);
INSERT INTO [dbo].[AspNetUsers] ([Id], [UserName], [NormalizedUserName], [Email], [NormalizedEmail], [EmailConfirmed], [PasswordHash], [SecurityStamp], [ConcurrencyStamp], [PhoneNumber], [PhoneNumberConfirmed], [TwoFactorEnabled], [LockoutEnd], [LockoutEnabled], [AccessFailedCount]) VALUES ('68346e99-7a27-434b-b15b-4e2a1d8146d8', 'bkrasniqi', 'BKRASNIQI', 'blerta.krasniqi@gmail.com', 'BLERTA.KRASNIQI@GMAIL.COM', 0, 'AQAAAAEAACcQAAAAEDsKEmfdIaMQpMXvFI48YsxvZnsp8MibT9kWAkitCDS6Jt0YBTNqTUmbMBZ/nWEmrw==', 'SI2NKVDD43PDQOLJ3Z7SYDTHBRFAJLUI', 'c901c00f-9a0d-476d-a061-5c9cfb9d8b20', NULL, 0, 0, NULL, 1, 0);
INSERT INTO [dbo].[AspNetUsers] ([Id], [UserName], [NormalizedUserName], [Email], [NormalizedEmail], [EmailConfirmed], [PasswordHash], [SecurityStamp], [ConcurrencyStamp], [PhoneNumber], [PhoneNumberConfirmed], [TwoFactorEnabled], [LockoutEnd], [LockoutEnabled], [AccessFailedCount]) VALUES ('687204c7-2a82-46cc-95d6-fcdeaee48e18', 'emustafa', 'EMUSTAFA', 'emina.mustafa@gmail.com', 'EMINA.MUSTAFA@GMAIL.COM', 0, 'AQAAAAEAACcQAAAAEByL44c+QCz3rq1izn2UxUS9hj2qDgGpkUY0/IPdq2G3fIqK5Dhr/lRlkZNfsjNV0A==', 'LYG7GUFNNUQZDECFAYHJG7DSFHWCFBN7', '9475095b-5e7a-4553-9e29-40ff5d94eb80', NULL, 0, 0, NULL, 1, 0);
INSERT INTO [dbo].[AspNetUsers] ([Id], [UserName], [NormalizedUserName], [Email], [NormalizedEmail], [EmailConfirmed], [PasswordHash], [SecurityStamp], [ConcurrencyStamp], [PhoneNumber], [PhoneNumberConfirmed], [TwoFactorEnabled], [LockoutEnd], [LockoutEnabled], [AccessFailedCount]) VALUES ('6c25088f-7e41-4b73-9380-549d31b14934', 'zkadriu', 'ZKADRIU', 'zejnullah.kadriu@gmail.com', 'ZEJNULLAH.KADRIU@GMAIL.COM', 0, 'AQAAAAEAACcQAAAAEH4FjhsMTWBbmRhBgaPfnf3gAtBR8AP4fXQ2D4vmoaMykc6mc8c6Xpw+x4zmxMUjeg==', 'O4QMOCTPCKBM2DCJDC4ZU6P6ZWNS24VK', '08d9514a-014d-4ad5-9632-82dd4654fe0f', NULL, 0, 0, NULL, 1, 0);
INSERT INTO [dbo].[AspNetUsers] ([Id], [UserName], [NormalizedUserName], [Email], [NormalizedEmail], [EmailConfirmed], [PasswordHash], [SecurityStamp], [ConcurrencyStamp], [PhoneNumber], [PhoneNumberConfirmed], [TwoFactorEnabled], [LockoutEnd], [LockoutEnabled], [AccessFailedCount]) VALUES ('6d965852-5dc8-4bd1-b3ed-32f810133da6', 'shoxha', 'SHOXHA', 'shpresa.hoxha@gmail.com', 'SHPRESA.HOXHA@GMAIL.COM', 0, 'AQAAAAEAACcQAAAAEBW2WJ8HqtNo92o8QXTKk6GpwJdkPfb41TesRe6cTPd+MB7vy9vkJN7YZ5i3H4Nn5Q==', 'CERKFNLAYA3WLPZE35DBA5ZSUXZMEKBK', '0a4747a0-d83a-41b4-98fa-6fdcfbf5e9aa', NULL, 0, 0, NULL, 1, 0);
INSERT INTO [dbo].[AspNetUsers] ([Id], [UserName], [NormalizedUserName], [Email], [NormalizedEmail], [EmailConfirmed], [PasswordHash], [SecurityStamp], [ConcurrencyStamp], [PhoneNumber], [PhoneNumberConfirmed], [TwoFactorEnabled], [LockoutEnd], [LockoutEnabled], [AccessFailedCount]) VALUES ('7ab40b8b-a135-48c8-97ac-f1870de525c4', 'azeqiri', 'AZEQIRI', 'anila.zeqiri@gmail.com', 'ANILA.ZEQIRI@GMAIL.COM', 0, 'AQAAAAEAACcQAAAAEPRbOsqdyfcw5tcRX2Mw+UsxOFZVoPl/5L84OJjSEOoqk3mW4c+YRT9G0v5Aqstpvw==', '4FF4LOVBMMZPWL52MQN7S5UJ46VQZMPH', 'e025e752-046d-4e6e-a089-9a81641e772a', NULL, 0, 0, NULL, 1, 0);
INSERT INTO [dbo].[AspNetUsers] ([Id], [UserName], [NormalizedUserName], [Email], [NormalizedEmail], [EmailConfirmed], [PasswordHash], [SecurityStamp], [ConcurrencyStamp], [PhoneNumber], [PhoneNumberConfirmed], [TwoFactorEnabled], [LockoutEnd], [LockoutEnabled], [AccessFailedCount]) VALUES ('81d433b8-1f64-40ef-9511-6d9dbd56f0cf', 'dismaili', 'DISMAILI', 'dardan.ismaili@gmail.com', 'DARDAN.ISMAILI@GMAIL.COM', 0, 'AQAAAAEAACcQAAAAEE9STZMW55BVwBpFbjREBTlpYyFeWaRW7+hoqzEpgMHDeMTb/5APXc2AUZJT38LJ3Q==', 'A6URJGV2AOB3BYNDAWZJ33DLROCS3VH3', 'cd19b54b-4fea-4124-b458-a8643a31e339', NULL, 0, 0, NULL, 1, 0);
INSERT INTO [dbo].[AspNetUsers] ([Id], [UserName], [NormalizedUserName], [Email], [NormalizedEmail], [EmailConfirmed], [PasswordHash], [SecurityStamp], [ConcurrencyStamp], [PhoneNumber], [PhoneNumberConfirmed], [TwoFactorEnabled], [LockoutEnd], [LockoutEnabled], [AccessFailedCount]) VALUES ('82345d9d-a4d0-4076-8d43-f61d63604472', 'rkycyku', 'RKYCYKU', 'rilind.kycyku@gmail.com', 'RILIND.KYCYKU@GMAIL.COM', 0, 'AQAAAAEAACcQAAAAEAfN1eX33Xg2J7U52krF4/VJKD8GkDASRAS6GXUiqJAUykuOBpQmOw1V7PSWpgBmTA==', 'WFJWZBDATZYH7J5X34CTOGBXMXGXI67I', '53b911a3-472f-47eb-875c-a18be82379d3', NULL, 0, 0, NULL, 1, 0);
INSERT INTO [dbo].[AspNetUsers] ([Id], [UserName], [NormalizedUserName], [Email], [NormalizedEmail], [EmailConfirmed], [PasswordHash], [SecurityStamp], [ConcurrencyStamp], [PhoneNumber], [PhoneNumberConfirmed], [TwoFactorEnabled], [LockoutEnd], [LockoutEnabled], [AccessFailedCount]) VALUES ('851fb44f-4776-4efa-9005-6334cd0ce0b2', 'lhajdari', 'LHAJDARI', 'liridona.hajdari@gmail.com', 'LIRIDONA.HAJDARI@GMAIL.COM', 0, 'AQAAAAEAACcQAAAAEAxzvhL1TaduFqzAkpEpl6B+CDiSp1oUEv8vCDoVTT2EzLqKoCAC/t1cHHd6snv8iQ==', 'MOFFU6NCY7IN7WGCJIWUEOTWIIX454X7', 'b9aaae9d-aed1-4fc2-93df-1eb0b91a2da4', NULL, 0, 0, NULL, 1, 0);
INSERT INTO [dbo].[AspNetUsers] ([Id], [UserName], [NormalizedUserName], [Email], [NormalizedEmail], [EmailConfirmed], [PasswordHash], [SecurityStamp], [ConcurrencyStamp], [PhoneNumber], [PhoneNumberConfirmed], [TwoFactorEnabled], [LockoutEnd], [LockoutEnabled], [AccessFailedCount]) VALUES ('873a3d0f-e72c-48c1-8a38-d06bff07c737', 'dberisha', 'DBERISHA', 'drenusha.berisha@gmail.com', 'DRENUSHA.BERISHA@GMAIL.COM', 0, 'AQAAAAEAACcQAAAAEE+ZotRW8K1qwaEZSG9X4g0EaFsiMECMjc0FVRicDapDuAJ26vI2iU8PNkYK4sS4jg==', '7JW2ZAJ2LAQLSRNHB3UPCNZ4A4MXE7YP', '47263741-bad7-4d4b-bd5f-67fe4f2f3582', NULL, 0, 0, NULL, 1, 0);
INSERT INTO [dbo].[AspNetUsers] ([Id], [UserName], [NormalizedUserName], [Email], [NormalizedEmail], [EmailConfirmed], [PasswordHash], [SecurityStamp], [ConcurrencyStamp], [PhoneNumber], [PhoneNumberConfirmed], [TwoFactorEnabled], [LockoutEnd], [LockoutEnabled], [AccessFailedCount]) VALUES ('922df69c-2db5-4ce7-a63c-c373e2899678', 'ehajdari', 'EHAJDARI', 'erza.hajdari@gmail.com', 'ERZA.HAJDARI@GMAIL.COM', 0, 'AQAAAAEAACcQAAAAEEZDPa3qLDkoO5/I63QWXKy2pCoT4PnOAr/U/iVTwl/An+nXmuQXLGNaIvPvQgIe9Q==', 'ABB7V466KKLNJMQL2MVN7BRW3SRBFCMT', '02251ee3-7cad-42c9-be6c-d7b5394566a1', NULL, 0, 0, NULL, 1, 0);
INSERT INTO [dbo].[AspNetUsers] ([Id], [UserName], [NormalizedUserName], [Email], [NormalizedEmail], [EmailConfirmed], [PasswordHash], [SecurityStamp], [ConcurrencyStamp], [PhoneNumber], [PhoneNumberConfirmed], [TwoFactorEnabled], [LockoutEnd], [LockoutEnabled], [AccessFailedCount]) VALUES ('96f706ca-2d28-4e48-80e9-0d03fad60d1a', 'ndervishi', 'NDERVISHI', 'naim.dervishi@gmail.com', 'NAIM.DERVISHI@GMAIL.COM', 0, 'AQAAAAEAACcQAAAAEDp/Drq68Woj98MGNOFE2Udm3g429r+CXK/S2ma65oGh92XA/yu4EX/lRUylAKY3Vg==', 'QC7476NNLZNSXNS4CA5TMTA6HHVPWBL4', '44b975ad-7c09-4173-ae86-b968f480d57e', NULL, 0, 0, NULL, 1, 0);
INSERT INTO [dbo].[AspNetUsers] ([Id], [UserName], [NormalizedUserName], [Email], [NormalizedEmail], [EmailConfirmed], [PasswordHash], [SecurityStamp], [ConcurrencyStamp], [PhoneNumber], [PhoneNumberConfirmed], [TwoFactorEnabled], [LockoutEnd], [LockoutEnabled], [AccessFailedCount]) VALUES ('9922d8bc-e3e9-40cf-82fc-bb096d4f2fe2', 'fkadriu', 'FKADRIU', 'fidan.kadriu@gmail.com', 'FIDAN.KADRIU@GMAIL.COM', 0, 'AQAAAAEAACcQAAAAEBIp+NZO/QNVPa5HR8IRVBF61h7xvq9svMkLGvFPr2Gti9EeNwidbQhWkaU3rOyAjg==', 'Z2RNPPSSXAC5CLJC5LM4ZVI6CJ4TWRYL', 'a47c0ffb-bd33-40a4-923a-15481b1f1188', NULL, 0, 0, NULL, 1, 0);
INSERT INTO [dbo].[AspNetUsers] ([Id], [UserName], [NormalizedUserName], [Email], [NormalizedEmail], [EmailConfirmed], [PasswordHash], [SecurityStamp], [ConcurrencyStamp], [PhoneNumber], [PhoneNumberConfirmed], [TwoFactorEnabled], [LockoutEnd], [LockoutEnabled], [AccessFailedCount]) VALUES ('9d6b2651-641d-4c85-9154-99761863fc65', 'user', 'USER', 'user@techstore.com', 'USER@TECHSTORE.COM', 0, 'AQAAAAEAACcQAAAAEFvlpjPerR25vlxvKiV9GnWzzfQGEk9LCpEfnHG/yUyyaYXsRp/sN52ZWgKNbsq1JA==', '3VINW7OQ6CJ7CZE3737G4L6WGMKBHWPT', '241f5600-e4e1-4e08-b789-9b0fc9367502', '', 0, 0, NULL, 1, 0);
INSERT INTO [dbo].[AspNetUsers] ([Id], [UserName], [NormalizedUserName], [Email], [NormalizedEmail], [EmailConfirmed], [PasswordHash], [SecurityStamp], [ConcurrencyStamp], [PhoneNumber], [PhoneNumberConfirmed], [TwoFactorEnabled], [LockoutEnd], [LockoutEnabled], [AccessFailedCount]) VALUES ('9fd9b11e-440c-4c4f-bb46-06ea5bdd7e75', 'fbajrami', 'FBAJRAMI', 'fitore.bajrami@gmail.com', 'FITORE.BAJRAMI@GMAIL.COM', 0, 'AQAAAAEAACcQAAAAEO4p/O5SCqqA4zSmjMW4AwRiQYoV3OqLoJrnR1avgNrynrtyQfYSGE7L/FXi5n99BA==', 'H6R5PRASSV6N3NQWF3W2PWJN7R4GXKI7', 'cc4b0c91-c3fd-44f2-a52b-80b5221a75dc', NULL, 0, 0, NULL, 1, 0);
INSERT INTO [dbo].[AspNetUsers] ([Id], [UserName], [NormalizedUserName], [Email], [NormalizedEmail], [EmailConfirmed], [PasswordHash], [SecurityStamp], [ConcurrencyStamp], [PhoneNumber], [PhoneNumberConfirmed], [TwoFactorEnabled], [LockoutEnd], [LockoutEnabled], [AccessFailedCount]) VALUES ('a6ded093-cf79-42e0-b500-58a004892b15', 'akrasniqi', 'AKRASNIQI', 'albiona.krasniqi@gmail.com', 'ALBIONA.KRASNIQI@GMAIL.COM', 0, 'AQAAAAEAACcQAAAAEB5UEOsF2TQbluH4Zcvd0yttyUoGKlP/ngz7WU9mrt95ZD56xS32GTjjtrzzVmAixg==', 'JFBZHRKQXOP4L5QKQDVB4LEXH3ARKT3O', '8ef701f2-3df6-4555-8eae-7d8097e3f199', NULL, 0, 0, NULL, 1, 0);
INSERT INTO [dbo].[AspNetUsers] ([Id], [UserName], [NormalizedUserName], [Email], [NormalizedEmail], [EmailConfirmed], [PasswordHash], [SecurityStamp], [ConcurrencyStamp], [PhoneNumber], [PhoneNumberConfirmed], [TwoFactorEnabled], [LockoutEnd], [LockoutEnabled], [AccessFailedCount]) VALUES ('b8461f8d-1c0c-4cfc-8437-5ad1a0c3a42e', 'kramadani', 'KRAMADANI', 'kushtrim.ramadani@gmail.com', 'KUSHTRIM.RAMADANI@GMAIL.COM', 0, 'AQAAAAEAACcQAAAAECpcz0Cw6s2JwtDaVJOEeRFtpDC6ZXUW6ZE6L9mLKCxz3igzlW814ob0ACdSTpYu8g==', 'PCWEKINN7MBBWRRMX6I2ZIUJVGXT5ZVR', 'b9a4da73-8e28-4725-9936-3d1d09cf3a7e', NULL, 0, 0, NULL, 1, 0);
INSERT INTO [dbo].[AspNetUsers] ([Id], [UserName], [NormalizedUserName], [Email], [NormalizedEmail], [EmailConfirmed], [PasswordHash], [SecurityStamp], [ConcurrencyStamp], [PhoneNumber], [PhoneNumberConfirmed], [TwoFactorEnabled], [LockoutEnd], [LockoutEnabled], [AccessFailedCount]) VALUES ('beea69a5-cb0f-41a4-85c2-50fd5e1dad11', 'vbajrami', 'VBAJRAMI', 'vlera.bajrami@gmail.com', 'VLERA.BAJRAMI@GMAIL.COM', 0, 'AQAAAAEAACcQAAAAEEeWDiakDAmQ/O95fsblRs5yWU5Oeq47PnzIv6ig+yC7ZMsPtFcnRG4PZDGGZK//Iw==', '7MD4RYBETZOKMYU7OWUEB6WJEWZ6DKMI', '5949c304-75de-4dfb-a667-8c457b3d56ff', NULL, 0, 0, NULL, 1, 0);
INSERT INTO [dbo].[AspNetUsers] ([Id], [UserName], [NormalizedUserName], [Email], [NormalizedEmail], [EmailConfirmed], [PasswordHash], [SecurityStamp], [ConcurrencyStamp], [PhoneNumber], [PhoneNumberConfirmed], [TwoFactorEnabled], [LockoutEnd], [LockoutEnabled], [AccessFailedCount]) VALUES ('cf6b526b-d436-4bae-ba4e-29d5567e9275', 'bbajrami', 'BBAJRAMI', 'besa.bajrami@gmail.com', 'BESA.BAJRAMI@GMAIL.COM', 0, 'AQAAAAEAACcQAAAAEH7wKPF2FfYyHbqJsRakwKwXw2uBtC9BAtWQ7/JvhqHY4HqHFa8cDo/3OD1m13P04A==', 'ZFJLPEQU4X26ELML36C2QZANJGIJLAUR', '7112b0d7-8d15-41c4-865c-ae48f303391f', NULL, 0, 0, NULL, 1, 0);
INSERT INTO [dbo].[AspNetUsers] ([Id], [UserName], [NormalizedUserName], [Email], [NormalizedEmail], [EmailConfirmed], [PasswordHash], [SecurityStamp], [ConcurrencyStamp], [PhoneNumber], [PhoneNumberConfirmed], [TwoFactorEnabled], [LockoutEnd], [LockoutEnabled], [AccessFailedCount]) VALUES ('d2a7088f-a25e-4f3f-8488-b616eeaff928', 'menagjer', 'MENAGJER', 'menagjer@techstore.com', 'MENAGJER@TECHSTORE.COM', 0, 'AQAAAAEAACcQAAAAEP60Y+OpxVc3CPWS9NZu79pNu/KAAsxbrm8qTWpL9+ILK+Sd/3Pw4yLEas1N2TXL+g==', '2TO7IOMEDSKTLMHBALX52ICRC3HX3FNQ', '297b4ee1-133a-4ad2-8242-201592f7a43d', '', 0, 0, NULL, 1, 0);
INSERT INTO [dbo].[AspNetUsers] ([Id], [UserName], [NormalizedUserName], [Email], [NormalizedEmail], [EmailConfirmed], [PasswordHash], [SecurityStamp], [ConcurrencyStamp], [PhoneNumber], [PhoneNumberConfirmed], [TwoFactorEnabled], [LockoutEnd], [LockoutEnabled], [AccessFailedCount]) VALUES ('e0f612cd-e026-4335-95e8-f08c148a0f5c', 'bhajdari', 'BHAJDARI', 'besiana.hajdari@gmail.com', 'BESIANA.HAJDARI@GMAIL.COM', 0, 'AQAAAAEAACcQAAAAEJHQ5QStZYZoExMRHncYSddU6WDS8vT1BOZNXealPooWg+9JHHqO0M2TjZDe4/KjAA==', 'XTU4HFLA2LKDMJKCS6E7XTQVX4YMYDBL', '117ddfaf-80b0-4b65-ace6-dfb9585a6764', NULL, 0, 0, NULL, 1, 0);
INSERT INTO [dbo].[AspNetUsers] ([Id], [UserName], [NormalizedUserName], [Email], [NormalizedEmail], [EmailConfirmed], [PasswordHash], [SecurityStamp], [ConcurrencyStamp], [PhoneNumber], [PhoneNumberConfirmed], [TwoFactorEnabled], [LockoutEnd], [LockoutEnabled], [AccessFailedCount]) VALUES ('ed78a52a-167d-4d20-852e-257dc41408ea', 'arexhepi', 'AREXHEPI', 'ardit.rexhepi@gmail.com', 'ARDIT.REXHEPI@GMAIL.COM', 0, 'AQAAAAEAACcQAAAAECF5HG2TMqfJvyTcHwxRcUKOdnlh5YnXgiLihsygIfzNOkyRMuXTdoGskmvw4tAd0w==', 'WZ23V7VNUWZR3YVVUTWC7R5M27ZVKNC6', '4aaa29b2-d46e-477c-ae4b-a60f1d2e4406', NULL, 0, 0, NULL, 1, 0);
INSERT INTO [dbo].[AspNetUsers] ([Id], [UserName], [NormalizedUserName], [Email], [NormalizedEmail], [EmailConfirmed], [PasswordHash], [SecurityStamp], [ConcurrencyStamp], [PhoneNumber], [PhoneNumberConfirmed], [TwoFactorEnabled], [LockoutEnd], [LockoutEnabled], [AccessFailedCount]) VALUES ('f2bb7622-23ac-4c5f-8d71-00032b281e37', 'admin', 'ADMIN', 'admin@techstore.com', 'ADMIN@TECHSTORE.COM', 0, 'AQAAAAEAACcQAAAAEAy6t6f1jILbKXRyqzSZGrR4zq/Wl8G525tgzrBsqYIG4ksRH5HySRRlJrMtzvfTug==', 'RHCE5BDZYCGBDPAZQ74P3IWVFBNDWMEX', '5dd7b4ea-994f-43c2-bdfd-1bef310ebf29', '', 0, 0, NULL, 1, 0);
INSERT INTO [dbo].[AspNetUsers] ([Id], [UserName], [NormalizedUserName], [Email], [NormalizedEmail], [EmailConfirmed], [PasswordHash], [SecurityStamp], [ConcurrencyStamp], [PhoneNumber], [PhoneNumberConfirmed], [TwoFactorEnabled], [LockoutEnd], [LockoutEnabled], [AccessFailedCount]) VALUES ('fea15606-dc8f-4b3d-9f6f-5c2ca53aaf9d', 'ahoxha', 'AHOXHA', 'arben.hoxha@gmail.com', 'ARBEN.HOXHA@GMAIL.COM', 0, 'AQAAAAEAACcQAAAAEJ4VwC59DKBqSPdP/5BLWypvgTVqx4Ce9JxYUyZRdGIgFhWiguk9F1VfSfQ9k6Wszg==', 'MPO2QBZKX3CII5R64CXZG6ZSFFSM32AG', '35424b2f-e2c2-41f0-8545-69d4f3a2043c', NULL, 0, 0, NULL, 1, 0);
SET IDENTITY_INSERT [dbo].[ContactForm] ON;
INSERT INTO [dbo].[ContactForm] ([mesazhiID], [userID], [mesazhi], [dataDergeses], [statusi], [emri], [email]) VALUES (1, 6, 'Un kam pranuar nj porosi dhe kam qen shum i knaqur me produktin dhe shrbimin e klientit.', '2022-07-09T00:00:00.000Z', 'Mesazhi eshte Pranuar dhe eshte Pergjigjur ne email', 'Fatlum Murtezi', 'fatlum.murtezi@gmail.com');
INSERT INTO [dbo].[ContactForm] ([mesazhiID], [userID], [mesazhi], [dataDergeses], [statusi], [emri], [email]) VALUES (2, 9, 'Produkti ishte i drguar shpejt dhe n nj paketim t sigurt, gj q e bri prvojn time t blerjes shum t kndshme.', '2022-07-20T00:00:00.000Z', 'Mesazhi eshte Pranuar dhe eshte Pergjigjur ne email', 'Shpresa Hoxha', 'shpresa.hoxha@gmail.com');
INSERT INTO [dbo].[ContactForm] ([mesazhiID], [userID], [mesazhi], [dataDergeses], [statusi], [emri], [email]) VALUES (3, 12, 'Stafi i shrbimit n klient ishte shum i kujdesshm dhe ndihms, duke m ndihmuar t zgjidhja shqetsimet e mia.', '2022-08-13T00:00:00.000Z', 'Mesazhi eshte Pranuar dhe eshte Pergjigjur ne email', 'Enver Jashari', 'enver.jashari@gmail.com');
INSERT INTO [dbo].[ContactForm] ([mesazhiID], [userID], [mesazhi], [dataDergeses], [statusi], [emri], [email]) VALUES (4, 29, 'Produkti ishte saktsisht si u shfaq n faqen e internetit dhe ishte i lart cilsisht.', '2022-08-18T00:00:00.000Z', 'Mesazhi eshte Pranuar dhe eshte Pergjigjur ne email', 'Fidan Kadriu', 'fidan.kadriu@gmail.com');
INSERT INTO [dbo].[ContactForm] ([mesazhiID], [userID], [mesazhi], [dataDergeses], [statusi], [emri], [email]) VALUES (5, 32, 'Kostoja e produktit ishte shum e arsyeshme dhe un ndjeva se kisha br nj blerje t mir.', '2022-09-05T00:00:00.000Z', 'Mesazhi eshte Pranuar dhe eshte Pergjigjur ne email', 'Florin Krasniqi', 'florin.krasniqi@gmail.com');
INSERT INTO [dbo].[ContactForm] ([mesazhiID], [userID], [mesazhi], [dataDergeses], [statusi], [emri], [email]) VALUES (6, 18, 'Porosia ishte e leht pr tu ndjekur dhe un isha n gjendje t dija gjithmon ku ndodhej porosia ime.', '2022-09-28T00:00:00.000Z', 'Mesazhi eshte Pranuar dhe eshte Pergjigjur ne email', 'Anila Zeqiri', 'anila.zeqiri@gmail.com');
INSERT INTO [dbo].[ContactForm] ([mesazhiID], [userID], [mesazhi], [dataDergeses], [statusi], [emri], [email]) VALUES (7, 7, 'N prgjithsi, un kam qen shum i knaqur me porosin dhe do ta rekomandoja kt biznes t tjerve.', '2022-10-11T00:00:00.000Z', 'Mesazhi eshte Pranuar dhe eshte Pergjigjur ne email', 'Luljeta Ibrahimi', 'luljeta.ibrahimi@gmail.com');
INSERT INTO [dbo].[ContactForm] ([mesazhiID], [userID], [mesazhi], [dataDergeses], [statusi], [emri], [email]) VALUES (8, 15, 'Blerja ishte shum e thjesht dhe e leht pr tu br.', '2022-10-29T00:00:00.000Z', 'Mesazhi eshte Pranuar dhe eshte Pergjigjur ne email', 'Fitore Bajrami', 'fitore.bajrami@gmail.com');
INSERT INTO [dbo].[ContactForm] ([mesazhiID], [userID], [mesazhi], [dataDergeses], [statusi], [emri], [email]) VALUES (9, 20, 'Transporti ishte shum i shpejt dhe produkti mbrriti n kohn e duhur.', '2022-11-03T00:00:00.000Z', 'Mesazhi eshte Pranuar dhe eshte Pergjigjur ne email', 'Besiana Hajdari', 'besiana.hajdari@gmail.com');
INSERT INTO [dbo].[ContactForm] ([mesazhiID], [userID], [mesazhi], [dataDergeses], [statusi], [emri], [email]) VALUES (10, 10, 'Gjithka ishte e prsosur dhe un nuk mund t kisha krkuar nj prvoj t blerjes m t mir.', '2022-11-14T00:00:00.000Z', 'Mesazhi eshte Pranuar dhe eshte Pergjigjur ne email', 'Naim Dervishi', 'naim.dervishi@gmail.com');
INSERT INTO [dbo].[ContactForm] ([mesazhiID], [userID], [mesazhi], [dataDergeses], [statusi], [emri], [email]) VALUES (11, 5, 'Dyqani ofron produkte teknologjike t shklqyera dhe stafi sht shum ndihmsor.', '2022-11-23T00:00:00.000Z', 'Mesazhi eshte Pranuar dhe eshte Pergjigjur ne email', 'Valbona Krasniqi', 'valbona.krasniqi@gmail.com');
INSERT INTO [dbo].[ContactForm] ([mesazhiID], [userID], [mesazhi], [dataDergeses], [statusi], [emri], [email]) VALUES (12, 9, 'Gama e produkteve sht e madhe dhe mimet jan t arsyeshme', '2022-12-15T00:00:00.000Z', 'Mesazhi eshte Pranuar dhe eshte Pergjigjur ne email', 'Shpresa Hoxha', 'shpresa.hoxha@gmail.com');
INSERT INTO [dbo].[ContactForm] ([mesazhiID], [userID], [mesazhi], [dataDergeses], [statusi], [emri], [email]) VALUES (13, 11, 'Blerja ime e fundit ishte nj TV, dhe cilsia sht jashtzakonisht e mir.', '2023-01-16T00:00:00.000Z', 'Mesazhi eshte Pranuar dhe eshte Pergjigjur ne email', 'Zejnullah Kadriu', 'zejnullah.kadriu@gmail.com');
INSERT INTO [dbo].[ContactForm] ([mesazhiID], [userID], [mesazhi], [dataDergeses], [statusi], [emri], [email]) VALUES (14, 16, 'Kompjuteri q blera punon pa asnj problem, jam i knaqur plotsisht.', '2023-03-26T00:00:00.000Z', 'Mesazhi eshte Pranuar dhe eshte Pergjigjur ne email', 'Dardan Ismaili', 'dardan.ismaili@gmail.com');
INSERT INTO [dbo].[ContactForm] ([mesazhiID], [userID], [mesazhi], [dataDergeses], [statusi], [emri], [email]) VALUES (15, 16, 'Personeli sht i shkatht dhe jep kshilla t mira pr zgjedhjen e produkteve', '2023-04-02T00:00:00.000Z', 'Mesazhi eshte Pranuar dhe eshte Pergjigjur ne email', 'Dardan Isamili', 'dardan.ismaili@gmail.com');
INSERT INTO [dbo].[ContactForm] ([mesazhiID], [userID], [mesazhi], [dataDergeses], [statusi], [emri], [email]) VALUES (16, 20, 'Kam bler nj telefon dhe funksionon mjaft mir, kam br nj zgjedhje t shklqyeshme.', '2023-05-09T00:00:00.000Z', 'Mesazhi eshte Pranuar dhe eshte Pergjigjur ne email', 'Besiana Hajdari', 'besiana.hajdari@gmail.com');
INSERT INTO [dbo].[ContactForm] ([mesazhiID], [userID], [mesazhi], [dataDergeses], [statusi], [emri], [email]) VALUES (17, 32, 'Transporti ishte i shpejt dhe produktet arritn n gjendje t shklqyeshme.', '2023-06-10T00:00:00.000Z', 'Mesazhi juaj eshte derguar tek Stafi', 'Florin Krasniqi', 'florin.krasniqi@gmail.com');
INSERT INTO [dbo].[ContactForm] ([mesazhiID], [userID], [mesazhi], [dataDergeses], [statusi], [emri], [email]) VALUES (18, 34, 'Dyqani ofron zgjidhje trheqse pr gaming, kam gjetur do gj q m duhej.', '2023-06-11T00:00:00.000Z', 'Mesazhi juaj eshte derguar tek Stafi', 'Besa Bajrami', 'besa.bajrami@gmail.com');
SET IDENTITY_INSERT [dbo].[ContactForm] OFF;
SET IDENTITY_INSERT [dbo].[KategoriaProduktit] ON;
INSERT INTO [dbo].[KategoriaProduktit] ([kategoriaID], [llojiKategoris], [pershkrimiKategoris]) VALUES (1, 'Smartphone dhe Aksesore', '');
INSERT INTO [dbo].[KategoriaProduktit] ([kategoriaID], [llojiKategoris], [pershkrimiKategoris]) VALUES (2, 'Laptope', '');
INSERT INTO [dbo].[KategoriaProduktit] ([kategoriaID], [llojiKategoris], [pershkrimiKategoris]) VALUES (3, 'Smart Watch dhe Aksesore', 'Ore te menqura te markave te ndryshme');
INSERT INTO [dbo].[KategoriaProduktit] ([kategoriaID], [llojiKategoris], [pershkrimiKategoris]) VALUES (4, 'Foto & Video', '');
INSERT INTO [dbo].[KategoriaProduktit] ([kategoriaID], [llojiKategoris], [pershkrimiKategoris]) VALUES (5, 'Audio dhe Kufje', '');
INSERT INTO [dbo].[KategoriaProduktit] ([kategoriaID], [llojiKategoris], [pershkrimiKategoris]) VALUES (6, 'All in One (AiO) PC', '');
INSERT INTO [dbo].[KategoriaProduktit] ([kategoriaID], [llojiKategoris], [pershkrimiKategoris]) VALUES (7, 'TV & Projektor', '');
INSERT INTO [dbo].[KategoriaProduktit] ([kategoriaID], [llojiKategoris], [pershkrimiKategoris]) VALUES (8, 'Maus & Aksesore', '');
INSERT INTO [dbo].[KategoriaProduktit] ([kategoriaID], [llojiKategoris], [pershkrimiKategoris]) VALUES (9, 'Lodra smart & Dron', '');
INSERT INTO [dbo].[KategoriaProduktit] ([kategoriaID], [llojiKategoris], [pershkrimiKategoris]) VALUES (10, 'Pjes pr kompjuter', 'Pjese te ndryshme per kompjuter, si: Ram, Procesor, GPU etj.');
INSERT INTO [dbo].[KategoriaProduktit] ([kategoriaID], [llojiKategoris], [pershkrimiKategoris]) VALUES (11, 'Wireless Charger', '');
INSERT INTO [dbo].[KategoriaProduktit] ([kategoriaID], [llojiKategoris], [pershkrimiKategoris]) VALUES (12, 'Tablet dhe Aksesore', '');
INSERT INTO [dbo].[KategoriaProduktit] ([kategoriaID], [llojiKategoris], [pershkrimiKategoris]) VALUES (13, 'Paisje Gaming', 'Fanella, Karrige dhe te tjera');
INSERT INTO [dbo].[KategoriaProduktit] ([kategoriaID], [llojiKategoris], [pershkrimiKategoris]) VALUES (14, 'Printer dhe Paisje per Printer', '');
INSERT INTO [dbo].[KategoriaProduktit] ([kategoriaID], [llojiKategoris], [pershkrimiKategoris]) VALUES (15, 'Kabllo te ndryshme & Adapter', '');
INSERT INTO [dbo].[KategoriaProduktit] ([kategoriaID], [llojiKategoris], [pershkrimiKategoris]) VALUES (16, 'Monitor dhe Aksesore', '');
INSERT INTO [dbo].[KategoriaProduktit] ([kategoriaID], [llojiKategoris], [pershkrimiKategoris]) VALUES (18, 'USB, SSD, HDD & Aksesore', '');
INSERT INTO [dbo].[KategoriaProduktit] ([kategoriaID], [llojiKategoris], [pershkrimiKategoris]) VALUES (19, 'anta Shpine', '');
INSERT INTO [dbo].[KategoriaProduktit] ([kategoriaID], [llojiKategoris], [pershkrimiKategoris]) VALUES (20, 'Tastiera dhe Aksesore', '');
INSERT INTO [dbo].[KategoriaProduktit] ([kategoriaID], [llojiKategoris], [pershkrimiKategoris]) VALUES (21, 'Karrige', '');
SET IDENTITY_INSERT [dbo].[KategoriaProduktit] OFF;
INSERT INTO [dbo].[KodiZbritjes] ([kodi], [dataKrijimit], [qmimiZbritjes], [idProdukti]) VALUES ('36OG3S', '2023-06-07T16:05:34.653Z', 15.99, NULL);
INSERT INTO [dbo].[KodiZbritjes] ([kodi], [dataKrijimit], [qmimiZbritjes], [idProdukti]) VALUES ('3PBUDC', '2023-05-07T20:35:45.640Z', 34.99, NULL);
INSERT INTO [dbo].[KodiZbritjes] ([kodi], [dataKrijimit], [qmimiZbritjes], [idProdukti]) VALUES ('BX3KNL', '2023-06-07T16:05:50.347Z', 59.99, NULL);
INSERT INTO [dbo].[KodiZbritjes] ([kodi], [dataKrijimit], [qmimiZbritjes], [idProdukti]) VALUES ('S00TQQ', '2023-05-07T20:35:52.027Z', 149.99, NULL);
INSERT INTO [dbo].[KodiZbritjes] ([kodi], [dataKrijimit], [qmimiZbritjes], [idProdukti]) VALUES ('SEZ5Z8', '2023-06-13T19:09:06.600Z', 120, 8);
SET IDENTITY_INSERT [dbo].[Kompania] ON;
INSERT INTO [dbo].[Kompania] ([kompaniaID], [emriKompanis], [logo], [adresa]) VALUES (1, 'Apple', 'AppleLogo.png', '');
INSERT INTO [dbo].[Kompania] ([kompaniaID], [emriKompanis], [logo], [adresa]) VALUES (2, 'Amd', 'AMDLogo.png', NULL);
INSERT INTO [dbo].[Kompania] ([kompaniaID], [emriKompanis], [logo], [adresa]) VALUES (3, 'Asus', 'AsusLogo.png', NULL);
INSERT INTO [dbo].[Kompania] ([kompaniaID], [emriKompanis], [logo], [adresa]) VALUES (4, 'JBL', 'JBL.png', NULL);
INSERT INTO [dbo].[Kompania] ([kompaniaID], [emriKompanis], [logo], [adresa]) VALUES (5, 'Lenovo', 'Lenovo.png', '');
INSERT INTO [dbo].[Kompania] ([kompaniaID], [emriKompanis], [logo], [adresa]) VALUES (6, 'Logitech', 'Logitech.png', '');
INSERT INTO [dbo].[Kompania] ([kompaniaID], [emriKompanis], [logo], [adresa]) VALUES (7, 'MSI', 'MSI.png', '');
INSERT INTO [dbo].[Kompania] ([kompaniaID], [emriKompanis], [logo], [adresa]) VALUES (8, 'Nvidia', 'Nvidia.png', '');
INSERT INTO [dbo].[Kompania] ([kompaniaID], [emriKompanis], [logo], [adresa]) VALUES (9, 'Razer', 'Razer.png', '');
INSERT INTO [dbo].[Kompania] ([kompaniaID], [emriKompanis], [logo], [adresa]) VALUES (10, 'Samsung', 'SamsungLogo.png', '');
INSERT INTO [dbo].[Kompania] ([kompaniaID], [emriKompanis], [logo], [adresa]) VALUES (11, 'SteelSeries', '63cc8f01dacf35.52923644.png', '');
INSERT INTO [dbo].[Kompania] ([kompaniaID], [emriKompanis], [logo], [adresa]) VALUES (12, 'Thermaltake', '63cc904665b4c8.92639137.png', '');
INSERT INTO [dbo].[Kompania] ([kompaniaID], [emriKompanis], [logo], [adresa]) VALUES (13, 'DJI', '63cc90567d1235.30779652.png', '');
INSERT INTO [dbo].[Kompania] ([kompaniaID], [emriKompanis], [logo], [adresa]) VALUES (14, 'Overmax', '63cc90641f4676.38918423.jpg', '');
INSERT INTO [dbo].[Kompania] ([kompaniaID], [emriKompanis], [logo], [adresa]) VALUES (15, 'G.Skill', '63cc9106dcdca0.15849659.png', '');
INSERT INTO [dbo].[Kompania] ([kompaniaID], [emriKompanis], [logo], [adresa]) VALUES (16, 'Akasa', '63cc916f505f64.49149237.png', '');
INSERT INTO [dbo].[Kompania] ([kompaniaID], [emriKompanis], [logo], [adresa]) VALUES (17, 'Corsair', '63cc919875a410.74994322.png', '');
INSERT INTO [dbo].[Kompania] ([kompaniaID], [emriKompanis], [logo], [adresa]) VALUES (18, 'WD - Western Digital', '63cc923d6652a6.82761403.png', '');
INSERT INTO [dbo].[Kompania] ([kompaniaID], [emriKompanis], [logo], [adresa]) VALUES (19, 'HP', '63cc929ca61d21.63137864.png', '');
INSERT INTO [dbo].[Kompania] ([kompaniaID], [emriKompanis], [logo], [adresa]) VALUES (20, 'Acer', '63cc92dd919978.62580492.png', '');
INSERT INTO [dbo].[Kompania] ([kompaniaID], [emriKompanis], [logo], [adresa]) VALUES (21, 'ZOWIE - BenQ', '63cc933025a1f3.70979396.png', '');
INSERT INTO [dbo].[Kompania] ([kompaniaID], [emriKompanis], [logo], [adresa]) VALUES (22, 'Marvo', '63cc93503bc070.76804317.png', '');
INSERT INTO [dbo].[Kompania] ([kompaniaID], [emriKompanis], [logo], [adresa]) VALUES (23, 'Arctic', '63cc945c98f987.79971283.png', '');
INSERT INTO [dbo].[Kompania] ([kompaniaID], [emriKompanis], [logo], [adresa]) VALUES (24, 'Transcend', '63cc94dc60f873.30313171.png', '');
INSERT INTO [dbo].[Kompania] ([kompaniaID], [emriKompanis], [logo], [adresa]) VALUES (25, 'Dell', '63cc95f0a30e93.21744349.png', '');
INSERT INTO [dbo].[Kompania] ([kompaniaID], [emriKompanis], [logo], [adresa]) VALUES (26, 'Instax', '63eabba55fbfc7.49583109.png', '');
INSERT INTO [dbo].[Kompania] ([kompaniaID], [emriKompanis], [logo], [adresa]) VALUES (27, 'Canon', '63eabbd2c18639.05511269.png', '');
INSERT INTO [dbo].[Kompania] ([kompaniaID], [emriKompanis], [logo], [adresa]) VALUES (28, 'Sony', '63eabc0946e731.30555181.png', '');
INSERT INTO [dbo].[Kompania] ([kompaniaID], [emriKompanis], [logo], [adresa]) VALUES (29, 'SENSE7', '63eabcbde6e353.90404410.jpeg', '');
INSERT INTO [dbo].[Kompania] ([kompaniaID], [emriKompanis], [logo], [adresa]) VALUES (30, 'Preyon', '63eabd4a55ae01.00211971.svg', '');
INSERT INTO [dbo].[Kompania] ([kompaniaID], [emriKompanis], [logo], [adresa]) VALUES (31, 'Gjirafa50', '63f5ea779c6482.16567878.png', '');
INSERT INTO [dbo].[Kompania] ([kompaniaID], [emriKompanis], [logo], [adresa]) VALUES (32, 'Lenuo', '63f5ea98f28fb2.30089124.jpg', '');
INSERT INTO [dbo].[Kompania] ([kompaniaID], [emriKompanis], [logo], [adresa]) VALUES (33, 'Intel', '63f5eaa81a4847.00442944.png', '');
INSERT INTO [dbo].[Kompania] ([kompaniaID], [emriKompanis], [logo], [adresa]) VALUES (34, 'AXAGON', '63f5eab4b1f247.31552576.jpg', '');
INSERT INTO [dbo].[Kompania] ([kompaniaID], [emriKompanis], [logo], [adresa]) VALUES (35, 'FIXED', '63f5ebb63fe7d9.83256153.png', '');
INSERT INTO [dbo].[Kompania] ([kompaniaID], [emriKompanis], [logo], [adresa]) VALUES (36, 'Kingston', 'd55b9bde30554506a7550f45d8da37f2.svg', '');
INSERT INTO [dbo].[Kompania] ([kompaniaID], [emriKompanis], [logo], [adresa]) VALUES (37, 'Seasonic', 'c1467ea8424a456d95cf0e183d6f0d59.svg', '');
INSERT INTO [dbo].[Kompania] ([kompaniaID], [emriKompanis], [logo], [adresa]) VALUES (38, 'Brother', '418c9aa0947044b88223c0b9c37fb859.png', '');
INSERT INTO [dbo].[Kompania] ([kompaniaID], [emriKompanis], [logo], [adresa]) VALUES (39, 'UGREEN', '1630be807ddf4518a6dd28f0ee508a21.webp', '');
INSERT INTO [dbo].[Kompania] ([kompaniaID], [emriKompanis], [logo], [adresa]) VALUES (40, 'HyperX', '2ddcb71947c940858e18fd4196867383.png', '');
INSERT INTO [dbo].[Kompania] ([kompaniaID], [emriKompanis], [logo], [adresa]) VALUES (41, 'Gamebird', 'd5158ff019c0495c8057ac3f24832f52.png', '');
INSERT INTO [dbo].[Kompania] ([kompaniaID], [emriKompanis], [logo], [adresa]) VALUES (42, 'CZC.cz', 'e02c1a4eecfd46da9bba1e7cb47f6b24.png', '');
INSERT INTO [dbo].[Kompania] ([kompaniaID], [emriKompanis], [logo], [adresa]) VALUES (43, 'Zotac', '552fc83db1454175bf7e8bd76a733299.png', NULL);
INSERT INTO [dbo].[Kompania] ([kompaniaID], [emriKompanis], [logo], [adresa]) VALUES (44, 'SanDisk', 'a700cc920a2140e6a33628ab75f39f62.png', '');
INSERT INTO [dbo].[Kompania] ([kompaniaID], [emriKompanis], [logo], [adresa]) VALUES (45, 'YENKEE', '7e085a7967fd4703b7c5d2df0081718a.svg', '');
SET IDENTITY_INSERT [dbo].[Kompania] OFF;
SET IDENTITY_INSERT [dbo].[Perdoruesi] ON;
INSERT INTO [dbo].[Perdoruesi] ([userID], [emri], [mbiemri], [email], [username], [AspNetUserID]) VALUES (1, 'Rilind', 'Kyyku', 'rilind.kycyku@gmail.com', 'rkycyku', '82345d9d-a4d0-4076-8d43-f61d63604472');
INSERT INTO [dbo].[Perdoruesi] ([userID], [emri], [mbiemri], [email], [username], [AspNetUserID]) VALUES (2, 'Ilire', 'Jezerci', 'ilire.jezerci@gmail.com', 'ijezerci', '36da09a1-a245-46b2-9a29-08c75ca1b769');
INSERT INTO [dbo].[Perdoruesi] ([userID], [emri], [mbiemri], [email], [username], [AspNetUserID]) VALUES (3, 'Prparim', 'Dardhishta', 'perparim.dardhishta@email.com', 'pdardhishta', '5d42072c-fcb5-4c9b-9c25-a0066c7ff1d9');
INSERT INTO [dbo].[Perdoruesi] ([userID], [emri], [mbiemri], [email], [username], [AspNetUserID]) VALUES (4, 'Arben', 'Hoxha', 'arben.hoxha@gmail.com', 'ahoxha', 'fea15606-dc8f-4b3d-9f6f-5c2ca53aaf9d');
INSERT INTO [dbo].[Perdoruesi] ([userID], [emri], [mbiemri], [email], [username], [AspNetUserID]) VALUES (5, 'Valbona', 'Krasniqi', 'valbona.krasniqi@gmail.com', 'vkrasniqi', '0fe2c1c8-6086-454f-83e8-fadee72336ad');
INSERT INTO [dbo].[Perdoruesi] ([userID], [emri], [mbiemri], [email], [username], [AspNetUserID]) VALUES (6, 'Fatlum', 'Murtezi', 'fatlum.murtezi@gmail.com', 'fmurtezi', '487b813e-11a9-4ab6-9b10-ead71266c288');
INSERT INTO [dbo].[Perdoruesi] ([userID], [emri], [mbiemri], [email], [username], [AspNetUserID]) VALUES (7, 'Luljeta', 'Ibrahimi', 'luljeta.ibrahimi@gmail.com', 'librahimi', '4fcd6f29-950e-43ac-a8ac-936ccc92cabc');
INSERT INTO [dbo].[Perdoruesi] ([userID], [emri], [mbiemri], [email], [username], [AspNetUserID]) VALUES (8, 'Gent', 'Salihi', 'gent.salihi@gmail.com', 'gsalihi', '18c53e36-75a8-42bb-b78a-ea7bec040f86');
INSERT INTO [dbo].[Perdoruesi] ([userID], [emri], [mbiemri], [email], [username], [AspNetUserID]) VALUES (9, 'Shpresa', 'Hoxha', 'shpresa.hoxha@gmail.com', 'shoxha', '6d965852-5dc8-4bd1-b3ed-32f810133da6');
INSERT INTO [dbo].[Perdoruesi] ([userID], [emri], [mbiemri], [email], [username], [AspNetUserID]) VALUES (10, 'Naim', 'Dervishi', 'naim.dervishi@gmail.com', 'ndervishi', '96f706ca-2d28-4e48-80e9-0d03fad60d1a');
INSERT INTO [dbo].[Perdoruesi] ([userID], [emri], [mbiemri], [email], [username], [AspNetUserID]) VALUES (11, 'Zejnullah', 'Kadriu', 'zejnullah.kadriu@gmail.com', 'zkadriu', '6c25088f-7e41-4b73-9380-549d31b14934');
INSERT INTO [dbo].[Perdoruesi] ([userID], [emri], [mbiemri], [email], [username], [AspNetUserID]) VALUES (12, 'Enver', 'Jashari', 'enver.jashari@gmail.com', 'ejashari', '38008392-4173-4525-91f6-1ca31417776c');
INSERT INTO [dbo].[Perdoruesi] ([userID], [emri], [mbiemri], [email], [username], [AspNetUserID]) VALUES (13, 'Adelina', 'Mustafa', 'adelina.mustafa@gmail.com', 'amustafa', '531575ac-afd3-4b81-a981-8cc0b579c28f');
INSERT INTO [dbo].[Perdoruesi] ([userID], [emri], [mbiemri], [email], [username], [AspNetUserID]) VALUES (14, 'Albiona', 'Krasniqi', 'albiona.krasniqi@gmail.com', 'akrasniqi', 'a6ded093-cf79-42e0-b500-58a004892b15');
INSERT INTO [dbo].[Perdoruesi] ([userID], [emri], [mbiemri], [email], [username], [AspNetUserID]) VALUES (15, 'Fitore', 'Bajrami', 'fitore.bajrami@gmail.com', 'fbajrami', '9fd9b11e-440c-4c4f-bb46-06ea5bdd7e75');
INSERT INTO [dbo].[Perdoruesi] ([userID], [emri], [mbiemri], [email], [username], [AspNetUserID]) VALUES (16, 'Dardan', 'Ismaili', 'dardan.ismaili@gmail.com', 'dismaili', '81d433b8-1f64-40ef-9511-6d9dbd56f0cf');
INSERT INTO [dbo].[Perdoruesi] ([userID], [emri], [mbiemri], [email], [username], [AspNetUserID]) VALUES (17, 'Kushtrim', 'Ramadani', 'kushtrim.ramadani@gmail.com', 'kramadani', 'b8461f8d-1c0c-4cfc-8437-5ad1a0c3a42e');
INSERT INTO [dbo].[Perdoruesi] ([userID], [emri], [mbiemri], [email], [username], [AspNetUserID]) VALUES (18, 'Anila', 'Zeqiri', 'anila.zeqiri@gmail.com', 'azeqiri', '7ab40b8b-a135-48c8-97ac-f1870de525c4');
INSERT INTO [dbo].[Perdoruesi] ([userID], [emri], [mbiemri], [email], [username], [AspNetUserID]) VALUES (19, 'Vlora', 'Gashi', 'vlora.gashi@gmail.com', 'vgashi', '606a59d6-8424-438f-a210-2b360b84fb49');
INSERT INTO [dbo].[Perdoruesi] ([userID], [emri], [mbiemri], [email], [username], [AspNetUserID]) VALUES (20, 'Besiana', 'Hajdari', 'besiana.hajdari@gmail.com', 'bhajdari', 'e0f612cd-e026-4335-95e8-f08c148a0f5c');
INSERT INTO [dbo].[Perdoruesi] ([userID], [emri], [mbiemri], [email], [username], [AspNetUserID]) VALUES (21, 'Drenusha', 'Berisha', 'drenusha.berisha@gmail.com', 'dberisha', '873a3d0f-e72c-48c1-8a38-d06bff07c737');
INSERT INTO [dbo].[Perdoruesi] ([userID], [emri], [mbiemri], [email], [username], [AspNetUserID]) VALUES (22, 'Afrim', 'Lleshi', 'afrim.lleshi@gmail.com', 'alleshi', '22bfef71-8cab-4d15-af26-ab4bc6110222');
INSERT INTO [dbo].[Perdoruesi] ([userID], [emri], [mbiemri], [email], [username], [AspNetUserID]) VALUES (23, 'Drita', 'Shala', 'drita.shala@gmail.com', 'dshala', '524411b2-2789-4c02-9c0b-c227b742d6ed');
INSERT INTO [dbo].[Perdoruesi] ([userID], [emri], [mbiemri], [email], [username], [AspNetUserID]) VALUES (24, 'Vlera', 'Bajrami', 'vlera.bajrami@gmail.com', 'vbajrami', 'beea69a5-cb0f-41a4-85c2-50fd5e1dad11');
INSERT INTO [dbo].[Perdoruesi] ([userID], [emri], [mbiemri], [email], [username], [AspNetUserID]) VALUES (25, 'Valdrin', 'Berisha', 'valdrin.berisha@gmail.com', 'vberisha', '141ee1b9-f205-4cdb-bf60-1923366fdba8');
INSERT INTO [dbo].[Perdoruesi] ([userID], [emri], [mbiemri], [email], [username], [AspNetUserID]) VALUES (26, 'Emina', 'Mustafa', 'emina.mustafa@gmail.com', 'emustafa', '687204c7-2a82-46cc-95d6-fcdeaee48e18');
INSERT INTO [dbo].[Perdoruesi] ([userID], [emri], [mbiemri], [email], [username], [AspNetUserID]) VALUES (27, 'Rron', 'Hajdari', 'rron.hajdari@gmail.com', 'rhajdari', '3043b855-1536-4325-8e23-223355983231');
INSERT INTO [dbo].[Perdoruesi] ([userID], [emri], [mbiemri], [email], [username], [AspNetUserID]) VALUES (28, 'Blerta', 'Krasniqi', 'blerta.krasniqi@gmail.com', 'bkrasniqi', '68346e99-7a27-434b-b15b-4e2a1d8146d8');
INSERT INTO [dbo].[Perdoruesi] ([userID], [emri], [mbiemri], [email], [username], [AspNetUserID]) VALUES (29, 'Fidan', 'Kadriu', 'fidan.kadriu@gmail.com', 'fkadriu', '9922d8bc-e3e9-40cf-82fc-bb096d4f2fe2');
INSERT INTO [dbo].[Perdoruesi] ([userID], [emri], [mbiemri], [email], [username], [AspNetUserID]) VALUES (30, 'Ardit', 'Rexhepi', 'ardit.rexhepi@gmail.com', 'arexhepi', 'ed78a52a-167d-4d20-852e-257dc41408ea');
INSERT INTO [dbo].[Perdoruesi] ([userID], [emri], [mbiemri], [email], [username], [AspNetUserID]) VALUES (31, 'Lindita', 'Basha', 'lindita.basha@gmail.com', 'lbasha', '09e7e384-1597-4b58-be8d-e500983b7e6a');
INSERT INTO [dbo].[Perdoruesi] ([userID], [emri], [mbiemri], [email], [username], [AspNetUserID]) VALUES (32, 'Florin', 'Krasniqi', 'florin.krasniqi@gmail.com', 'fkrasniqi', '288577bc-9274-4223-b579-b490ee1f38e2');
INSERT INTO [dbo].[Perdoruesi] ([userID], [emri], [mbiemri], [email], [username], [AspNetUserID]) VALUES (33, 'Erza', 'Hajdari', 'erza.hajdari@gmail.com', 'ehajdari', '922df69c-2db5-4ce7-a63c-c373e2899678');
INSERT INTO [dbo].[Perdoruesi] ([userID], [emri], [mbiemri], [email], [username], [AspNetUserID]) VALUES (34, 'Besa', 'Bajrami', 'besa.bajrami@gmail.com', 'bbajrami', 'cf6b526b-d436-4bae-ba4e-29d5567e9275');
INSERT INTO [dbo].[Perdoruesi] ([userID], [emri], [mbiemri], [email], [username], [AspNetUserID]) VALUES (35, 'Liridona', 'Hajdari', 'liridona.hajdari@gmail.com', 'lhajdari', '851fb44f-4776-4efa-9005-6334cd0ce0b2');
INSERT INTO [dbo].[Perdoruesi] ([userID], [emri], [mbiemri], [email], [username], [AspNetUserID]) VALUES (36, 'Administrator', 'Administrator', 'admin@techstore.com', 'admin', 'f2bb7622-23ac-4c5f-8d71-00032b281e37');
INSERT INTO [dbo].[Perdoruesi] ([userID], [emri], [mbiemri], [email], [username], [AspNetUserID]) VALUES (39, 'User', 'User', 'user@techstore.com', 'user', '9d6b2651-641d-4c85-9154-99761863fc65');
INSERT INTO [dbo].[Perdoruesi] ([userID], [emri], [mbiemri], [email], [username], [AspNetUserID]) VALUES (40, 'Menagjera', 'Menagjera', 'menagjer@techstore.com', 'menagjer', 'd2a7088f-a25e-4f3f-8488-b616eeaff928');
SET IDENTITY_INSERT [dbo].[Perdoruesi] OFF;
SET IDENTITY_INSERT [dbo].[Porosit] ON;
INSERT INTO [dbo].[Porosit] ([idPorosia], [totaliPorosis], [dataPorosis], [statusiPorosis], [idKlienti], [zbritja], [totaliProdukteve]) VALUES (1, 505.49, '2021-01-09T00:00:00.000Z', 'E Pranuar nga Klienti', 29, 0, 3);
INSERT INTO [dbo].[Porosit] ([idPorosia], [totaliPorosis], [dataPorosis], [statusiPorosis], [idKlienti], [zbritja], [totaliProdukteve]) VALUES (2, 505.49, '2021-01-10T00:00:00.000Z', 'E Pranuar nga Klienti', 14, 0, 3);
INSERT INTO [dbo].[Porosit] ([idPorosia], [totaliPorosis], [dataPorosis], [statusiPorosis], [idKlienti], [zbritja], [totaliProdukteve]) VALUES (3, 1318.5, '2021-01-13T00:00:00.000Z', 'E Pranuar nga Klienti', 25, 0, 2);
INSERT INTO [dbo].[Porosit] ([idPorosia], [totaliPorosis], [dataPorosis], [statusiPorosis], [idKlienti], [zbritja], [totaliProdukteve]) VALUES (4, 396, '2021-01-27T00:00:00.000Z', 'E Pranuar nga Klienti', 9, 0, 1);
INSERT INTO [dbo].[Porosit] ([idPorosia], [totaliPorosis], [dataPorosis], [statusiPorosis], [idKlienti], [zbritja], [totaliProdukteve]) VALUES (5, 279.49, '2021-02-05T00:00:00.000Z', 'E Pranuar nga Klienti', 21, 123, 6);
INSERT INTO [dbo].[Porosit] ([idPorosia], [totaliPorosis], [dataPorosis], [statusiPorosis], [idKlienti], [zbritja], [totaliProdukteve]) VALUES (6, 489.5, '2021-02-07T00:00:00.000Z', 'E Pranuar nga Klienti', 16, 0, 3);
INSERT INTO [dbo].[Porosit] ([idPorosia], [totaliPorosis], [dataPorosis], [statusiPorosis], [idKlienti], [zbritja], [totaliProdukteve]) VALUES (7, 218.5, '2021-02-15T00:00:00.000Z', 'E Pranuar nga Klienti', 31, 0, 3);
INSERT INTO [dbo].[Porosit] ([idPorosia], [totaliPorosis], [dataPorosis], [statusiPorosis], [idKlienti], [zbritja], [totaliProdukteve]) VALUES (8, 1287, '2021-02-24T00:00:00.000Z', 'E Pranuar nga Klienti', 8, 0, 4);
INSERT INTO [dbo].[Porosit] ([idPorosia], [totaliPorosis], [dataPorosis], [statusiPorosis], [idKlienti], [zbritja], [totaliProdukteve]) VALUES (9, 465, '2021-03-02T00:00:00.000Z', 'E Pranuar nga Klienti', 20, 150, 5);
INSERT INTO [dbo].[Porosit] ([idPorosia], [totaliPorosis], [dataPorosis], [statusiPorosis], [idKlienti], [zbritja], [totaliProdukteve]) VALUES (10, 813.5, '2021-03-13T00:00:00.000Z', 'E Pranuar nga Klienti', 35, 0, 2);
INSERT INTO [dbo].[Porosit] ([idPorosia], [totaliPorosis], [dataPorosis], [statusiPorosis], [idKlienti], [zbritja], [totaliProdukteve]) VALUES (11, 1986.99, '2021-03-15T00:00:00.000Z', 'E Pranuar nga Klienti', 6, 150, 2);
INSERT INTO [dbo].[Porosit] ([idPorosia], [totaliPorosis], [dataPorosis], [statusiPorosis], [idKlienti], [zbritja], [totaliProdukteve]) VALUES (12, 228.5, '2021-03-17T00:00:00.000Z', 'E Pranuar nga Klienti', 31, 0, 2);
INSERT INTO [dbo].[Porosit] ([idPorosia], [totaliPorosis], [dataPorosis], [statusiPorosis], [idKlienti], [zbritja], [totaliProdukteve]) VALUES (13, 428.5, '2021-04-06T00:00:00.000Z', 'E Pranuar nga Klienti', 27, 0, 2);
INSERT INTO [dbo].[Porosit] ([idPorosia], [totaliPorosis], [dataPorosis], [statusiPorosis], [idKlienti], [zbritja], [totaliProdukteve]) VALUES (14, 3368.5, '2021-04-12T00:00:00.000Z', 'E Pranuar nga Klienti', 25, 0, 2);
INSERT INTO [dbo].[Porosit] ([idPorosia], [totaliPorosis], [dataPorosis], [statusiPorosis], [idKlienti], [zbritja], [totaliProdukteve]) VALUES (15, 488.5, '2021-04-26T00:00:00.000Z', 'E Pranuar nga Klienti', 26, 0, 3);
INSERT INTO [dbo].[Porosit] ([idPorosia], [totaliPorosis], [dataPorosis], [statusiPorosis], [idKlienti], [zbritja], [totaliProdukteve]) VALUES (16, 3902.99, '2021-05-25T00:00:00.000Z', 'E Pranuar nga Klienti', 24, 0, 3);
INSERT INTO [dbo].[Porosit] ([idPorosia], [totaliPorosis], [dataPorosis], [statusiPorosis], [idKlienti], [zbritja], [totaliProdukteve]) VALUES (17, 424, '2021-06-11T00:00:00.000Z', 'E Pranuar nga Klienti', 6, 0, 3);
INSERT INTO [dbo].[Porosit] ([idPorosia], [totaliPorosis], [dataPorosis], [statusiPorosis], [idKlienti], [zbritja], [totaliProdukteve]) VALUES (18, 495.15, '2021-06-15T00:00:00.000Z', 'E Pranuar nga Klienti', 6, 0, 2);
INSERT INTO [dbo].[Porosit] ([idPorosia], [totaliPorosis], [dataPorosis], [statusiPorosis], [idKlienti], [zbritja], [totaliProdukteve]) VALUES (19, 196.99, '2021-06-18T00:00:00.000Z', 'E Pranuar nga Klienti', 15, 0, 3);
INSERT INTO [dbo].[Porosit] ([idPorosia], [totaliPorosis], [dataPorosis], [statusiPorosis], [idKlienti], [zbritja], [totaliProdukteve]) VALUES (20, 3348.5, '2021-07-30T00:00:00.000Z', 'E Pranuar nga Klienti', 14, 0, 2);
INSERT INTO [dbo].[Porosit] ([idPorosia], [totaliPorosis], [dataPorosis], [statusiPorosis], [idKlienti], [zbritja], [totaliProdukteve]) VALUES (21, 3502.99, '2021-07-30T00:00:00.000Z', 'E Pranuar nga Klienti', 16, 0, 4);
INSERT INTO [dbo].[Porosit] ([idPorosia], [totaliPorosis], [dataPorosis], [statusiPorosis], [idKlienti], [zbritja], [totaliProdukteve]) VALUES (22, 4868.48, '2021-08-04T00:00:00.000Z', 'E Pranuar nga Klienti', 20, 0, 4);
INSERT INTO [dbo].[Porosit] ([idPorosia], [totaliPorosis], [dataPorosis], [statusiPorosis], [idKlienti], [zbritja], [totaliProdukteve]) VALUES (23, 246.49, '2021-08-29T00:00:00.000Z', 'E Pranuar nga Klienti', 34, 0, 4);
INSERT INTO [dbo].[Porosit] ([idPorosia], [totaliPorosis], [dataPorosis], [statusiPorosis], [idKlienti], [zbritja], [totaliProdukteve]) VALUES (24, 228.49, '2021-08-31T00:00:00.000Z', 'E Pranuar nga Klienti', 31, 0, 3);
INSERT INTO [dbo].[Porosit] ([idPorosia], [totaliPorosis], [dataPorosis], [statusiPorosis], [idKlienti], [zbritja], [totaliProdukteve]) VALUES (25, 196.5, '2021-09-01T00:00:00.000Z', 'E Pranuar nga Klienti', 28, 0, 3);
INSERT INTO [dbo].[Porosit] ([idPorosia], [totaliPorosis], [dataPorosis], [statusiPorosis], [idKlienti], [zbritja], [totaliProdukteve]) VALUES (26, 396, '2021-09-19T00:00:00.000Z', 'E Pranuar nga Klienti', 19, 0, 1);
INSERT INTO [dbo].[Porosit] ([idPorosia], [totaliPorosis], [dataPorosis], [statusiPorosis], [idKlienti], [zbritja], [totaliProdukteve]) VALUES (27, 34, '2021-10-10T00:00:00.000Z', 'E Pranuar nga Klienti', 12, 0, 1);
INSERT INTO [dbo].[Porosit] ([idPorosia], [totaliPorosis], [dataPorosis], [statusiPorosis], [idKlienti], [zbritja], [totaliProdukteve]) VALUES (28, 19.99, '2021-10-11T00:00:00.000Z', 'E Pranuar nga Klienti', 17, 0, 1);
INSERT INTO [dbo].[Porosit] ([idPorosia], [totaliPorosis], [dataPorosis], [statusiPorosis], [idKlienti], [zbritja], [totaliProdukteve]) VALUES (29, 49.5, '2021-10-11T00:00:00.000Z', 'E Pranuar nga Klienti', 9, 0, 1);
INSERT INTO [dbo].[Porosit] ([idPorosia], [totaliPorosis], [dataPorosis], [statusiPorosis], [idKlienti], [zbritja], [totaliProdukteve]) VALUES (30, 354.99, '2021-10-16T00:00:00.000Z', 'E Pranuar nga Klienti', 5, 0, 1);
INSERT INTO [dbo].[Porosit] ([idPorosia], [totaliPorosis], [dataPorosis], [statusiPorosis], [idKlienti], [zbritja], [totaliProdukteve]) VALUES (31, 478.5, '2021-10-21T00:00:00.000Z', 'E Pranuar nga Klienti', 16, 0, 3);
INSERT INTO [dbo].[Porosit] ([idPorosia], [totaliPorosis], [dataPorosis], [statusiPorosis], [idKlienti], [zbritja], [totaliProdukteve]) VALUES (32, 1098.99, '2021-11-20T00:00:00.000Z', 'E Pranuar nga Klienti', 15, 0, 2);
INSERT INTO [dbo].[Porosit] ([idPorosia], [totaliPorosis], [dataPorosis], [statusiPorosis], [idKlienti], [zbritja], [totaliProdukteve]) VALUES (33, 148, '2021-11-27T00:00:00.000Z', 'E Pranuar nga Klienti', 24, 0, 3);
INSERT INTO [dbo].[Porosit] ([idPorosia], [totaliPorosis], [dataPorosis], [statusiPorosis], [idKlienti], [zbritja], [totaliProdukteve]) VALUES (34, 1758, '2021-12-07T00:00:00.000Z', 'E Pranuar nga Klienti', 7, 0, 2);
INSERT INTO [dbo].[Porosit] ([idPorosia], [totaliPorosis], [dataPorosis], [statusiPorosis], [idKlienti], [zbritja], [totaliProdukteve]) VALUES (35, 418.5, '2021-12-08T00:00:00.000Z', 'E Pranuar nga Klienti', 12, 0, 2);
INSERT INTO [dbo].[Porosit] ([idPorosia], [totaliPorosis], [dataPorosis], [statusiPorosis], [idKlienti], [zbritja], [totaliProdukteve]) VALUES (36, 419, '2021-12-14T00:00:00.000Z', 'E Pranuar nga Klienti', 19, 0, 2);
INSERT INTO [dbo].[Porosit] ([idPorosia], [totaliPorosis], [dataPorosis], [statusiPorosis], [idKlienti], [zbritja], [totaliProdukteve]) VALUES (37, 49.5, '2021-12-27T00:00:00.000Z', 'E Pranuar nga Klienti', 1, 0, 1);
INSERT INTO [dbo].[Porosit] ([idPorosia], [totaliPorosis], [dataPorosis], [statusiPorosis], [idKlienti], [zbritja], [totaliProdukteve]) VALUES (38, 653.99, '2021-12-27T00:00:00.000Z', 'E Pranuar nga Klienti', 24, 0, 2);
INSERT INTO [dbo].[Porosit] ([idPorosia], [totaliPorosis], [dataPorosis], [statusiPorosis], [idKlienti], [zbritja], [totaliProdukteve]) VALUES (39, 478.5, '2022-01-16T00:00:00.000Z', 'E Pranuar nga Klienti', 33, 0, 3);
INSERT INTO [dbo].[Porosit] ([idPorosia], [totaliPorosis], [dataPorosis], [statusiPorosis], [idKlienti], [zbritja], [totaliProdukteve]) VALUES (40, 279.05, '2022-02-15T00:00:00.000Z', 'E Pranuar nga Klienti', 6, 0, 2);
INSERT INTO [dbo].[Porosit] ([idPorosia], [totaliPorosis], [dataPorosis], [statusiPorosis], [idKlienti], [zbritja], [totaliProdukteve]) VALUES (41, 1719.46, '2022-03-12T00:00:00.000Z', 'E Pranuar nga Klienti', 33, 0, 2);
INSERT INTO [dbo].[Porosit] ([idPorosia], [totaliPorosis], [dataPorosis], [statusiPorosis], [idKlienti], [zbritja], [totaliProdukteve]) VALUES (42, 1797.99, '2022-03-15T00:00:00.000Z', 'E Pranuar nga Klienti', 15, 0, 3);
INSERT INTO [dbo].[Porosit] ([idPorosia], [totaliPorosis], [dataPorosis], [statusiPorosis], [idKlienti], [zbritja], [totaliProdukteve]) VALUES (43, 113.9, '2022-03-22T00:00:00.000Z', 'E Pranuar nga Klienti', 28, 0, 2);
INSERT INTO [dbo].[Porosit] ([idPorosia], [totaliPorosis], [dataPorosis], [statusiPorosis], [idKlienti], [zbritja], [totaliProdukteve]) VALUES (44, 648.5, '2022-03-23T00:00:00.000Z', 'E Pranuar nga Klienti', 30, 0, 2);
INSERT INTO [dbo].[Porosit] ([idPorosia], [totaliPorosis], [dataPorosis], [statusiPorosis], [idKlienti], [zbritja], [totaliProdukteve]) VALUES (45, 344.5, '2022-04-08T00:00:00.000Z', 'E Pranuar nga Klienti', 13, 0, 2);
INSERT INTO [dbo].[Porosit] ([idPorosia], [totaliPorosis], [dataPorosis], [statusiPorosis], [idKlienti], [zbritja], [totaliProdukteve]) VALUES (46, 59.99, '2022-04-11T00:00:00.000Z', 'E Pranuar nga Klienti', 9, 0, 1);
INSERT INTO [dbo].[Porosit] ([idPorosia], [totaliPorosis], [dataPorosis], [statusiPorosis], [idKlienti], [zbritja], [totaliProdukteve]) VALUES (47, 439.5, '2022-04-13T00:00:00.000Z', 'E Pranuar nga Klienti', 12, 34.99, 2);
INSERT INTO [dbo].[Porosit] ([idPorosia], [totaliPorosis], [dataPorosis], [statusiPorosis], [idKlienti], [zbritja], [totaliProdukteve]) VALUES (48, 1312.57, '2022-05-01T00:00:00.000Z', 'E Pranuar nga Klienti', 22, 34.99, 6);
INSERT INTO [dbo].[Porosit] ([idPorosia], [totaliPorosis], [dataPorosis], [statusiPorosis], [idKlienti], [zbritja], [totaliProdukteve]) VALUES (49, 3098.41, '2022-05-01T00:00:00.000Z', 'E Pranuar nga Klienti', 30, 149.99, 7);
INSERT INTO [dbo].[Porosit] ([idPorosia], [totaliPorosis], [dataPorosis], [statusiPorosis], [idKlienti], [zbritja], [totaliProdukteve]) VALUES (50, 4251.49, '2022-05-09T00:00:00.000Z', 'E Pranuar nga Klienti', 35, 0, 6);
INSERT INTO [dbo].[Porosit] ([idPorosia], [totaliPorosis], [dataPorosis], [statusiPorosis], [idKlienti], [zbritja], [totaliProdukteve]) VALUES (51, 119.5, '2022-05-10T00:00:00.000Z', 'E Pranuar nga Klienti', 35, 0, 1);
INSERT INTO [dbo].[Porosit] ([idPorosia], [totaliPorosis], [dataPorosis], [statusiPorosis], [idKlienti], [zbritja], [totaliProdukteve]) VALUES (52, 255.09, '2022-05-11T00:00:00.000Z', 'E Pranuar nga Klienti', 27, 0, 2);
INSERT INTO [dbo].[Porosit] ([idPorosia], [totaliPorosis], [dataPorosis], [statusiPorosis], [idKlienti], [zbritja], [totaliProdukteve]) VALUES (53, 78, '2022-06-04T00:00:00.000Z', 'E Pranuar nga Klienti', 20, 0, 2);
INSERT INTO [dbo].[Porosit] ([idPorosia], [totaliPorosis], [dataPorosis], [statusiPorosis], [idKlienti], [zbritja], [totaliProdukteve]) VALUES (54, 149.5, '2022-06-07T00:00:00.000Z', 'E Pranuar nga Klienti', 24, 0, 1);
INSERT INTO [dbo].[Porosit] ([idPorosia], [totaliPorosis], [dataPorosis], [statusiPorosis], [idKlienti], [zbritja], [totaliProdukteve]) VALUES (55, 383.01, '2022-06-11T00:00:00.000Z', 'E Pranuar nga Klienti', 30, 15.99, 1);
INSERT INTO [dbo].[Porosit] ([idPorosia], [totaliPorosis], [dataPorosis], [statusiPorosis], [idKlienti], [zbritja], [totaliProdukteve]) VALUES (56, 1047.99, '2022-06-18T00:00:00.000Z', 'E Pranuar nga Klienti', 31, 0, 3);
INSERT INTO [dbo].[Porosit] ([idPorosia], [totaliPorosis], [dataPorosis], [statusiPorosis], [idKlienti], [zbritja], [totaliProdukteve]) VALUES (57, 199, '2022-06-21T00:00:00.000Z', 'E Pranuar nga Klienti', 10, 0, 1);
INSERT INTO [dbo].[Porosit] ([idPorosia], [totaliPorosis], [dataPorosis], [statusiPorosis], [idKlienti], [zbritja], [totaliProdukteve]) VALUES (58, 9.5, '2022-06-23T00:00:00.000Z', 'E Pranuar nga Klienti', 25, 0, 1);
INSERT INTO [dbo].[Porosit] ([idPorosia], [totaliPorosis], [dataPorosis], [statusiPorosis], [idKlienti], [zbritja], [totaliProdukteve]) VALUES (59, 99.49, '2022-06-23T00:00:00.000Z', 'E Pranuar nga Klienti', 13, 0, 2);
INSERT INTO [dbo].[Porosit] ([idPorosia], [totaliPorosis], [dataPorosis], [statusiPorosis], [idKlienti], [zbritja], [totaliProdukteve]) VALUES (60, 338, '2022-06-26T00:00:00.000Z', 'E Pranuar nga Klienti', 23, 0, 2);
INSERT INTO [dbo].[Porosit] ([idPorosia], [totaliPorosis], [dataPorosis], [statusiPorosis], [idKlienti], [zbritja], [totaliProdukteve]) VALUES (61, 1299, '2022-07-06T00:00:00.000Z', 'E Pranuar nga Klienti', 6, 0, 1);
INSERT INTO [dbo].[Porosit] ([idPorosia], [totaliPorosis], [dataPorosis], [statusiPorosis], [idKlienti], [zbritja], [totaliProdukteve]) VALUES (62, 99.8, '2022-07-06T00:00:00.000Z', 'E Pranuar nga Klienti', 26, 0, 3);
INSERT INTO [dbo].[Porosit] ([idPorosia], [totaliPorosis], [dataPorosis], [statusiPorosis], [idKlienti], [zbritja], [totaliProdukteve]) VALUES (63, 898.5, '2022-07-18T00:00:00.000Z', 'E Pranuar nga Klienti', 23, 0, 2);
INSERT INTO [dbo].[Porosit] ([idPorosia], [totaliPorosis], [dataPorosis], [statusiPorosis], [idKlienti], [zbritja], [totaliProdukteve]) VALUES (64, 383, '2022-07-21T00:00:00.000Z', 'E Pranuar nga Klienti', 11, 0, 2);
INSERT INTO [dbo].[Porosit] ([idPorosia], [totaliPorosis], [dataPorosis], [statusiPorosis], [idKlienti], [zbritja], [totaliProdukteve]) VALUES (65, 559, '2022-07-22T00:00:00.000Z', 'E Pranuar nga Klienti', 34, 0, 1);
INSERT INTO [dbo].[Porosit] ([idPorosia], [totaliPorosis], [dataPorosis], [statusiPorosis], [idKlienti], [zbritja], [totaliProdukteve]) VALUES (66, 510.99, '2022-07-25T00:00:00.000Z', 'E Pranuar nga Klienti', 25, 120, 2);
INSERT INTO [dbo].[Porosit] ([idPorosia], [totaliPorosis], [dataPorosis], [statusiPorosis], [idKlienti], [zbritja], [totaliProdukteve]) VALUES (67, 386.48, '2022-08-01T00:00:00.000Z', 'E Pranuar nga Klienti', 34, 0, 3);
INSERT INTO [dbo].[Porosit] ([idPorosia], [totaliPorosis], [dataPorosis], [statusiPorosis], [idKlienti], [zbritja], [totaliProdukteve]) VALUES (68, 3981.47, '2022-08-01T00:00:00.000Z', 'E Pranuar nga Klienti', 24, 0, 4);
INSERT INTO [dbo].[Porosit] ([idPorosia], [totaliPorosis], [dataPorosis], [statusiPorosis], [idKlienti], [zbritja], [totaliProdukteve]) VALUES (69, 59.99, '2022-08-19T00:00:00.000Z', 'E Pranuar nga Klienti', 7, 0, 1);
INSERT INTO [dbo].[Porosit] ([idPorosia], [totaliPorosis], [dataPorosis], [statusiPorosis], [idKlienti], [zbritja], [totaliProdukteve]) VALUES (70, 308.99, '2022-08-21T00:00:00.000Z', 'E Pranuar nga Klienti', 6, 0, 4);
INSERT INTO [dbo].[Porosit] ([idPorosia], [totaliPorosis], [dataPorosis], [statusiPorosis], [idKlienti], [zbritja], [totaliProdukteve]) VALUES (71, 697.55, '2022-08-27T00:00:00.000Z', 'E Pranuar nga Klienti', 3, 0, 4);
INSERT INTO [dbo].[Porosit] ([idPorosia], [totaliPorosis], [dataPorosis], [statusiPorosis], [idKlienti], [zbritja], [totaliProdukteve]) VALUES (72, 319.48, '2022-09-02T00:00:00.000Z', 'E Pranuar nga Klienti', 15, 0, 3);
INSERT INTO [dbo].[Porosit] ([idPorosia], [totaliPorosis], [dataPorosis], [statusiPorosis], [idKlienti], [zbritja], [totaliProdukteve]) VALUES (73, 1298.99, '2022-09-06T00:00:00.000Z', 'E Pranuar nga Klienti', 9, 0, 2);
INSERT INTO [dbo].[Porosit] ([idPorosia], [totaliPorosis], [dataPorosis], [statusiPorosis], [idKlienti], [zbritja], [totaliProdukteve]) VALUES (74, 1064.97, '2022-10-06T00:00:00.000Z', 'E Pranuar nga Klienti', 30, 0, 1);
INSERT INTO [dbo].[Porosit] ([idPorosia], [totaliPorosis], [dataPorosis], [statusiPorosis], [idKlienti], [zbritja], [totaliProdukteve]) VALUES (75, 1493.47, '2022-10-19T00:00:00.000Z', 'E Pranuar nga Klienti', 3, 0, 5);
INSERT INTO [dbo].[Porosit] ([idPorosia], [totaliPorosis], [dataPorosis], [statusiPorosis], [idKlienti], [zbritja], [totaliProdukteve]) VALUES (76, 638.49, '2022-10-20T00:00:00.000Z', 'E Pranuar nga Klienti', 23, 0, 3);
INSERT INTO [dbo].[Porosit] ([idPorosia], [totaliPorosis], [dataPorosis], [statusiPorosis], [idKlienti], [zbritja], [totaliProdukteve]) VALUES (77, 1149.49, '2022-10-22T00:00:00.000Z', 'E Pranuar nga Klienti', 19, 0, 2);
INSERT INTO [dbo].[Porosit] ([idPorosia], [totaliPorosis], [dataPorosis], [statusiPorosis], [idKlienti], [zbritja], [totaliProdukteve]) VALUES (78, 684.5, '2022-11-11T00:00:00.000Z', 'E Pranuar nga Klienti', 17, 0, 3);
INSERT INTO [dbo].[Porosit] ([idPorosia], [totaliPorosis], [dataPorosis], [statusiPorosis], [idKlienti], [zbritja], [totaliProdukteve]) VALUES (79, 1079.48, '2022-11-12T00:00:00.000Z', 'E Pranuar nga Klienti', 4, 0, 3);
INSERT INTO [dbo].[Porosit] ([idPorosia], [totaliPorosis], [dataPorosis], [statusiPorosis], [idKlienti], [zbritja], [totaliProdukteve]) VALUES (80, 279.09, '2022-11-15T00:00:00.000Z', 'E Pranuar nga Klienti', 9, 0, 2);
INSERT INTO [dbo].[Porosit] ([idPorosia], [totaliPorosis], [dataPorosis], [statusiPorosis], [idKlienti], [zbritja], [totaliProdukteve]) VALUES (81, 4652.99, '2022-11-15T00:00:00.000Z', 'E Pranuar nga Klienti', 2, 0, 4);
INSERT INTO [dbo].[Porosit] ([idPorosia], [totaliPorosis], [dataPorosis], [statusiPorosis], [idKlienti], [zbritja], [totaliProdukteve]) VALUES (82, 349, '2022-11-25T00:00:00.000Z', 'E Pranuar nga Klienti', 1, 0, 1);
INSERT INTO [dbo].[Porosit] ([idPorosia], [totaliPorosis], [dataPorosis], [statusiPorosis], [idKlienti], [zbritja], [totaliProdukteve]) VALUES (83, 1498.49, '2022-11-30T00:00:00.000Z', 'E Pranuar nga Klienti', 34, 0, 3);
INSERT INTO [dbo].[Porosit] ([idPorosia], [totaliPorosis], [dataPorosis], [statusiPorosis], [idKlienti], [zbritja], [totaliProdukteve]) VALUES (84, 385.5, '2022-12-06T00:00:00.000Z', 'E Pranuar nga Klienti', 22, 0, 2);
INSERT INTO [dbo].[Porosit] ([idPorosia], [totaliPorosis], [dataPorosis], [statusiPorosis], [idKlienti], [zbritja], [totaliProdukteve]) VALUES (85, 544.5, '2022-12-30T00:00:00.000Z', 'E Pranuar nga Klienti', 5, 0, 2);
INSERT INTO [dbo].[Porosit] ([idPorosia], [totaliPorosis], [dataPorosis], [statusiPorosis], [idKlienti], [zbritja], [totaliProdukteve]) VALUES (86, 299, '2023-01-06T00:00:00.000Z', 'E Pranuar nga Klienti', 35, 0, 1);
INSERT INTO [dbo].[Porosit] ([idPorosia], [totaliPorosis], [dataPorosis], [statusiPorosis], [idKlienti], [zbritja], [totaliProdukteve]) VALUES (87, 1907.99, '2023-01-15T00:00:00.000Z', 'E Pranuar nga Klienti', 2, 0, 3);
INSERT INTO [dbo].[Porosit] ([idPorosia], [totaliPorosis], [dataPorosis], [statusiPorosis], [idKlienti], [zbritja], [totaliProdukteve]) VALUES (88, 148.99, '2023-01-16T00:00:00.000Z', 'E Pranuar nga Klienti', 7, 0, 3);
INSERT INTO [dbo].[Porosit] ([idPorosia], [totaliPorosis], [dataPorosis], [statusiPorosis], [idKlienti], [zbritja], [totaliProdukteve]) VALUES (89, 389.5, '2023-01-22T00:00:00.000Z', 'E Pranuar nga Klienti', 34, 0, 3);
INSERT INTO [dbo].[Porosit] ([idPorosia], [totaliPorosis], [dataPorosis], [statusiPorosis], [idKlienti], [zbritja], [totaliProdukteve]) VALUES (90, 438.97, '2023-02-03T00:00:00.000Z', 'E Pranuar nga Klienti', 23, 0, 5);
INSERT INTO [dbo].[Porosit] ([idPorosia], [totaliPorosis], [dataPorosis], [statusiPorosis], [idKlienti], [zbritja], [totaliProdukteve]) VALUES (91, 198.55, '2023-02-07T00:00:00.000Z', 'E Pranuar nga Klienti', 10, 0, 2);
INSERT INTO [dbo].[Porosit] ([idPorosia], [totaliPorosis], [dataPorosis], [statusiPorosis], [idKlienti], [zbritja], [totaliProdukteve]) VALUES (92, 245, '2023-02-09T00:00:00.000Z', 'E Pranuar nga Klienti', 1, 0, 2);
INSERT INTO [dbo].[Porosit] ([idPorosia], [totaliPorosis], [dataPorosis], [statusiPorosis], [idKlienti], [zbritja], [totaliProdukteve]) VALUES (93, 394.49, '2023-02-12T00:00:00.000Z', 'E Pranuar nga Klienti', 26, 0, 4);
INSERT INTO [dbo].[Porosit] ([idPorosia], [totaliPorosis], [dataPorosis], [statusiPorosis], [idKlienti], [zbritja], [totaliProdukteve]) VALUES (94, 1163.49, '2023-02-22T00:00:00.000Z', 'E Pranuar nga Klienti', 29, 0, 4);
INSERT INTO [dbo].[Porosit] ([idPorosia], [totaliPorosis], [dataPorosis], [statusiPorosis], [idKlienti], [zbritja], [totaliProdukteve]) VALUES (95, 1013, '2023-02-26T00:00:00.000Z', 'E Pranuar nga Klienti', 10, 0, 5);
INSERT INTO [dbo].[Porosit] ([idPorosia], [totaliPorosis], [dataPorosis], [statusiPorosis], [idKlienti], [zbritja], [totaliProdukteve]) VALUES (96, 2548.03, '2023-03-11T00:00:00.000Z', 'E Pranuar nga Klienti', 8, 0, 5);
INSERT INTO [dbo].[Porosit] ([idPorosia], [totaliPorosis], [dataPorosis], [statusiPorosis], [idKlienti], [zbritja], [totaliProdukteve]) VALUES (97, 78.5, '2023-03-29T00:00:00.000Z', 'E Pranuar nga Klienti', 13, 0, 3);
INSERT INTO [dbo].[Porosit] ([idPorosia], [totaliPorosis], [dataPorosis], [statusiPorosis], [idKlienti], [zbritja], [totaliProdukteve]) VALUES (98, 416.5, '2023-04-05T00:00:00.000Z', 'E Pranuar nga Klienti', 19, 0, 5);
INSERT INTO [dbo].[Porosit] ([idPorosia], [totaliPorosis], [dataPorosis], [statusiPorosis], [idKlienti], [zbritja], [totaliProdukteve]) VALUES (99, 164, '2023-04-16T00:00:00.000Z', 'E Pranuar nga Klienti', 33, 0, 4);
INSERT INTO [dbo].[Porosit] ([idPorosia], [totaliPorosis], [dataPorosis], [statusiPorosis], [idKlienti], [zbritja], [totaliProdukteve]) VALUES (100, 2819, '2023-04-24T00:00:00.000Z', 'E Pranuar nga Klienti', 25, 0, 4);
INSERT INTO [dbo].[Porosit] ([idPorosia], [totaliPorosis], [dataPorosis], [statusiPorosis], [idKlienti], [zbritja], [totaliProdukteve]) VALUES (101, 6776, '2023-05-01T00:00:00.000Z', 'E Pranuar nga Klienti', 25, 0, 5);
INSERT INTO [dbo].[Porosit] ([idPorosia], [totaliPorosis], [dataPorosis], [statusiPorosis], [idKlienti], [zbritja], [totaliProdukteve]) VALUES (102, 225.05, '2023-05-19T00:00:00.000Z', 'E Pranuar nga Klienti', 1, 0, 2);
INSERT INTO [dbo].[Porosit] ([idPorosia], [totaliPorosis], [dataPorosis], [statusiPorosis], [idKlienti], [zbritja], [totaliProdukteve]) VALUES (103, 112.97, '2023-05-28T00:00:00.000Z', 'E Pranuar nga Klienti', 12, 0, 3);
INSERT INTO [dbo].[Porosit] ([idPorosia], [totaliPorosis], [dataPorosis], [statusiPorosis], [idKlienti], [zbritja], [totaliProdukteve]) VALUES (104, 312.99, '2023-06-10T00:00:00.000Z', 'E Pranuar nga Klienti', 19, 0, 3);
INSERT INTO [dbo].[Porosit] ([idPorosia], [totaliPorosis], [dataPorosis], [statusiPorosis], [idKlienti], [zbritja], [totaliProdukteve]) VALUES (105, 1355.98, '2023-06-12T00:00:00.000Z', 'E Dorezuar Tek Postieri', 24, 0, 3);
INSERT INTO [dbo].[Porosit] ([idPorosia], [totaliPorosis], [dataPorosis], [statusiPorosis], [idKlienti], [zbritja], [totaliProdukteve]) VALUES (106, 270.49, '2023-06-14T00:00:00.000Z', 'E Pergaditur', 20, 0, 5);
INSERT INTO [dbo].[Porosit] ([idPorosia], [totaliPorosis], [dataPorosis], [statusiPorosis], [idKlienti], [zbritja], [totaliProdukteve]) VALUES (107, 2087, '2023-06-15T00:00:00.000Z', 'E Verifikuar', 18, 0, 3);
INSERT INTO [dbo].[Porosit] ([idPorosia], [totaliPorosis], [dataPorosis], [statusiPorosis], [idKlienti], [zbritja], [totaliProdukteve]) VALUES (108, 25, '2023-08-06T00:00:00.000Z', 'Ne Procesim', 1, 34.99, 1);
INSERT INTO [dbo].[Porosit] ([idPorosia], [totaliPorosis], [dataPorosis], [statusiPorosis], [idKlienti], [zbritja], [totaliProdukteve]) VALUES (109, 299.5, '2023-08-06T00:00:00.000Z', 'Ne Procesim', 19, 0, 1);
INSERT INTO [dbo].[Porosit] ([idPorosia], [totaliPorosis], [dataPorosis], [statusiPorosis], [idKlienti], [zbritja], [totaliProdukteve]) VALUES (110, 299.5, '2023-08-19T00:00:00.000Z', 'Ne Procesim', 12, 0, 1);
SET IDENTITY_INSERT [dbo].[Porosit] OFF;
SET IDENTITY_INSERT [dbo].[Produkti] ON;
INSERT INTO [dbo].[Produkti] ([produktiID], [emriProduktit], [pershkrimi], [fotoProduktit], [kompaniaID], [kategoriaID], [zbritja]) VALUES (1, 'Laptop ASUS TUF Gaming F15 (2021), 15.6"', 'Ky laptop sht i pajisur me karakteristika t shklqyeshme. Ai mundsohet nga nj procesor 6-core Intel Core i5 11400H q funksionon me nj frekuenc 2.7 GHz deri n 4.5 GHz. Procesori plotsohet me 16 GB DDR4 SODIMM (slot). Hard disku 512 GB SSD M.2 PCIe NVMe shrben pr t dhnat. Disku optik mungon. T dhnat e figurs pr ekranin 15.6 " IPS me rezolucion 1920 x 1080 (Full HD) piksel jan siguruar nga kartela grafike NVIDIA GeForce RTX 3050Ti. Prej ndrfaqeve prfshin HDMI 2.0, mbshtetje DisplayPort, RJ-45, 3 porte USB 3.0/3.1/3.2 Gen 1 Type-A dhe 1x Thunderbolt 4/USB4. Poashtu, laptopi mbshtet standardet Wi-Fi a / b / g / n / ac / ax dhe Bluetooth v5.2. Lloji i karts s rrjetit GLAN, WLAN. Ndr karakteristikat e tjera laptopi ka nj tastier me ndriim dhe me taste numerike. Poashtu, prfshihen 2 altoparlant 2W. Bateria ka kapacitet 3-cell, 48Wh. Fuqia maksimale e furnizimit me energji 180 W. Laptopi vjen me sistemin operativ Windows 11 Home.', '63e90dd68362c0.14152620.webp', 3, 2, NULL);
INSERT INTO [dbo].[Produkti] ([produktiID], [emriProduktit], [pershkrimi], [fotoProduktit], [kompaniaID], [kategoriaID], [zbritja]) VALUES (2, 'Laptop Razer Blade 15 Advanced Model', '', '63d055e0c57d81.05756611.webp', 9, 2, NULL);
INSERT INTO [dbo].[Produkti] ([produktiID], [emriProduktit], [pershkrimi], [fotoProduktit], [kompaniaID], [kategoriaID], [zbritja]) VALUES (3, 'Celular Samsung Galaxy S22 Ultra, 6.8", 12GB RAM, 512GB, i zi', 'Dizajni i holl dhe elegant i Galaxy S22 Ultra fsheh fotografi t pafundme ditn dhe natn, nj studio pune profesionale dhe veori novatore q ju mbajn larg duarve. ipi grafik prdor arkitekturn e avancuar RDNA 2 t AMD dhe teknologjin Ray Tracing pr t ofruar nj prvoj vizuale t nivelit t lart me ndriim realist t skens. Me nj maksimum verbues prej 1750 nits, Galaxy S22 Ultra sht nj nga telefonat m t ndritshm nga Samsung ndonjher dhe ekran Dynamic AMOLED 2X me Vision Booster, bllokon n mnyr efektive shklqimin e bezdisshm n ekran. Kamera e pasme ka nj rezolucion prej 108 + 12 + 10 + 10 Mpx, kurse kamera e prparme 40 Mpx.', '63d055e915be98.37912983.webp', 10, 1, NULL);
INSERT INTO [dbo].[Produkti] ([produktiID], [emriProduktit], [pershkrimi], [fotoProduktit], [kompaniaID], [kategoriaID], [zbritja]) VALUES (4, 'Lenovo NB IdeaPad 3 15ALC6', '', '63d055f15d73c8.42300026.webp', 5, 2, NULL);
INSERT INTO [dbo].[Produkti] ([produktiID], [emriProduktit], [pershkrimi], [fotoProduktit], [kompaniaID], [kategoriaID], [zbritja]) VALUES (5, 'Lenovo ThinkPad P14s Gen 3 (AMD), 14", AMD Ryzen 7 Pro, 32GB RAM, 1TB SSD, AMD Radeon 680M, i zi', '', '63d055feb6ffa9.20196181.webp', 5, 2, NULL);
INSERT INTO [dbo].[Produkti] ([produktiID], [emriProduktit], [pershkrimi], [fotoProduktit], [kompaniaID], [kategoriaID], [zbritja]) VALUES (6, 'Maus pad SteelSeries QcK Heavy M', '', '63d05608dd9912.15133010.webp', 11, 8, NULL);
INSERT INTO [dbo].[Produkti] ([produktiID], [emriProduktit], [pershkrimi], [fotoProduktit], [kompaniaID], [kategoriaID], [zbritja]) VALUES (7, 'Maus pad SteelSeries QcK Edge XL', '', '63d0561088af36.99850110.webp', 11, 8, NULL);
INSERT INTO [dbo].[Produkti] ([produktiID], [emriProduktit], [pershkrimi], [fotoProduktit], [kompaniaID], [kategoriaID], [zbritja]) VALUES (8, 'Dron DJI Ryze Tello ED', '', '63d0561af0d506.97064987.webp', 13, 9, NULL);
INSERT INTO [dbo].[Produkti] ([produktiID], [emriProduktit], [pershkrimi], [fotoProduktit], [kompaniaID], [kategoriaID], [zbritja]) VALUES (9, 'Dron Overmax X-Bee, 600 m, i zi', '', '63d056224fcfd5.12230564.webp', 14, 9, NULL);
INSERT INTO [dbo].[Produkti] ([produktiID], [emriProduktit], [pershkrimi], [fotoProduktit], [kompaniaID], [kategoriaID], [zbritja]) VALUES (10, 'Dron DJI Mavic 3 Classic (DJI RC)(EU)', 'Mavic 3 Classic me performanc t lart fluturimi dhe nj kamer Hasselblad prfaqson cilsin m t lart t imazhit. Pr t kapur ngjyrat natyrale t Mavic 3 Classic si kamerat e tjera Hasselblad, lentja L2D-20c prdor t njjtat standarde krkuese dhe ka kalibruar do piksel sensori me HNCS t integruar. Modaliteti video Night Images optimizon fotot n drit t ult, t tilla si perndimet dhe lindjet e diellit, dhe redukton zhurmn pr shkrepje m t pastra. Kjo jo vetm q e bn m t leht fluturimin n distanca t gjata, por gjithashtu ndihmon n reduktimin e lkundjeve manuale dhe siguron lvizje m t qet t kamers. Mavic 3 Classic mund t fluturoj n nj lartsi t caktuar dhe m pas t gjej nj rrug t sigurt dhe efikase t kthimit n pikn e tij fillestare, duke kombinuar avantazhet e RTH t avancuar dhe RTH tradicionale dhe duke i lejuar prdoruesit t zgjedhin opsionin m t mir sipas mjedisit.', '63d0562b618d48.16102205.webp', 13, 9, NULL);
INSERT INTO [dbo].[Produkti] ([produktiID], [emriProduktit], [pershkrimi], [fotoProduktit], [kompaniaID], [kategoriaID], [zbritja]) VALUES (11, 'Kas Thermaltake Core P3, e bardh', 'Core P3 TG sht nj kas me korniz t hapur me aftsi t jashtzakonshme shikimi. Paneli i prparm i xhamit t kalbur me trashsi 5 mm garanton qndrueshmrin e dritares dhe e shfaq ndrtimin tuaj me qartsi t qart. Prdoruesit mund t shikojn plotsisht do komponent t sistemit dhe t tregojn prkushtimin dhe grupin e aftsive t tyre. Kasa sht e prshtatshme me pllakat am ATX, Micro ATX (uATX), Mini ITX. Mund t instaloni kart grafike me gjatsi maksimale 45cm. N panelin e prparm kasa ka 2x USB 2.0, 2x USB 3.0, lidhs pr kufje dhe mikrofon.', '63d056323276c7.81542918.webp', 12, 10, NULL);
INSERT INTO [dbo].[Produkti] ([produktiID], [emriProduktit], [pershkrimi], [fotoProduktit], [kompaniaID], [kategoriaID], [zbritja]) VALUES (12, 'Flutur ftohse Arctic P14 PWM - 140 mm', '', '63d0563b7f0dd0.69298527.webp', 23, 10, NULL);
INSERT INTO [dbo].[Produkti] ([produktiID], [emriProduktit], [pershkrimi], [fotoProduktit], [kompaniaID], [kategoriaID], [zbritja]) VALUES (13, 'Memorie G. Skill DDR4, 8 GB, 2400 MHz, CL17', 'Memoria e till G.Skill RAM prej 8 GB do t garantoj komoditet t lart prdorimi pr shum aplikacione. Njerzit q presin performanc maksimale dhe kursime t larta t energjis duhet t arrijn te memoria DDR4. Nj memorie e till do tju lejoj t argtoheni me performanc t shklqyer t operimit. Nse kompjuteri ngadalsohet pas njfar kohe, do t jet e mundur t zgjerohet memoria RAM. Vonesa CL17 do tju lejoj t punoni rehat me programet e zyrs, si dhe me shum lojra krkuese. Tensioni prej 1.2 V fuqizon ipat e memories DDR4, q do t thot 20% konsum m t ult t energjis n krahasim me DDR3 dhe gjersi bande m t lart. Ky variant do t jet nj zgjidhje perfekte pr prdoruesit q presin pun t rehatshme dhe, n t njjtn koh, kursime t larta t energjis.', '63d056492e89d5.21517717.webp', 15, 10, NULL);
INSERT INTO [dbo].[Produkti] ([produktiID], [emriProduktit], [pershkrimi], [fotoProduktit], [kompaniaID], [kategoriaID], [zbritja]) VALUES (14, 'SSD Transcend MTE220S, M.2 - 256GB', '', '63d0567a1432f3.30627468.webp', 24, 18, NULL);
INSERT INTO [dbo].[Produkti] ([produktiID], [emriProduktit], [pershkrimi], [fotoProduktit], [kompaniaID], [kategoriaID], [zbritja]) VALUES (15, 'Ftohs Akasa DDR, aRGB LED, pasiv (AK-MX248)', '', '63d05689da6022.83633684.webp', 16, 10, NULL);
INSERT INTO [dbo].[Produkti] ([produktiID], [emriProduktit], [pershkrimi], [fotoProduktit], [kompaniaID], [kategoriaID], [zbritja]) VALUES (16, 'Prshtats i brendshm Akasa AK-CBUB37-50BK', '', '63d056a353ba19.29349886.webp', 16, 15, NULL);
INSERT INTO [dbo].[Produkti] ([produktiID], [emriProduktit], [pershkrimi], [fotoProduktit], [kompaniaID], [kategoriaID], [zbritja]) VALUES (17, 'Ftohs Corsair ML120 PRO RGB, 120mm', '', '63d056ab22eb80.78302695.webp', 17, 10, NULL);
INSERT INTO [dbo].[Produkti] ([produktiID], [emriProduktit], [pershkrimi], [fotoProduktit], [kompaniaID], [kategoriaID], [zbritja]) VALUES (18, 'Past Arctic MX-4 2019 (4g)', '', '63d056b3c3cc68.15404951.webp', 23, 10, NULL);
INSERT INTO [dbo].[Produkti] ([produktiID], [emriProduktit], [pershkrimi], [fotoProduktit], [kompaniaID], [kategoriaID], [zbritja]) VALUES (19, 'Hard disk SSD WD Green SATA III - 240GB 3D NAND', 'WD Green sht hard disk SSD pr kompjuter apo laptop q ju sjell performanc t shpejt t transferimit t t dhnave dhe ruajtjes s tyre me siguri t plot. Luajtja e videolojrave, qasja n internet apo ndezja e sistemit operativ arrihen disa her m shpejt sesa hard disqet HDD. Aksesori vjen me kapacitet prej 240GB, mund t lidhet me kompjuter nprmjet platforms SATA III 6 Gb / s dhe sht ndrtuar pr konsumim t ult t energjis dhe operim afatgjat. Formati i produktit sht 2.5" dhe mund t arrij deri n 545 MB / s shpejtsi.', '63d056bd110280.38041391.webp', 23, 18, NULL);
INSERT INTO [dbo].[Produkti] ([produktiID], [emriProduktit], [pershkrimi], [fotoProduktit], [kompaniaID], [kategoriaID], [zbritja]) VALUES (20, 'Kompjuter AIO Acer Veriton Essential Z (EZ2740G),23.8", Intel Core i5-1135G7, 8 GB DDR4, 512GB SSD, Intel UHD Graphics, i argjendt', '', '63d056c7197425.11040451.webp', 20, 6, NULL);
INSERT INTO [dbo].[Produkti] ([produktiID], [emriProduktit], [pershkrimi], [fotoProduktit], [kompaniaID], [kategoriaID], [zbritja]) VALUES (21, 'Kompjuter Dell Inspiron 24 (5415), 23.8 ", AMD Ryzen 5, 16GB RAM, 256GB SSD, 1TB HDD, AMD Radeon Graphics, i bardh', '', '63d056d11496d3.86492053.webp', 25, 6, NULL);
INSERT INTO [dbo].[Produkti] ([produktiID], [emriProduktit], [pershkrimi], [fotoProduktit], [kompaniaID], [kategoriaID], [zbritja]) VALUES (22, 'Kompjuter HP ENVY 34-c1001nc, 34", Intel Core i7, 32GB RAM, 1TB SSD, NVIDIA GeForce RTX 3060, i argjendt', '', '63d056dd5bc157.84233223.webp', 19, 6, NULL);
INSERT INTO [dbo].[Produkti] ([produktiID], [emriProduktit], [pershkrimi], [fotoProduktit], [kompaniaID], [kategoriaID], [zbritja]) VALUES (23, 'Apple iMac 24", M1 8-core, 8GB, 256GB, 8-core GPU, Green', 'IMac i ri sht nj hap i madh prpara n ekosistemin e ri t Apple me prdorimin e platforms s fuqishme M1, i cili ka nj performanc t shklqyeshme n nj dizajn t ri me teknologji t leht pr tu prdorur. Pikrisht at q prisni nga nj iMac i ri.rnrnPoashtu, ky kompjuter posedon nj ekran Apple iMac 24 4.5K Retina AiO me diagonale 24" dhe nj rezolucion 4.5K prej 4480  2520 piksel. Performanca e tij sht e ndrtuar n nj procesor 8-brthamor Apple M1 me GPU 8-brtham dhe 16-core Neural Engine dhe gjithashtu prfshin 8 GB RAM. Ndrsa, pr sistemin, t dhnat dhe aplikacionin jan t dizajnuara 256 GB SSD, kamera t integruar FaceTime HD 1080p dhe WiFi pr komunikim wireless Gigabit Ethernet, duke prfshir Bluetooth 5.0 2x Thunderbolt 4 / Type-C. Prve ksaj, Apple iMac 24 "4.5K Retina M1 posedon 2 porte USB Type-C 3.1 / 3.2 Gen 2 dhe 3.5 mm pr kufje, si dhe operon me sistemin operativ Big Sur.', '63d056e8dc0484.98868210.webp', 1, 6, NULL);
INSERT INTO [dbo].[Produkti] ([produktiID], [emriProduktit], [pershkrimi], [fotoProduktit], [kompaniaID], [kategoriaID], [zbritja]) VALUES (24, 'Projektor Acer C202i', 'The Acer C202i projector offers high-quality visual performance with 300 lumens and 5000:1 contrast ratio using DLP technology for 3D viewing, smooth video, and high color contrast. It has an HDMI port for quick and convenient connection to various high-resolution sources, a built-in USB port for external media players, and can project at a short distance of 0.73 meters with a WVGA resolution of 854x480 and a 16:9 aspect ratio. The projector has a lamp life of up to 30,000 hours in Eco mode, with a 1x2W internal speaker and an integrated battery for up to 5 hours of operation. It also features USB, HDMI, and 3.5mm Jack interfaces.', '63d056f36c8ac5.29677040.webp', 20, 7, NULL);
INSERT INTO [dbo].[Produkti] ([produktiID], [emriProduktit], [pershkrimi], [fotoProduktit], [kompaniaID], [kategoriaID], [zbritja]) VALUES (25, 'Maus ZOWIE by BenQ S1,i zi', '', '63d056fddef055.63527829.webp', 21, 8, NULL);
INSERT INTO [dbo].[Produkti] ([produktiID], [emriProduktit], [pershkrimi], [fotoProduktit], [kompaniaID], [kategoriaID], [zbritja]) VALUES (26, 'Maus Marvo M720W, i zi', '', '63d057056d4e38.57263102.webp', 22, 8, NULL);
INSERT INTO [dbo].[Produkti] ([produktiID], [emriProduktit], [pershkrimi], [fotoProduktit], [kompaniaID], [kategoriaID], [zbritja]) VALUES (27, 'Apple MacBook Pro 16", M2 Max 12-Core, 32GB, 1TB, 38-Core GPU, Silver', 'Performanca e prshtatur pr profesionistt. MacBook Pro 16 M2 Max i ri vjen me nj ekran 16" dhe performanca e tij i shtyn kufijt imagjinar n nj nivel t ri. Arkitektura e prmirsuar ndjeshm e M2 Max thjesht ka fuqi brutale pr t gjitha idet tuaja krijuese. Dhe ajo q vreni n shikim t par sht dizajn elegant me theks n cilsin e prpunimit.', '63d05c06aa8757.25439961.webp', 1, 2, NULL);
INSERT INTO [dbo].[Produkti] ([produktiID], [emriProduktit], [pershkrimi], [fotoProduktit], [kompaniaID], [kategoriaID], [zbritja]) VALUES (28, 'Kufje Logitech G432, t zeza', 'Kufje t fuqishme por shum t rehatshme 50mm. X 2.0 mbshtetja e zrit shtes e gjenerats s ardhshme. Dizajnuar pr prdorim me t gjitha platformat e lojrave dhe pajisjet mobile, USB DAC dhe lidhs 3.5mm. Ata jan n prputhje me PC, Mac, PS4, Xbox One, Nintendo Switch dhe gjithashtu me pajisje t lvizshme. Mikrofoni 6mm me funksionin "mute". 107 dB ndjeshmri SPL / MW. Prgjigjja frekuencore 20 - 20,000 Hz. Impedanc 39 Ohm (pasive), 5 kiloohm (aktive). Gjatsia e kabllit 2 m. T lehta me pesh prej 303 g (me kabllo). Prmasat 172 x 81.7 x 182 mm.', '5d583b48ac254c35a0fe6116884eb14f.webp', 6, 5, NULL);
INSERT INTO [dbo].[Produkti] ([produktiID], [emriProduktit], [pershkrimi], [fotoProduktit], [kompaniaID], [kategoriaID], [zbritja]) VALUES (29, 'Hard disk Samsung SSD 970 EVO PLUS, M.2 - 250GB', '', '63eab84858c8d7.45002641.webp', 10, 18, NULL);
INSERT INTO [dbo].[Produkti] ([produktiID], [emriProduktit], [pershkrimi], [fotoProduktit], [kompaniaID], [kategoriaID], [zbritja]) VALUES (30, 'Disk portativ WD Elements, 2TB, i zi', 'WD Elements ofron nj hard disk portativ dhe modern. Me kapacitet 2 TB dhe pesh t leht (vetm 230 gram), ofron shum hapsir pr nj sr t dhnash. Pjesa e tij prbrse sht nj mbules e fort, duke e br diskun m rezistent ndaj dmtimit. Ruajtja mbshtet pa probleme pajisjet e fundit USB 3.0 dhe gjithashtu sht i pajtueshm me kompjutert USB 2.0. Pajisja n modalitetin USB 3.0 transferon deri n 5 Gb / s, nse e lidhni at me nj kompjuter q mbshtet USB 2.0, do t duhet t jeni m i ngadalt, por gjithsesi i mjaftueshm i shpejt maksimal teorik deri n 480 Mb / s. Disku sht i formatuar nga fabrika me NTFS dhe sht n prputhje me Windows 8, Windows 7, Windows Vista dhe Windows XP. Ato mund t riformatohen pa vshtirsi pr sistemet Mac. Kjo bn t mundur q pronart e kompjuterave me sisteme t ndryshme operative t prdorin diskun. Dimensionet e tij jan 21 x 111 x 82mm.', '63eab88a9bae20.95606749.webp', 18, 18, NULL);
INSERT INTO [dbo].[Produkti] ([produktiID], [emriProduktit], [pershkrimi], [fotoProduktit], [kompaniaID], [kategoriaID], [zbritja]) VALUES (31, 'Disk i jashtm Transcend Jet 25H3B, 1 TB, i zi / kaltr', '', '63eab963cfcf35.02921447.webp', 24, 18, NULL);
INSERT INTO [dbo].[Produkti] ([produktiID], [emriProduktit], [pershkrimi], [fotoProduktit], [kompaniaID], [kategoriaID], [zbritja]) VALUES (32, 'Apple MacBook Pro 16.2", M1 Max 10-core, 32GB, 1TB, 32-core GPU, Silver', '', '63eab99c203254.93655263.webp', 1, 2, NULL);
INSERT INTO [dbo].[Produkti] ([produktiID], [emriProduktit], [pershkrimi], [fotoProduktit], [kompaniaID], [kategoriaID], [zbritja]) VALUES (33, 'Apple iPhone 11, 64GB, Black', '', '63eab9e5b821b1.87284331.webp', 1, 1, NULL);
INSERT INTO [dbo].[Produkti] ([produktiID], [emriProduktit], [pershkrimi], [fotoProduktit], [kompaniaID], [kategoriaID], [zbritja]) VALUES (34, 'Apple Magic Mouse (2022), Black Multi - Touch Surface', '', '63eab9ff27af71.66828407.webp', 1, 8, NULL);
INSERT INTO [dbo].[Produkti] ([produktiID], [emriProduktit], [pershkrimi], [fotoProduktit], [kompaniaID], [kategoriaID], [zbritja]) VALUES (35, 'Celular Samsung Galaxy A23 5G, 6.6" FHD+, 4GB RAM, 128GB, i kaltr', 'This is a mobile phone with a 6.6" Full HD+ display and a 120 Hz refresh rate. It has a 50 MPx camera, an ultra-wide-angle lens, macro and depth sensors, and an 8 MPx front camera. It is powered by a Qualcomm Snapdragon 695 processor with 8 cores and 4 GB RAM, and has 128 GB of storage with the option to add up to 1 TB with a micro SD card. It supports LTE, Wi-Fi, Bluetooth v5.1, 5G, NF, GPS, BeiDou, QZSS, GLONASS, and Galileo. It runs on Android OS, has a 5000 mAh battery with Super Fast Charging 25W, and weighs 197 g with dimensions of 165.4 x 76.9 x 8.4 mm.', '63eaba204edb24.98379543.webp', 10, 1, NULL);
INSERT INTO [dbo].[Produkti] ([produktiID], [emriProduktit], [pershkrimi], [fotoProduktit], [kompaniaID], [kategoriaID], [zbritja]) VALUES (36, 'Apple Watch SE2 GPS 44mm, Midnight Aluminium Case me Midnight Sport Band, Regular', '', '63eaba4ebf5fb1.84174295.webp', 1, 3, NULL);
INSERT INTO [dbo].[Produkti] ([produktiID], [emriProduktit], [pershkrimi], [fotoProduktit], [kompaniaID], [kategoriaID], [zbritja]) VALUES (37, 'Fotoaparat momental Fujifilm Instax Mini 90, i zi', '', '63eabd7f7f4296.27491084.webp', 26, 4, NULL);
INSERT INTO [dbo].[Produkti] ([produktiID], [emriProduktit], [pershkrimi], [fotoProduktit], [kompaniaID], [kategoriaID], [zbritja]) VALUES (38, 'Printer Canon PIXMA TS3150, i zi', 'Printeri CANON PIXMA TS3150 sht zgjidhja ideale pr printim dhe skanim n zyrn apo shtpin tuaj. Pjest prbrse t printerit prfshijn printimin me rezolucion 4800 x 1200 dpi, portin USB 2.0, teknologjin Wi-Fi dhe ka madhsi 435  316  145 mm. Fal lidhjes me WI-FI ju mund t printoni edhe nga telefont tuaj qoft ai Android apo IOS. N pako prfshihet : PG-545 (i zi ) CL-546 (me ngjyr ) PG-545XL (i zi ) - opsional CL-546XL (me ngjyr ) - opsional', '63eabdbea539b0.78235909.webp', 27, 14, NULL);
INSERT INTO [dbo].[Produkti] ([produktiID], [emriProduktit], [pershkrimi], [fotoProduktit], [kompaniaID], [kategoriaID], [zbritja]) VALUES (39, 'Kufje Sony MDR-RF895RK, t zeza, III', '', '63eabdd87c2561.68876767.webp', 28, 5, NULL);
INSERT INTO [dbo].[Produkti] ([produktiID], [emriProduktit], [pershkrimi], [fotoProduktit], [kompaniaID], [kategoriaID], [zbritja]) VALUES (40, 'Kontroller Sony Playstation 5 DualSense', '', '63eabe14e6ab51.91700813.webp', 28, 13, NULL);
INSERT INTO [dbo].[Produkti] ([produktiID], [emriProduktit], [pershkrimi], [fotoProduktit], [kompaniaID], [kategoriaID], [zbritja]) VALUES (41, 'Karrige SENSE7 Knight, e zez', '', '63eabe31db73d8.09365222.webp', 29, 21, NULL);
INSERT INTO [dbo].[Produkti] ([produktiID], [emriProduktit], [pershkrimi], [fotoProduktit], [kompaniaID], [kategoriaID], [zbritja]) VALUES (42, 'Maus Preyon Owl Wireless (POW35B)', 'Mouse Preyon Owl sht mouse gaming pa kabllo, mirpo asgj nuk pengon lidhjen e tij me nj kabllo. Nse bateria harxhohet, vetm lidheni dhe mund t vazhdoni prdorimin e tij. Me 50milion klikime n prdorimin e ktij mausi q tregon pr sigurin q jepet kualitetit t ktij mausi. Me butona shtes shum leht kontrolloni vlerat DPI dhe frekuencn e prdorur. Me LED q tregojn vlern e selektuar leht.', '63eabe5a5852e1.52076563.webp', 30, 8, NULL);
INSERT INTO [dbo].[Produkti] ([produktiID], [emriProduktit], [pershkrimi], [fotoProduktit], [kompaniaID], [kategoriaID], [zbritja]) VALUES (43, 'Apple 10.9-inch iPad (10th) Wi-Fi, 64GB, Silver', '', '63eabe72174975.16788497.webp', 1, 12, NULL);
INSERT INTO [dbo].[Produkti] ([produktiID], [emriProduktit], [pershkrimi], [fotoProduktit], [kompaniaID], [kategoriaID], [zbritja]) VALUES (44, 'Apple MagSafe Duo Charger', '', '63eabe936e0523.11456101.webp', 1, 11, NULL);
INSERT INTO [dbo].[Produkti] ([produktiID], [emriProduktit], [pershkrimi], [fotoProduktit], [kompaniaID], [kategoriaID], [zbritja]) VALUES (45, 'Apple AirPods (3rd generation) with Lightning Charging Case', N'AirPods jan t lehta dhe ofrojn nj dizajn t konturuar. Mikrofonat me pamje nga brenda zbulojn at q po dgjoni, m pas rregullojn frekuencat e rangut t ult dhe t mesm pr t ofruar detaje t pasura n do kng.rnrnAirPods kan nj jetgjatsi shtes t bateris n krahasim me AirPods (gjenerata e dyt) deri n 6 or koh dgjimi dhe deri n 4 or koh bisede. Dhe me kutin e karikimit Lightning, mund t shijoni deri n 30 or koh totale t dgjimit. Si AirPods ashtu edhe kasa e karikimit t Rrufes jan vlersuar me IPX4 rezistente ndaj ujit  kshtu q do t prballojn do gj, nga shiu deri tek strvitjet e rnda.', '63eabeae767761.75083362.webp', 1, 5, NULL);
INSERT INTO [dbo].[Produkti] ([produktiID], [emriProduktit], [pershkrimi], [fotoProduktit], [kompaniaID], [kategoriaID], [zbritja]) VALUES (46, 'Karrige SENSE7 Spellcaster, e zez/e kaltr', 'Karrigia SENSE7 Spellcaster ka nj form q i prshtatet lakimit natyror t shtylls kurrizore dhe, si rezultat, siguron pozicionin e duhur prpara kompjuterit kur jeni duke luajtur ose duke punuar. Ajo plotsohet nga nj mbushje sfungjer me dendsi optimale, e cila prshtatet me trupin dhe siguron rehati. sht projektuar pr njerzit me pesh maksimale 150 kg. Karrigia peshon 17.5kg.', '63f23b534f5c52.87433500.webp', 29, 21, NULL);
INSERT INTO [dbo].[Produkti] ([produktiID], [emriProduktit], [pershkrimi], [fotoProduktit], [kompaniaID], [kategoriaID], [zbritja]) VALUES (47, 'Kamer Logitech StreamCam C980, e hirt', 'Kjo sht nj kamer transmetimi me cilsi t lart. Ajo ofron nj cilsi maksimale t regjistrimit prej 1080p n 60 korniza pr sekond. Ajo prdor ndrfaqen USB 3.2 Gen 1 lloji C pr tu lidhur me pajisjen. sht e pajisur me nj lente f / 2.0 me nj gjatsi fokale prej 3.7 mm dhe nj fush shikimi prej 78  (diagonale). Ofron autofokus n nj distanc prej 10 cm deri n pafundsi. Ka nj mikrofon t dyfisht gjithprfshirs t integruar me funksion t zvoglimit t zhurms. Gjatsia e kabllos sht 1.5 m. Paketa prfshin nj mbajts pr vendosjen e saj n monitor dhe nj mbajts statik.', '63f5de70338ea0.03180620.webp', 6, 4, NULL);
INSERT INTO [dbo].[Produkti] ([produktiID], [emriProduktit], [pershkrimi], [fotoProduktit], [kompaniaID], [kategoriaID], [zbritja]) VALUES (48, 'Altoparlant JBL CLIP 4, i kaltr i hapur', 'Altoparlant unik portativ me fuqi dalse 5 W RMS, prgjigje frekuence prej 100 Hz deri 20 kHz, raport sinjal-zhurm > 85 dB, teknologji Bluetooth 5.1. Bateria e tij polimer litium-jon karikohet pr 3 or dhe zgjat deri n 10 or. Prmasat e altoparlantit jan: 86.3 x 134.5 x 46 mm, pesha 239 g.', '63f5deb8055346.05332264.webp', 4, 5, NULL);
INSERT INTO [dbo].[Produkti] ([produktiID], [emriProduktit], [pershkrimi], [fotoProduktit], [kompaniaID], [kategoriaID], [zbritja]) VALUES (49, 'Ngjyr pr printer Canon PGI-571, e kaltrt', 'Ngjyra e kaltr Canon CLI-571 sht n prputhje me printera Canon PIXMA MG5750, MG5751, MG5752, MG5753, MG6850, MG6851, MG6852, MG6853, MG7750, MG7751, MG7752, MG7753. Kjo ngjyr ka nj vllim prej 7 ml.', '63f5df0fe61cf8.49070509.webp', 27, 14, NULL);
INSERT INTO [dbo].[Produkti] ([produktiID], [emriProduktit], [pershkrimi], [fotoProduktit], [kompaniaID], [kategoriaID], [zbritja]) VALUES (50, 'Maus Razer Pro Click, i bardh', 'Ky sht nj maus wireless i krijuar pr prdoruesit e djatht. Mausi ka lidhs USB, 8 butona dhe nj rrot mekanike. Ai ka teknologji wireless Bluetooth, sensor optik dhe ndjeshmri maksimale 16,000 DPI.', '63f5e0272928f8.99239124.webp', 9, 8, NULL);
INSERT INTO [dbo].[Produkti] ([produktiID], [emriProduktit], [pershkrimi], [fotoProduktit], [kompaniaID], [kategoriaID], [zbritja]) VALUES (51, 'Karikues Samsung EP-TA12 pr Samsung micro USB, i zi', '', '63f5e741d05b48.11483682.webp', 10, 15, NULL);
INSERT INTO [dbo].[Produkti] ([produktiID], [emriProduktit], [pershkrimi], [fotoProduktit], [kompaniaID], [kategoriaID], [zbritja]) VALUES (52, 'Apple 20W USB-C Power Adapter', 'Ky sht nj karikues i fuqishm 20W, i cili prdoret pr karikim t shpejt dhe efikas n shtpi, n zyr dhe gjat lvizjes. sht i pajtueshm me do pajisje USB-C, por pr nj performanc optimale t karikimit, Apple rekomandon prdorimin e tij me iPad Pro 11'' ose iPad Pro 12,9'' (gjenerata e tret). Ai gjithashtu mbshtet karikimin e shpejt t iPhone 8.', '63f5e7a904efe1.07954376.webp', 1, 15, NULL);
INSERT INTO [dbo].[Produkti] ([produktiID], [emriProduktit], [pershkrimi], [fotoProduktit], [kompaniaID], [kategoriaID], [zbritja]) VALUES (53, 'Gjirafa50 Bad News Eagles Jersey (Rio Edition) - XXL', 'Ndjeni emocionin e kualifikimit t dyt n Major me fanelln e Rio Edition t Bad News Eagles.rnrnKjo fanell e cilsis s lart me dizajn modern, e krijuar posarisht pr lojtart pasionant t sporteve elektronike, sht krijuar me krenari krahas Gjirafa50.rnrnNgjyra e saj kryesore sht e gjelbr, e njohur si ngjyra dominuese e flamurit kombtar t Brazilit.rnrnFanella ka logon e personalizuar t ekipit BNE dhe sht prej 100% poliestr.', '63f5ec27d0f672.76058981.webp', 31, 13, NULL);
INSERT INTO [dbo].[Produkti] ([produktiID], [emriProduktit], [pershkrimi], [fotoProduktit], [kompaniaID], [kategoriaID], [zbritja]) VALUES (54, 'Gjirafa50 Bad News Eagles Jersey Legends Edition - L', 'Ndjeni emocionet e lojs me kt fanell t Legends Stage t Bad News Eagles t krijuar posarisht pr lojtart e apasionuar pas sporteve elektronike. Ngjyra kryesore e saj sht e kuqja e kombinuar me detaje bardh e zi dhe ka logon e personalizuar t ekipit BNE. Fanella sht prej 100% poliestr. Dimensionet jan 71 x 57 x 25.5 cm.rnrnKjo fanell e cilsis s lart me dizajn modern sht krijuar me krenari prkrah Gjirafa50.', '63f5ec4e91ff92.01429806.webp', 31, 13, NULL);
INSERT INTO [dbo].[Produkti] ([produktiID], [emriProduktit], [pershkrimi], [fotoProduktit], [kompaniaID], [kategoriaID], [zbritja]) VALUES (55, 'Rrip metalik FIXED pr Apple Watch 38/40/41mm, i argjendt', 'Rrip metalik zvendsues q sht i pajtueshm me Apple Watch 38/40 / 41mm. Ky rrip e kthen orn n nj aksesor elegant q mund ta kombinoni lehtsisht me do veshje.', '63f5ec798adb88.56368457.webp', 35, 3, NULL);
INSERT INTO [dbo].[Produkti] ([produktiID], [emriProduktit], [pershkrimi], [fotoProduktit], [kompaniaID], [kategoriaID], [zbritja]) VALUES (56, 'Mbrojtse Lenuo Leshield pr iPhone 13, e kuqe', 'Mbrojtse pr pjesn e pasme dhe ansore t celularit iPhone 13. Mbrojtsja sht prej plastike t qndrueshme dhe do t siguroj mbrojtje t besueshme t celularit nga grvishtjet dhe papastrtit. Natyrisht, mbrojtsja ka prerje pr kamern, butonat dhe portin e karikimit. Ajo sht e kndshme n prekje dhe e ruajtur mir.', '63f5ec9fb0aa89.27408325.webp', 32, 1, NULL);
INSERT INTO [dbo].[Produkti] ([produktiID], [emriProduktit], [pershkrimi], [fotoProduktit], [kompaniaID], [kategoriaID], [zbritja]) VALUES (57, 'Procesor Intel Core i7-12700F', 'Ky sht nj procesor i gjenerats s 12-t Alder Lake i krijuar pr prizn LGA 1700. Ofron 8+4 brthama fizike (8 performanc + 4 efektive, 20 threads). Frekuenca e tyre sht 1.6/2.1 GHz dhe deri n 3.6/4.8 GHz n modalitetin Turbo (brthama efikase/performanc). Frekuenca maksimale Turbo Boost sht deri n 4.9 GHz. Ai ofron nj memorie buffer 25 MB SmartCache dhe nj proces prodhimi 10 nm sht prdorur pr krijimin e tij. Mbshtet memorie deri n DDR5 4800 MHz dhe DDR4 3200 MHz. Mbshtet ndrfaqen PCI-Express 5.0/4.0. TDP e deklaruar nga prodhuesi sht 65 W (maksimumi 180 W).', '63f5ecdb56b5d2.54488204.webp', 33, 10, NULL);
INSERT INTO [dbo].[Produkti] ([produktiID], [emriProduktit], [pershkrimi], [fotoProduktit], [kompaniaID], [kategoriaID], [zbritja]) VALUES (58, 'Monitor Dell U3223QE - LED 31.5", 4K UHD, i zi / argjendt', 'Dell U3223QE sht nj monitor 31.5" me rezolucion t lart q do tju rrmbej me ngjyrn dhe elegancn e tij. Rezolucioni 4K (3840 x 2160) me m shum se 8 milion piksele ka nj rezolucion 4 her m t lart se nj monitor klasik Full HD. Ngjyrat jan t qarta dhe t qndrueshme prgjat kndit t shikimit. Dell UltraSharp P3222QE sht nj monitor q mendon gjithashtu pr shndetin tuaj. Fal funksionit ComfortView Plus, i cili garanton emetimin vazhdimisht t ult t drits blu, ju do t shijoni ngjyra t shklqyera.rnrnKarakteristikat e tjera t monitorit prfshijn raporti i pamjes 16: 9, kontrasti 2000: 1, shpejtsia e rifreskimit 60 Hz, ndriimi 400 cd / m2, koha e prgjigjes 8 ms n modalitetin normal ose 5 ms n modalitetin e shpejt. Lidhsit: 1x DP, 1x HDMI, USB-C, 6x USB, 1x RJ-45, pivot. Dimensionet 71.26 cm x 61.88 cm x 23.32 cm, pesha 10.36 k', '63f5ecf98f3534.93172253.webp', 25, 16, NULL);
INSERT INTO [dbo].[Produkti] ([produktiID], [emriProduktit], [pershkrimi], [fotoProduktit], [kompaniaID], [kategoriaID], [zbritja]) VALUES (59, 'Kabllo AXAGON USB-A - micro USB 3.2 Gen 1 SPEED, 3A, 1m, e zez', 'Kablloja AXAGON sht e prshtatshme pr laptop, telefont, tablet dhe pajisje e tjera celulare. Mbshtet shpejtsin e transferimit t t dhnave deri n 5 Gb / s dhe karikimin deri n 3A.', '63f5ed187916e2.65869096.webp', 34, 15, NULL);
INSERT INTO [dbo].[Produkti] ([produktiID], [emriProduktit], [pershkrimi], [fotoProduktit], [kompaniaID], [kategoriaID], [zbritja]) VALUES (60, 'Apple MacBook Air 13.3", M1 8-core, 8GB, 256GB, 7-core GPU, Space Grey', 'Gjenerata e re e MacBook Air nga Apple sht nj revolucion i vrtet pr sa i takon performancs s ktij laptopi kompakt. Ai ofron t gjitha tiparet dhe veorit tuaja t preferuara, por performanca sht n nj nivel tjetr. Me MacBook Air t ri, ju mund t redaktoni video me rezolucion t lart e po ashtu t prfitoni nga aplikacionet profesionale.

Pra, ky model revolucionar Apple MacBook Air vjen me procesorin e Apple M1, procesor grafik 7-brthamor dhe motorin Neural Engine 16-brthamor. Procesori plotsohet me 8 GB memorie RAM. Ekrani Retina ka diagonale 13.3" IPS dhe rezolucion prej 2560  1600 px, me teknologji True Tone dhe gam t gjer ngjyrash (P3). Nj hard disk 256 GB SSD sht i gatshm pr t dhnat e prdoruesit.

Pastaj laptopi ka Wi-Fi ac, Bluetooth 5.0, 2x Thunderbolt / USB 4, kamer FaceTime HD, Touch ID, panel t prekjes Force Touch, lidhs audio 3.5 mm, tastier Magic dhe konstruksion alumini. Vjen me sistemin operativ macOS Big Sur.', '6de024a3a2804ef5a71efd62e6b917b8.webp', 1, 2, NULL);
INSERT INTO [dbo].[Produkti] ([produktiID], [emriProduktit], [pershkrimi], [fotoProduktit], [kompaniaID], [kategoriaID], [zbritja]) VALUES (61, 'Apple iPhone 14 Pro Max, 128GB, Space Black', 'Dizajni, qndrueshmria, funksionet dhe teknologjia e klasit t par, e gjith kjo dhe shum m tepr fshihen n modelin Apple iPhone 14 Pro Max. Dynamic Island sht nj prvoj interaktive dhe trheqse e iPhone pr t gjitha njoftimet, sinjalizimet dhe aktivitetet. Dynamic Island shfaq informacione t rndsishme, ju tregon se far muzike po luan, thirrjet hyrse t FaceTime dhe m shum, t gjitha duke mos ndrhyr n at q po bni. Imazhi i lart i iPhone 14 Pro Max sigurohet nga nj ekran 6.7"" OLED Super Retina XDR me rezolucion 2796x1290 piksel n 460 ppi dhe me mbshtetje pr t gjith gamn e teknologjive. Ka teknologjin True Tone, e cila prshtat ekranin me kushtet e drits s ambientit , duke shptuar syt tuaj. Baza e iPhone 14 Pro Max sht sistemi operativ iOS 16, ndrsa truri i tij sht ipi i fuqishm A16 Bionic. Fal ktij ifti, t gjitha aktivitetet e telefonit zhvillohen n harmoni t prsosur - shpejt dhe pa probleme. Shkarkoni skedar, luani lojra me shum lojtar, transmetoni filma - thjesht bni gjithka q dshironi dhe keni nevoj pa kufi! 5G i shpejton gjrat jashtzakonisht. iPhone 14 Pro Max mburret me nj grup t mirkoordinuar kamerash t fuqishme. Kamera kryesore 48 MPx (f/1.78, stabilizim imazhi i gjenerats s 2-t me zhvendosje sensori) + 12 MPx knd ultra t gjer (f/2.2, fusha e shikimit 120) + 12 MPx (zoom 2x, f/1.78, stabilizim imazhi t gjenerats s 2-t me zhvendosje sensorit) + 12 MPx (zoom 3x, f/2.8, stabilizim optik i imazhit). Celulari mund t regjsitroj video deri n 4K me 24/25/30/60 fps. Prfshin karakteristikat si modaliteti i filmit, modaliteti i veprimit, video HDR me Dolby Vision, video time-lapse me stabilizim, etj. iPhone ka nj konstruksion t qndrueshm me nj vlersim IP68, kshtu q celulri sht rezistent ndaj sprkatjeve t ujit, pluhuri ose rnia. Kur flasim pr uj, nnkuptojm mbrojtje perfekte nga zhytja e iPhone n uj, dhe jo vetm disa pika nga shiu. iPhone 14 Pro Max sht krijuar pr t mbajtur me ju gjat gjith dits. Dhe nse i mungon energjia, do t jet vetm shtje kohe q t rikarikohet. Karikimi sht wireless me mbshtetje MagSafe ose Qi. Ka funksionet Face ID dhe Apple Pay. Mbshtet Wi-Fi 6, Bluetooth v5.3, LTE, 5G, NFC me modalitetin e lexuesit. Prej karakteristikave t tjera, prfshin GPS me frekuenc t dyfisht (GPS, BeiDou, GLONASS, QZSS, Galileo), busull dixhitale, mikrolokacion iBeacon, telefonatat me video FaceTime, Siri dhe tingull Dolby Atmos. Ka memorie t integruar me kapacitet 128GB. Ka konstruksion inox me Ceramic Shield n pjesn e prparme. Prmasat 160.7 x 77.6 x 7.85 mm. Pesha 240 g.', '09d928be2447476ca002dc19e343c5a0.webp', 1, 1, NULL);
INSERT INTO [dbo].[Produkti] ([produktiID], [emriProduktit], [pershkrimi], [fotoProduktit], [kompaniaID], [kategoriaID], [zbritja]) VALUES (62, 'Televizor UE43TU7022KXXH, 4K UHD, 43", i zi', '', '25178d149bb9479ba3565fc6f8e9753f.webp', 10, 7, NULL);
INSERT INTO [dbo].[Produkti] ([produktiID], [emriProduktit], [pershkrimi], [fotoProduktit], [kompaniaID], [kategoriaID], [zbritja]) VALUES (63, 'Celular Samsung Galaxy S23 Ultra, 6.8", 12GB RAM, 512GB, i gjelbr', '', '9706d7a392534a649591be25ea1c5999.webp', 10, 1, NULL);
INSERT INTO [dbo].[Produkti] ([produktiID], [emriProduktit], [pershkrimi], [fotoProduktit], [kompaniaID], [kategoriaID], [zbritja]) VALUES (64, 'Apple Macbook Air 15", M2 8-Core CPU, 8GB, 256GB, 10-Core GPU, Midnight', N'Me MacBook Air 15.3, t pajisur me nj ekran mahnits Liquid Retina, ju keni m shum hapsir pr gjithka q doni. MacBook Air 15 (M2) prfaqson nj kombinim mjeshtror t butsis dhe hollsis, megjithat ruan qndrueshmri t padiskutueshme dhe funksionim krejtsisht t heshtur. Me MacBook Air t ri (M2), ju do t arrini performanc t paprecedent pr detyra t vshtira, t tilla si redaktimi i videos me definicion t lart, dizajni grafik dhe aplikacione t tjera krijuese. Tani mund t''i realizoni idet tuaja praktikisht kudo dhe n do koh.

Performanca e lart e MacBook Air 15 ofrohet nga gjenerata e dyt e ipave Apple me shpejtsi dhe ekonomi edhe m t madhe se M1. CPU, GPU, Neural Engine, ndrfaqet e nevojshme dhe shum teknologji t tjera jan t integruara n nj zgjidhje t vetme n miniatur. Ai forcon krijimin e grafikave dhe animacioneve trheqse, dhe motori i medias me performanc t lart mund t trajtoj transmetime t shumta t videove ProRes. Nuk ka nevoj pr ftohje me ventilator, kshtu q ju mund t krijoni t pashqetsuar.

MacBook Air 15 vjen me nj ekran fantastik Liquid Retina me nj diagonale m t madhe 15.3" dhe ndriim t lart. Ka nj raport t madh kontrasti dhe mbulim t gjer t hapsirs s ngjyrave. Dendsia e lart e 224 piksele pr in (ppi) garanton tekst t prkryer t mpreht dhe grafik m t mir. Me gjasht altoparlant n trupin e pajisjes, ju merrni tingull t pasur stereo me mbshtetjen e tingullit rrethues Dolby Atmos pr nj eksperienc krejtsisht zhytse kur dgjoni muzik ose shikoni video. Prodhimi audio 3.5 mm mund t siguroj tingull t prsosur edhe pr kufjet me rezistenc m t lart, dhe tingulli rrethues me sensorin dinamik t pozicionit sht i pajtueshm me gjeneratn e tret AirPods, AirPods Pro dhe Max. Prve ksaj, fal kamers FaceTime HD 1080p, video-telefonatat tuaja nuk do t jen vetm me cilsi t lart, por edhe me ndjeshmri t prmirsuar n drit t ult. S bashku me nj sistem t sofistikuar me tre mikrofona dhe algoritme inteligjente t ndjeshmris s zrit, mund t jeni t sigurt se do t''ju kuptoj gjithmon n mnyr t prsosur.

Tastiera Magic ofron rehati, prgjigje t qet dhe saktsi q e bjn t shkruarit knaqsi. Kjo tastier me drit prapa prmban nj rresht me funksione t plota t tasteve funksionale dhe Touch ID pr zhbllokimin e shpejt, t leht dhe t sigurt t Mac tuaj, hyrjen n aplikacione dhe shfletimin n ueb. Trackpad inovativ Force Touch mund t dalloj intensitet t ndryshm t prekjes dhe goditjeve n siprfaqen e tij. Kjo veori inteligjente i lejon prdoruesit t specifikojn veprimet bazuar n forcn e prekjes, t tilla si krkimi i prkufizimit t nj fjale ose shikimi paraprak i nj skedari. Me hapsirn e tij t gjer pr gjeste multi-touch, ju keni n maj t gishtave nj bot t tr interaktiviteti. Me nj pesh prej vetm 1.51 kg dhe nj siluet me prmasa vetm 11.5 mm, kjo makin e hijshme mishron teknologjin e fundit t lvizshme. Duket shklqyeshm dhe sht gjithashtu prej alumini t ngurt t ricikluar, i cili rrit m tej qndrueshmrin e tij dhe kontribuon n nj qasje ekologjike. Megjithse MacBook Air prdor vetm nj lloj ndrfaqe kabllore, Thunderbolt / USB 4, ju mund t lidhni pothuajse do pajisje periferike. Ai ka nj dizajn t dyanshm dhe lejon karikimin, lidhjen e disqeve t jashtme, daljen e videos me mbshtetjen origjinale t DisplayPort dhe lidhjen e pajisjeve t tjera periferike USB me nj lidhs USB-C.', '76a6a3f0864c4d2ebb17772061cbac7b.webp', 1, 2, NULL);
INSERT INTO [dbo].[Produkti] ([produktiID], [emriProduktit], [pershkrimi], [fotoProduktit], [kompaniaID], [kategoriaID], [zbritja]) VALUES (65, 'Apple Watch S8 GPS 45mm, Silver Aluminium Case me White Sport Band, Regular', 'E menur, e qndrueshme dhe plot veori pr t''ju ndihmuar t monitoroni shndetin tuaj, t kujdeseni pr sigurin tuaj dhe t''ju mbaj t lidhur - kjo sht ora e menur Apple Watch Series 8.

Apple Watch Series 8 sht krijuar pr t prballuar dhe kaprcyer shum pengesa t prditshme. Ato jan t paprshkueshme nga pluhuri, me mbrojtje IP6X dhe jan gjithashtu t paprshkueshm nga uji deri n 50 metra, kshtu q mund t prdoren, pr shembull, kur notoni n pishin apo edhe n det. Ora nuk sht vetm trajneri juaj i fitnesit, por funksionon edhe pak si vllai juaj shndetsor. Fal gams s informacionit q ora mund t marr prmes nj numri sensorsh t avancuar shndetsor, ju do t merrni nj gam t plot informacioni pr shndetin tuaj. Nuk ka rndsi nse bni nj sport apo thjesht prpiqeni t prshtatni gjysm ore lvizje n do dit. Apple Watch Series 8 ju motivon si trajneri juaj personal pr t''ju mbajtur prpara. Ora monitoron dhe regjistron nj sr t dhnash q lidhen me shndetin tuaj, ndrsa ju inkurajon t lvizni dhe t ushtroni m shum. M pas do t gjeni t gjitha t dhnat e nevojshme pr prparimin tuaj n aplikacionin Exercise.

Kryeni telefonata, drgoni mesazhe, transmetoni muzik ose bni pagesa me lehtsi - nuk ka asnj problem me Apple Watch Series 8! Jetgjatsia e bateris s ors llogaritet pr or t gjata n modalitetin normal dhe deri n dit n modalitetin me energji t ult. Me prdorim normal, ora mund t zgjas deri n 18 or me nj karikim t vetm dhe ju mund t prisni deri n 36 or n modalitetin me energji t ult.

Ekrani i ors ka ndriim deri n 1000 nits. Pozicionimi: GPS, Galileo, QZSS, GLONASS, BeiDou. Ora prfshin funksionet sportive: matja e shpejtsis, ritmit, zons s rrahjeve t zemrs, matja e distancs, strvitje me intervale, etj. Funksionet shndetsore: sensori i temperaturs s trupit (monitoron ciklin femror, vlersimin e ovulacionit), monitorimi i gjumit, EKG, monitori i pulsit dhe ritmit t zemrs, niveli i oksigjenit n gjak matje, ushtrim i frymmarrjes, prkujtues ushtrimesh etj. Ora ka mbshtetje pr NFC dhe pagesa NFC, Wi-Fi, Bluetooth v5.0. Karakteristika shtes: njoftimi, Apple Pay, App Store, Siri, dridhje, moti, navigim, pagesa celulare, pa duar, gjetja e telefonit, kontrolli i riprodhimit t muziks n celular, fytyra e personalizuar e ors, sleep/do not disturb mode, busull, mikrofon, altoparlant, kronometr, kalendar, etj. Sensort dhe pajisjet: altimetr, akselerometr, oksimetr, barometr, xhiroskop. Jetgjatsia e bateris sht deri n 18 or n modalitetin e prdorimit normal. Poashtu, ora ka mbshtetje pr karikimin wireless. Madhsia e shfaqjes sht 45 mm. Materiali i kass s ors sht prej alumini, kurse rripi prej fluoroelastomer. Sistemi operativ watchOS.', '80be5c1ede1a46af95cbeb8ce36f673b.webp', 1, 3, NULL);
INSERT INTO [dbo].[Produkti] ([produktiID], [emriProduktit], [pershkrimi], [fotoProduktit], [kompaniaID], [kategoriaID], [zbritja]) VALUES (66, 'Apple AirPods Pro (2 gen.)', 'Dgjuese t nivelit t lart t mbushura me teknologji moderne pr nj prvoj tingulli t akorduar vrtet n mnyr perfekte. AirPods Pro 2022 ngasin valn e tingullit rrethues plastik q thjesht ju merr - lartsi t qarta, bas t fuqishm dhe tone t dallueshme sa her q dgjoni dhe sa her e ndizni. Pas do gjje, krkoni ipin e fuqishm Apple H2, i cili prputhet n mnyr t prkryer me drejtuesin dhe amplifikuesin. Dgjueset mund t shtypin n mnyr efektive shumicn drrmuese t zhurms dhe zhurms nga mjedisi, fal t cilave ju mund t zhyteni plotsisht n dgjim. Apple AirPods Pro 2022 do t''ju mahnit absolutisht me tingullin rrethues q sht vrtet hapsinor dhe ju rrethon nga t gjitha ant. Fal teknologjis s ndjeshmris dinamike t pozicionit t koks, dgjueset sigurojn shprndarjen e sakt t do tingulli nga drejtimi i duhur, n mnyr q tingulli q rezulton t jet i prsosur.
Paketa prfshin edhe nj kuti karikimi, i cili shrben edhe si mbrojtse pr dgjueset. Kutia mbshtet karikimin wireless MagSafe ose nprmjet teknologjis Qi. Ju gjithashtu do t jeni t knaqur me faktin q kutia sht e paprshkueshme nga uji me nj shkall mbrojtjeje IPX4 ose q mbshtet funksionin e krkimit, kshtu q gjithmon do t dini saktsisht se ku fshihet.
Dgjueset zgjasin deri n 6 or me nj karikim t vetm, s bashku me kutin deri n 30 or (me ANC t ndezur). Paketa prfshin katr madhsi t gomave prej silikoni (XS, S, M, L).', '6670e612ed3c4757b3ecf6aa684b2f90.webp', 1, 5, NULL);
INSERT INTO [dbo].[Produkti] ([produktiID], [emriProduktit], [pershkrimi], [fotoProduktit], [kompaniaID], [kategoriaID], [zbritja]) VALUES (67, 'Maic Gjirafa50 Bad News Eagles, M, e zez/kuqe', 'Maic e kualitetit t lart dhe me dizajn modern, e br veanrisht pr t gjith lojtart e apasionuar pas e-sports. Vjen me ngjyr t zez e kombinuar me t kuqe, nga materiali i poliesterit. Madhsia e maics sht M.', 'dc79a4800e524ef397025842989d7926.webp', 31, 13, NULL);
INSERT INTO [dbo].[Produkti] ([produktiID], [emriProduktit], [pershkrimi], [fotoProduktit], [kompaniaID], [kategoriaID], [zbritja]) VALUES (68, 'Disk SSD Samsung 870 QVO, 2.5", 1TB', N'Ky sht nj disk i fuqishm SSD q ofron nj kapacitet prej 1 TB. Ka nj format 2.5 . Prdor nj ndrfaqe SATA 6 Gb / s pr t''u lidhur me pajisjen. Prdor nj memorie 4-bit MLC V-NAND. Ai arrin shpejtsi t leximit / shkrimit deri n 560/530 MB / s dhe shpejtsi t leximit / shkrimit t rastit (4KB, QD32) deri n 98,000 / 88,000 IOPS. sht i pajisur me 1 GB DDR4 SDRAM. Jeta e shrbimit t tij sht 360 TBW. Prdor kontrolluesin Samsung MKX. Ofron TurboWrite inteligjente pr t shpejtuar shkrimin.', '7e43594480b44e04a0463033b9752acc.webp', 10, 18, NULL);
INSERT INTO [dbo].[Produkti] ([produktiID], [emriProduktit], [pershkrimi], [fotoProduktit], [kompaniaID], [kategoriaID], [zbritja]) VALUES (69, 'ant shpine Lenovo 1B210 pr laptop 15.6", gri', 'Lenovo 15.6 B210 sht nj ant pr laptop me diagonale maksimale 15.6 in. anta sht br nga materiali q largon ujin. Pamja e thjesht e ksaj sht prshtatur n mnyr t prkryer me jetn moderne. anta ofron hapsir t brendshme si pr nj laptop, ashtu edhe pr nj sr sendesh t tjera, duke prfshir libra dhe karikues. Pr to shrbejn nj numr xhepash t brendshm. Ndarja kryesore mund t mbyllet me nj zinxhir t cilsis s lart. anta elegante mund t bartet lehtsisht fal rripave t supeve t mbushura, mund t prdoret edhe nj rrip praktik. Pjesa e prparme dominohet nga nj copz me logon e Lenovo.', '4c476ecceee4419b8fdb2fbddf7ba46e.webp', 5, 19, NULL);
INSERT INTO [dbo].[Produkti] ([produktiID], [emriProduktit], [pershkrimi], [fotoProduktit], [kompaniaID], [kategoriaID], [zbritja]) VALUES (70, 'Tastier SteelSeries Apex 9 Mini, US, e zez', 'Switchat optik novator OptiPoint t tastiers SteelSeries Apex 9 Mini reagojn n ast ndaj ndryshimeve t drits dhe, t kombinuara me pikn e aktivizimit 1 mm, ju sigurojn rezultate t larta. Prshtatuni me do loj duke ndryshuar pikn e kmbzs nga nj prekje e shpejt dhe e but n 1 mm n nj shtypje t sigurt dhe t sakt n 1.5 mm. Personalizoni, prmirsoni ose riparoni tastiern tuaj duke e zvendsuar me llojin tuaj t preferuar t switchave OptiPoint pr t krijuar nj tastier sa m komode dhe t fuqishme.

Prmirsoni ndjenjn tuaj t shkrimit dhe saktsin tuaj t lojs me tastet Double Shot PBT me cilsi t lart me nj struktur unike. Kto taste jan ndrtuar pr t siguruar jetgjatsi dhe rezistenc ndaj konsumit. Korniza e siprme metalike e seris 5000 sht identike me aluminin e prdorur n lufttart luftarak, gj q garanton qndrueshmri dhe stabilitet m t madh t strukturs n do koh. Kablloja USB Type-C e grshetuar e qndrueshme dhe e shkputshme i reziston konsumimit t prditshm.', '77a581bd504748bfbb97b988295e03c2.webp', 11, 20, NULL);
INSERT INTO [dbo].[Produkti] ([produktiID], [emriProduktit], [pershkrimi], [fotoProduktit], [kompaniaID], [kategoriaID], [zbritja]) VALUES (71, 'Kartel grafike Zotac Gaming GeForce RTX 3060 Ti Twin Edge 8GB GDDR6X', N'Prforcohuni me serin ZOTAC GAMING GeForce RTX 30 bazuar n arkitekturn NVIDIA Ampere. I ndrtuar me brthama RT dhe brthama tensor t prmirsuar, multiprocesor t rinj transmetimi dhe memorie GDDR6X me shpejtsi t lart, ZOTAC GAMING GeForce RTX 3060 Ti GDDR6X Twin Edge krijon lojra t prforcuara me besnikri t lart.', 'ca7f484ec70d4295b3b02643725e38a9.webp', 43, 10, NULL);
INSERT INTO [dbo].[Produkti] ([produktiID], [emriProduktit], [pershkrimi], [fotoProduktit], [kompaniaID], [kategoriaID], [zbritja]) VALUES (72, 'Karrig CZC Fortress GX500, e zez', 'Kjo karrik ka dizajn ergonomik q ju ofron rehati gjat lojrave apo puns n kompjuter. Shtresa e siprme prbhet nga lkura PU ndrsa korniza sht metalike. Lartsia e saj, pjesa e shpins mund t rregullohen sipas dshirs apo nevojs n knde t ndryshme. Ka jastk te pjesa e koks si dhe regjioni lumbar apo i poshtm shpinor, Kapaciteti mbajts i saj sht 150 kg.', 'ProduktPaFoto.png', 42, 21, NULL);
INSERT INTO [dbo].[Produkti] ([produktiID], [emriProduktit], [pershkrimi], [fotoProduktit], [kompaniaID], [kategoriaID], [zbritja]) VALUES (73, 'Kabllo HDMI-HDMI Gembird v1.4, 1m', 'Kabllo HDMI prdor versionin 1.4 dhe ofron rezolucion Full HD 1080p. Mundson lidhjen e laptopve, kompjuterve dhe konzolave t ndryshme. Kablloja ka nj mburoj t trefisht me densitet t lart pr t siguruar transmetimin e pandrprer t sinjalit. Lidhjet jan t veshura me ar pr transferimin e prsosur dhe parandalimin e oksidimit. Gjatsia e kabllos sht 1m.', 'fb66c9495dd94ab1932f2a6f0e1e4549.webp', 41, 15, NULL);
INSERT INTO [dbo].[Produkti] ([produktiID], [emriProduktit], [pershkrimi], [fotoProduktit], [kompaniaID], [kategoriaID], [zbritja]) VALUES (74, 'Kufje HyperX Cloud II, t zeza/ hirta', 'Prjetoni cilsi t zrit akoma m t mir me kufjet Kingston HyperX Cloud II. T dizajnuara me pesh t leht ju as q do ta vreni se i keni ngjitur. HyperX Cloud II jan t pajisura me nj konvertues dinamik t zrit, shum t madh, 53 mm, i cili do iu ofroj z t kristalt. Kto kufje i reduktojn zhurmat e jashtme n mas t madhe fal dizajnin t tij t mbyllur dhe kualitetit t lart t jastkve. Kjo cilsi e zrit arrihet duke iu falnderuar intervalit t frekuencave 15 deri n 25 000 Hz dhe rezistencs prej 60 om. Kufjet kan ndjeshmri 98dB +/- 3dB dhe konsum t energjis 150mW. Komunikimi online mund t bhet me mikrofonin i cili ka ndjeshmri t lart dhe gam t frekuencs 50-18,000 Hz. Kufjet kan nj port USB pr lidhjen e kartelave t jashtme t zrit. Lidhja me pajisje audio ose me kompjuter ose laptop sigurohet nga nj kabllo 1 metr e gjat, e plotsuar me nj zgjatje 2 metra. Kufjet jan t lidhura me pajisjet audio me nj lidhs 3.5 mm jack.', '4c322f9d0a2449808d0ef85d49ffb066.webp', 40, 5, NULL);
INSERT INTO [dbo].[Produkti] ([produktiID], [emriProduktit], [pershkrimi], [fotoProduktit], [kompaniaID], [kategoriaID], [zbritja]) VALUES (75, 'Kabllo UGREEN Ethernet CAT7, 2m, e zez', 'Kablloja Ethernet me shpejtsi t lart UGREEN Cat 7 mbshtet shpejtsin e transferimit t t dhnave deri n 10 Gbps dhe gjersi brezi 600 MHz. Pra, funksionon shum m shpejt se CAT6, pr m tepr me m pak ndrhyrje. sht zgjidhja m e mir pr t luajtur lojra, pr t transmetuar n internet ose pr t shkarkuar skedar t mdhenj. Fal mbrojtjes s dyfisht, kjo kabllo sht shum e besueshme, redukton ndrhyrjet dhe ofron nj lidhje t qndrueshme. sht br me tela bakri t pastr, duke siguruar m pak humbje me performanc t lart. Lidhsit e veshur me ar prshtaten mir n kabllon Ethernet dhe ofrojn nj lidhje m t shpejt dhe m t qndrueshme n internet. Prve ksaj, kablloja ka kapak pluhuri pr t ndihmuar n mbajtjen e lidhsve t pastr.', 'd15f30f31428492ea470fdf91f7b612e.webp', 39, 15, NULL);
INSERT INTO [dbo].[Produkti] ([produktiID], [emriProduktit], [pershkrimi], [fotoProduktit], [kompaniaID], [kategoriaID], [zbritja]) VALUES (76, 'Letr pr printer Brother - DK22210', 'Brother sht nj kompani me nj tradit t gjat, e cila ka koh q sht e angazhuar n prodhimin e pajisjeve t printimit, t tilla si printer, fakse, makina shkrimi dhe pajisje multifunksionale. Pr produktet e saj, natyrisht, gjithashtu prodhon pajisje t ndryshme konsumuese. Avantazhi i ksaj letre n prputhje me produktet dhe cilsin maksimale t printimit sht q nuk mund t arrihet me aksesor jo origjinal. Kjo letr pr printer Brother DK22210 me ngjyr t bardh sht e projektuar pr serin Brother QL. Dimensionet letrs jan 29 x 30.48 mm.', '5b93b0e686b647ea81736761686b94e0.webp', 38, 14, NULL);
INSERT INTO [dbo].[Produkti] ([produktiID], [emriProduktit], [pershkrimi], [fotoProduktit], [kompaniaID], [kategoriaID], [zbritja]) VALUES (77, 'Burim energjie Seasonic B12-BC-850 - 850W', 'Ky sht nj furnizim i besueshm i energjis ATX me nj fuqi prej 850 W dhe nj ventilator t heshtur. Ka certifikim 80 Plus Bronze, i cili siguron nj efikasitet t paktn 82%. Ofron lidhje: 1x 20 + 4-pin, 2x 4 + 4-pin, 4x 6 + 2-pin, 6x SATA dhe 3x molex.', 'a166571b5be4444cba173f9710695a1e.webp', 37, 10, NULL);
INSERT INTO [dbo].[Produkti] ([produktiID], [emriProduktit], [pershkrimi], [fotoProduktit], [kompaniaID], [kategoriaID], [zbritja]) VALUES (78, 'Memorie RAM Kingston 8GB DDR4 3200 SO-DIMM', 'Kompania Kingston gjithmon i prkiste dhe ende i prket ndr prodhuesit kryesor dhe furnizuesit e moduleve t kujtess. Fal cilsis s lart dhe besueshmris s tyre, shum prodhues t njohur t kompjuterave i prdorin ato n serit e tyre t modeleve dhe prdoren pr t provuar pllakat am, karta grafike, etj. Tani kjo kompani ju sjell memorien RAM SO-DIMM pr laptopin tuaj. Kjo sht nj memorie e tipit DDR4 me nj frekuenc 3200 MHz dhe nj kapacitet 8 GB, e krijuar pr laptop. Koha e saj sht CL22 dhe tensioni i puns prej 1.2 V.', '3ea8149a0e95419d86b762adc1f61a20.webp', 36, 10, NULL);
INSERT INTO [dbo].[Produkti] ([produktiID], [emriProduktit], [pershkrimi], [fotoProduktit], [kompaniaID], [kategoriaID], [zbritja]) VALUES (79, 'ant shpine pr laptop YENKEE YBB 1502 FLASHPACKER', 'ant shpine komode dhe praktike e prshtatshme pr veshje t prditshme. Ajo siguron pajisjet e ruajtura dhe sendet personale me pajisjet e nevojshme dhe transportin e sigurt. anta e shpins ofron hapsir t mjaftueshme pr t mbajtur sende personale, libra, dokumente dhe, e fundit, por jo m pak e rndsishmja, nj laptop me nj diagonale maksimale prej 15.6 ", pr t cilin prgatitet nj xhep i mbushur me butsi. anta e shpins sht projektuar n tre ndarje t bollshme. Xhepi i prparm sht i pajisur me nj organizator ku mbani nj pamje t prgjithshme t celularit, portofolit, elsave dhe artikujve tuaj. Ju lidhni powerbank me portin e integruar USB dhe furnizimi i nevojshm i energjis sht gjithmon pran. Pr udhtime m t rehatshme, anta e shpins sht e pajisur me nj rrip pr ngjitje n dorezn e bagazhit. Ajo sht e br nga materiali i qndrueshm dhe i leht. Rripat e rregullueshm t shpatullave s bashku me nj pjes t pasme t frymmarrjes ofrojn komoditetin maksimal t veshjes.', 'a9d31cbfcd114813af6179181e7c8aaf.webp', 45, 19, NULL);
INSERT INTO [dbo].[Produkti] ([produktiID], [emriProduktit], [pershkrimi], [fotoProduktit], [kompaniaID], [kategoriaID], [zbritja]) VALUES (80, 'USB Kingston Exodia Data Traveler, 32GB', '', '5061175f06f64b50b638d36235168a0a.webp', 36, 18, NULL);
INSERT INTO [dbo].[Produkti] ([produktiID], [emriProduktit], [pershkrimi], [fotoProduktit], [kompaniaID], [kategoriaID], [zbritja]) VALUES (81, 'Lexues i karts s memories Gembird micro SD, USB', 'Nj lexues i vogl i kartave t memories microSD dhe SDHC deri n 32 GB, i cili ju lejon t lvizni dhe kopjoni lehtsisht foto, muzik, filma dhe skedar t tjer. Ai transferon t dhna me shpejtsi deri n 25 MB / s, n varsi t klass s shpejtsis s karts. Lexuesi sht prej materiali t cilsis s lart dhe fal lidhses me nj unaz, mund ta lidhni lehtsisht te elsat.', 'da2a50bea81c4bae9c911f3b80ccaebf.webp', 41, 18, NULL);
INSERT INTO [dbo].[Produkti] ([produktiID], [emriProduktit], [pershkrimi], [fotoProduktit], [kompaniaID], [kategoriaID], [zbritja]) VALUES (82, 'USB SanDisk Ultra Flair, 32GB', '', '2243f161dfdf457eb440d8d81c1375fe.webp', 44, 18, NULL);
INSERT INTO [dbo].[Produkti] ([produktiID], [emriProduktit], [pershkrimi], [fotoProduktit], [kompaniaID], [kategoriaID], [zbritja]) VALUES (83, 'USB SanDisk Ultra Flair, 128GB, i kaltr', '', '48159f26d91b42e49939962b363377f6.webp', 44, 18, NULL);
SET IDENTITY_INSERT [dbo].[Produkti] OFF;
SET IDENTITY_INSERT [dbo].[RegjistrimiStokut] ON;
INSERT INTO [dbo].[RegjistrimiStokut] ([idRegjistrimit], [dataRegjistrimit], [stafiID], [totaliProdukteveRegjistruara], [shumaTotaleRegjistrimit], [shumaTotaleBlerese]) VALUES (1, '2021-01-09T03:37:49.000Z', 3, 2, 16030, 12326);
INSERT INTO [dbo].[RegjistrimiStokut] ([idRegjistrimit], [dataRegjistrimit], [stafiID], [totaliProdukteveRegjistruara], [shumaTotaleRegjistrimit], [shumaTotaleBlerese]) VALUES (2, '2021-02-05T02:20:32.000Z', 1, 2, 29750, 15000);
INSERT INTO [dbo].[RegjistrimiStokut] ([idRegjistrimit], [dataRegjistrimit], [stafiID], [totaliProdukteveRegjistruara], [shumaTotaleRegjistrimit], [shumaTotaleBlerese]) VALUES (3, '2021-02-20T18:19:59.000Z', 2, 2, 29750, 15000);
INSERT INTO [dbo].[RegjistrimiStokut] ([idRegjistrimit], [dataRegjistrimit], [stafiID], [totaliProdukteveRegjistruara], [shumaTotaleRegjistrimit], [shumaTotaleBlerese]) VALUES (4, '2021-05-10T12:28:33.000Z', 1, 3, 68995, 62068);
INSERT INTO [dbo].[RegjistrimiStokut] ([idRegjistrimit], [dataRegjistrimit], [stafiID], [totaliProdukteveRegjistruara], [shumaTotaleRegjistrimit], [shumaTotaleBlerese]) VALUES (5, '2021-06-13T04:05:17.000Z', 3, 5, 53789.31, 40897);
INSERT INTO [dbo].[RegjistrimiStokut] ([idRegjistrimit], [dataRegjistrimit], [stafiID], [totaliProdukteveRegjistruara], [shumaTotaleRegjistrimit], [shumaTotaleBlerese]) VALUES (6, '2021-06-17T19:48:01.000Z', 1, 4, 201488.4, 140878.1);
INSERT INTO [dbo].[RegjistrimiStokut] ([idRegjistrimit], [dataRegjistrimit], [stafiID], [totaliProdukteveRegjistruara], [shumaTotaleRegjistrimit], [shumaTotaleBlerese]) VALUES (7, '2021-07-11T08:53:23.000Z', 3, 3, 34956, 32376);
INSERT INTO [dbo].[RegjistrimiStokut] ([idRegjistrimit], [dataRegjistrimit], [stafiID], [totaliProdukteveRegjistruara], [shumaTotaleRegjistrimit], [shumaTotaleBlerese]) VALUES (8, '2021-08-12T05:56:49.000Z', 3, 5, 121859.75, 110419.14);
INSERT INTO [dbo].[RegjistrimiStokut] ([idRegjistrimit], [dataRegjistrimit], [stafiID], [totaliProdukteveRegjistruara], [shumaTotaleRegjistrimit], [shumaTotaleBlerese]) VALUES (9, '2021-10-02T13:54:39.000Z', 2, 5, 121320.5, 102164.75);
INSERT INTO [dbo].[RegjistrimiStokut] ([idRegjistrimit], [dataRegjistrimit], [stafiID], [totaliProdukteveRegjistruara], [shumaTotaleRegjistrimit], [shumaTotaleBlerese]) VALUES (10, '2021-10-30T08:48:52.000Z', 2, 8, 47472.84, 40300);
INSERT INTO [dbo].[RegjistrimiStokut] ([idRegjistrimit], [dataRegjistrimit], [stafiID], [totaliProdukteveRegjistruara], [shumaTotaleRegjistrimit], [shumaTotaleBlerese]) VALUES (11, '2021-11-03T07:00:58.000Z', 1, 2, 3789.7, 2680);
INSERT INTO [dbo].[RegjistrimiStokut] ([idRegjistrimit], [dataRegjistrimit], [stafiID], [totaliProdukteveRegjistruara], [shumaTotaleRegjistrimit], [shumaTotaleBlerese]) VALUES (12, '2021-11-05T11:06:37.000Z', 1, 2, 33886.2, 25519.2);
INSERT INTO [dbo].[RegjistrimiStokut] ([idRegjistrimit], [dataRegjistrimit], [stafiID], [totaliProdukteveRegjistruara], [shumaTotaleRegjistrimit], [shumaTotaleBlerese]) VALUES (13, '2021-11-14T23:23:13.000Z', 2, 1, 215.94, 179.94);
INSERT INTO [dbo].[RegjistrimiStokut] ([idRegjistrimit], [dataRegjistrimit], [stafiID], [totaliProdukteveRegjistruara], [shumaTotaleRegjistrimit], [shumaTotaleBlerese]) VALUES (14, '2021-11-29T11:44:12.000Z', 3, 4, 37839.33, 29086.98);
INSERT INTO [dbo].[RegjistrimiStokut] ([idRegjistrimit], [dataRegjistrimit], [stafiID], [totaliProdukteveRegjistruara], [shumaTotaleRegjistrimit], [shumaTotaleBlerese]) VALUES (15, '2021-12-15T04:02:03.000Z', 2, 1, 12987, 9568);
INSERT INTO [dbo].[RegjistrimiStokut] ([idRegjistrimit], [dataRegjistrimit], [stafiID], [totaliProdukteveRegjistruara], [shumaTotaleRegjistrimit], [shumaTotaleBlerese]) VALUES (16, '2022-01-15T04:50:34.000Z', 1, 1, 1488, 1476);
INSERT INTO [dbo].[RegjistrimiStokut] ([idRegjistrimit], [dataRegjistrimit], [stafiID], [totaliProdukteveRegjistruara], [shumaTotaleRegjistrimit], [shumaTotaleBlerese]) VALUES (17, '2022-02-15T22:05:19.000Z', 3, 1, 1488, 1476);
INSERT INTO [dbo].[RegjistrimiStokut] ([idRegjistrimit], [dataRegjistrimit], [stafiID], [totaliProdukteveRegjistruara], [shumaTotaleRegjistrimit], [shumaTotaleBlerese]) VALUES (18, '2022-02-20T06:18:18.000Z', 1, 1, 1488, 1476);
INSERT INTO [dbo].[RegjistrimiStokut] ([idRegjistrimit], [dataRegjistrimit], [stafiID], [totaliProdukteveRegjistruara], [shumaTotaleRegjistrimit], [shumaTotaleBlerese]) VALUES (19, '2022-03-19T02:04:27.000Z', 2, 1, 1488, 1476);
INSERT INTO [dbo].[RegjistrimiStokut] ([idRegjistrimit], [dataRegjistrimit], [stafiID], [totaliProdukteveRegjistruara], [shumaTotaleRegjistrimit], [shumaTotaleBlerese]) VALUES (20, '2022-04-30T17:22:03.000Z', 2, 1, 1488, 1476);
INSERT INTO [dbo].[RegjistrimiStokut] ([idRegjistrimit], [dataRegjistrimit], [stafiID], [totaliProdukteveRegjistruara], [shumaTotaleRegjistrimit], [shumaTotaleBlerese]) VALUES (21, '2022-05-13T14:48:40.000Z', 1, 1, 1488, 1476);
INSERT INTO [dbo].[RegjistrimiStokut] ([idRegjistrimit], [dataRegjistrimit], [stafiID], [totaliProdukteveRegjistruara], [shumaTotaleRegjistrimit], [shumaTotaleBlerese]) VALUES (22, '2022-06-12T12:11:08.000Z', 1, 1, 1488, 1476);
INSERT INTO [dbo].[RegjistrimiStokut] ([idRegjistrimit], [dataRegjistrimit], [stafiID], [totaliProdukteveRegjistruara], [shumaTotaleRegjistrimit], [shumaTotaleBlerese]) VALUES (23, '2022-06-14T14:00:59.000Z', 2, 1, 1488, 1476);
INSERT INTO [dbo].[RegjistrimiStokut] ([idRegjistrimit], [dataRegjistrimit], [stafiID], [totaliProdukteveRegjistruara], [shumaTotaleRegjistrimit], [shumaTotaleBlerese]) VALUES (24, '2022-09-08T15:44:06.000Z', 1, 1, 1488, 1476);
INSERT INTO [dbo].[RegjistrimiStokut] ([idRegjistrimit], [dataRegjistrimit], [stafiID], [totaliProdukteveRegjistruara], [shumaTotaleRegjistrimit], [shumaTotaleBlerese]) VALUES (25, '2022-09-25T07:35:52.000Z', 1, 1, 1488, 1476);
INSERT INTO [dbo].[RegjistrimiStokut] ([idRegjistrimit], [dataRegjistrimit], [stafiID], [totaliProdukteveRegjistruara], [shumaTotaleRegjistrimit], [shumaTotaleBlerese]) VALUES (26, '2022-12-12T06:38:01.000Z', 3, 1, 1488, 1476);
INSERT INTO [dbo].[RegjistrimiStokut] ([idRegjistrimit], [dataRegjistrimit], [stafiID], [totaliProdukteveRegjistruara], [shumaTotaleRegjistrimit], [shumaTotaleBlerese]) VALUES (27, '2023-01-02T14:29:11.000Z', 2, 1, 1488, 1476);
INSERT INTO [dbo].[RegjistrimiStokut] ([idRegjistrimit], [dataRegjistrimit], [stafiID], [totaliProdukteveRegjistruara], [shumaTotaleRegjistrimit], [shumaTotaleBlerese]) VALUES (28, '2023-03-13T17:19:23.000Z', 3, 1, 2282, 1736);
INSERT INTO [dbo].[RegjistrimiStokut] ([idRegjistrimit], [dataRegjistrimit], [stafiID], [totaliProdukteveRegjistruara], [shumaTotaleRegjistrimit], [shumaTotaleBlerese]) VALUES (29, '2023-03-21T12:26:07.000Z', 1, 1, 11988, 8148);
INSERT INTO [dbo].[RegjistrimiStokut] ([idRegjistrimit], [dataRegjistrimit], [stafiID], [totaliProdukteveRegjistruara], [shumaTotaleRegjistrimit], [shumaTotaleBlerese]) VALUES (30, '2023-04-13T01:35:26.000Z', 3, 3, 7501.5, 5747.43);
INSERT INTO [dbo].[RegjistrimiStokut] ([idRegjistrimit], [dataRegjistrimit], [stafiID], [totaliProdukteveRegjistruara], [shumaTotaleRegjistrimit], [shumaTotaleBlerese]) VALUES (31, '2023-04-24T16:37:50.000Z', 1, 10, 17742.85, 13048);
INSERT INTO [dbo].[RegjistrimiStokut] ([idRegjistrimit], [dataRegjistrimit], [stafiID], [totaliProdukteveRegjistruara], [shumaTotaleRegjistrimit], [shumaTotaleBlerese]) VALUES (32, '2023-05-12T17:22:33.000Z', 3, 5, 1581.92, 815.22);
SET IDENTITY_INSERT [dbo].[RegjistrimiStokut] OFF;
INSERT INTO [dbo].[StokuQmimiProduktit] ([produktiID], [sasiaNeStok], [qmimiBleres], [qmimiProduktit], [dataKrijimit], [dataPerditsimit]) VALUES (1, 19, 12, 759, '2023-05-08T19:09:28.633Z', '2023-06-13T19:37:39.257Z');
INSERT INTO [dbo].[StokuQmimiProduktit] ([produktiID], [sasiaNeStok], [qmimiBleres], [qmimiProduktit], [dataKrijimit], [dataPerditsimit]) VALUES (2, 1, 1, 2710.49, '2023-05-08T19:10:10.413Z', '2023-05-08T19:10:10.413Z');
INSERT INTO [dbo].[StokuQmimiProduktit] ([produktiID], [sasiaNeStok], [qmimiBleres], [qmimiProduktit], [dataKrijimit], [dataPerditsimit]) VALUES (3, 23, 1, 999.99, '2023-05-08T19:10:10.413Z', '2023-06-13T19:49:01.030Z');
INSERT INTO [dbo].[StokuQmimiProduktit] ([produktiID], [sasiaNeStok], [qmimiBleres], [qmimiProduktit], [dataKrijimit], [dataPerditsimit]) VALUES (4, 1, 1, 459.5, '2023-05-08T19:10:10.413Z', '2023-05-08T19:10:10.413Z');
INSERT INTO [dbo].[StokuQmimiProduktit] ([produktiID], [sasiaNeStok], [qmimiBleres], [qmimiProduktit], [dataKrijimit], [dataPerditsimit]) VALUES (5, 0, 1, 2469.5, '2023-05-08T19:10:10.413Z', '2023-06-14T00:47:13.917Z');
INSERT INTO [dbo].[StokuQmimiProduktit] ([produktiID], [sasiaNeStok], [qmimiBleres], [qmimiProduktit], [dataKrijimit], [dataPerditsimit]) VALUES (6, 5, 29.99, 35.99, '2023-05-08T19:10:10.413Z', '2023-06-13T19:37:39.257Z');
INSERT INTO [dbo].[StokuQmimiProduktit] ([produktiID], [sasiaNeStok], [qmimiBleres], [qmimiProduktit], [dataKrijimit], [dataPerditsimit]) VALUES (7, 1, 1, 52.5, '2023-05-08T19:10:10.413Z', '2023-05-08T19:10:10.413Z');
INSERT INTO [dbo].[StokuQmimiProduktit] ([produktiID], [sasiaNeStok], [qmimiBleres], [qmimiProduktit], [dataKrijimit], [dataPerditsimit]) VALUES (8, 345, 1, 354.99, '2023-05-08T19:10:10.413Z', '2023-06-13T19:35:38.553Z');
INSERT INTO [dbo].[StokuQmimiProduktit] ([produktiID], [sasiaNeStok], [qmimiBleres], [qmimiProduktit], [dataKrijimit], [dataPerditsimit]) VALUES (9, 187, 1, 299, '2023-05-08T19:10:10.413Z', '2023-06-13T19:43:47.153Z');
INSERT INTO [dbo].[StokuQmimiProduktit] ([produktiID], [sasiaNeStok], [qmimiBleres], [qmimiProduktit], [dataKrijimit], [dataPerditsimit]) VALUES (10, 1, 1, 2489.99, '2023-05-08T19:10:10.413Z', '2023-05-08T19:10:10.413Z');
INSERT INTO [dbo].[StokuQmimiProduktit] ([produktiID], [sasiaNeStok], [qmimiBleres], [qmimiProduktit], [dataKrijimit], [dataPerditsimit]) VALUES (11, 25, 1, 236, '2023-05-08T19:10:10.413Z', '2023-06-13T19:44:21.423Z');
INSERT INTO [dbo].[StokuQmimiProduktit] ([produktiID], [sasiaNeStok], [qmimiBleres], [qmimiProduktit], [dataKrijimit], [dataPerditsimit]) VALUES (12, 1, 1, 18.45, '2023-05-08T19:10:10.413Z', '2023-05-08T19:10:10.413Z');
INSERT INTO [dbo].[StokuQmimiProduktit] ([produktiID], [sasiaNeStok], [qmimiBleres], [qmimiProduktit], [dataKrijimit], [dataPerditsimit]) VALUES (13, 12, 8, 18.99, '2023-05-08T19:10:10.413Z', '2023-06-14T00:37:10.507Z');
INSERT INTO [dbo].[StokuQmimiProduktit] ([produktiID], [sasiaNeStok], [qmimiBleres], [qmimiProduktit], [dataKrijimit], [dataPerditsimit]) VALUES (14, 14, 124, 163, '2023-05-08T19:10:10.413Z', '2023-06-14T00:01:56.480Z');
INSERT INTO [dbo].[StokuQmimiProduktit] ([produktiID], [sasiaNeStok], [qmimiBleres], [qmimiProduktit], [dataKrijimit], [dataPerditsimit]) VALUES (15, 1, 1, 30, '2023-05-08T19:10:10.413Z', '2023-05-08T19:10:10.413Z');
INSERT INTO [dbo].[StokuQmimiProduktit] ([produktiID], [sasiaNeStok], [qmimiBleres], [qmimiProduktit], [dataKrijimit], [dataPerditsimit]) VALUES (16, 1, 1, 9.99, '2023-05-08T19:10:10.413Z', '2023-05-08T19:10:10.413Z');
INSERT INTO [dbo].[StokuQmimiProduktit] ([produktiID], [sasiaNeStok], [qmimiBleres], [qmimiProduktit], [dataKrijimit], [dataPerditsimit]) VALUES (17, 183, 1, 39, '2023-05-08T19:10:10.413Z', '2023-06-14T00:56:00.660Z');
INSERT INTO [dbo].[StokuQmimiProduktit] ([produktiID], [sasiaNeStok], [qmimiBleres], [qmimiProduktit], [dataKrijimit], [dataPerditsimit]) VALUES (18, 1, 1, 12.99, '2023-05-08T19:10:10.413Z', '2023-05-08T19:10:10.413Z');
INSERT INTO [dbo].[StokuQmimiProduktit] ([produktiID], [sasiaNeStok], [qmimiBleres], [qmimiProduktit], [dataKrijimit], [dataPerditsimit]) VALUES (19, 29, 1, 69, '2023-05-08T19:10:10.413Z', '2023-06-14T01:00:23.143Z');
INSERT INTO [dbo].[StokuQmimiProduktit] ([produktiID], [sasiaNeStok], [qmimiBleres], [qmimiProduktit], [dataKrijimit], [dataPerditsimit]) VALUES (20, 15, 1, 999, '2023-05-08T19:10:10.413Z', '2023-06-07T12:45:22.537Z');
INSERT INTO [dbo].[StokuQmimiProduktit] ([produktiID], [sasiaNeStok], [qmimiBleres], [qmimiProduktit], [dataKrijimit], [dataPerditsimit]) VALUES (21, 12, 1, 1649, '2023-05-08T19:11:55.617Z', '2023-06-07T12:39:50.230Z');
INSERT INTO [dbo].[StokuQmimiProduktit] ([produktiID], [sasiaNeStok], [qmimiBleres], [qmimiProduktit], [dataKrijimit], [dataPerditsimit]) VALUES (22, 24, 1, 3499.99, '2023-05-08T19:11:55.617Z', '2023-06-13T19:32:21.607Z');
INSERT INTO [dbo].[StokuQmimiProduktit] ([produktiID], [sasiaNeStok], [qmimiBleres], [qmimiProduktit], [dataKrijimit], [dataPerditsimit]) VALUES (23, 15, 1, 1799, '2023-05-08T19:11:55.617Z', '2023-06-07T12:41:11.237Z');
INSERT INTO [dbo].[StokuQmimiProduktit] ([produktiID], [sasiaNeStok], [qmimiBleres], [qmimiProduktit], [dataKrijimit], [dataPerditsimit]) VALUES (24, 19, 1, 399, '2023-05-08T19:11:55.617Z', '2023-06-07T16:10:03.323Z');
INSERT INTO [dbo].[StokuQmimiProduktit] ([produktiID], [sasiaNeStok], [qmimiBleres], [qmimiProduktit], [dataKrijimit], [dataPerditsimit]) VALUES (25, 1, 1, 97.5, '2023-05-08T19:11:55.617Z', '2023-05-08T19:11:55.617Z');
INSERT INTO [dbo].[StokuQmimiProduktit] ([produktiID], [sasiaNeStok], [qmimiBleres], [qmimiProduktit], [dataKrijimit], [dataPerditsimit]) VALUES (26, 1, 1, 45.59, '2023-05-08T19:11:55.617Z', '2023-05-08T19:11:55.617Z');
INSERT INTO [dbo].[StokuQmimiProduktit] ([produktiID], [sasiaNeStok], [qmimiBleres], [qmimiProduktit], [dataKrijimit], [dataPerditsimit]) VALUES (27, 0, 1, 4149, '2023-05-08T19:11:55.617Z', '2023-06-14T00:47:13.917Z');
INSERT INTO [dbo].[StokuQmimiProduktit] ([produktiID], [sasiaNeStok], [qmimiBleres], [qmimiProduktit], [dataKrijimit], [dataPerditsimit]) VALUES (28, 23, 1, 84.5, '2023-05-08T19:11:55.617Z', '2023-06-13T19:44:21.423Z');
INSERT INTO [dbo].[StokuQmimiProduktit] ([produktiID], [sasiaNeStok], [qmimiBleres], [qmimiProduktit], [dataKrijimit], [dataPerditsimit]) VALUES (29, 59, 1, 49.5, '2023-05-08T19:11:55.617Z', '2023-06-13T19:46:32.483Z');
INSERT INTO [dbo].[StokuQmimiProduktit] ([produktiID], [sasiaNeStok], [qmimiBleres], [qmimiProduktit], [dataKrijimit], [dataPerditsimit]) VALUES (30, 26, 1, 129.55, '2023-05-08T19:11:55.617Z', '2023-06-14T00:47:30.787Z');
INSERT INTO [dbo].[StokuQmimiProduktit] ([produktiID], [sasiaNeStok], [qmimiBleres], [qmimiProduktit], [dataKrijimit], [dataPerditsimit]) VALUES (31, 23, 1, 59.99, '2023-05-08T19:11:55.617Z', '2023-06-14T01:00:23.143Z');
INSERT INTO [dbo].[StokuQmimiProduktit] ([produktiID], [sasiaNeStok], [qmimiBleres], [qmimiProduktit], [dataKrijimit], [dataPerditsimit]) VALUES (32, 15, 1, 3299, '2023-05-08T19:11:55.617Z', '2023-06-13T19:37:39.257Z');
INSERT INTO [dbo].[StokuQmimiProduktit] ([produktiID], [sasiaNeStok], [qmimiBleres], [qmimiProduktit], [dataKrijimit], [dataPerditsimit]) VALUES (33, 11, 1, 599, '2023-05-08T19:11:55.617Z', '2023-06-07T16:14:15.610Z');
INSERT INTO [dbo].[StokuQmimiProduktit] ([produktiID], [sasiaNeStok], [qmimiBleres], [qmimiProduktit], [dataKrijimit], [dataPerditsimit]) VALUES (34, 15, 1, 119, '2023-05-08T19:11:55.617Z', '2023-06-07T12:42:11.763Z');
INSERT INTO [dbo].[StokuQmimiProduktit] ([produktiID], [sasiaNeStok], [qmimiBleres], [qmimiProduktit], [dataKrijimit], [dataPerditsimit]) VALUES (35, 287, 1, 299.5, '2023-05-08T19:11:55.617Z', '2023-08-19T00:52:36.740Z');
INSERT INTO [dbo].[StokuQmimiProduktit] ([produktiID], [sasiaNeStok], [qmimiBleres], [qmimiProduktit], [dataKrijimit], [dataPerditsimit]) VALUES (36, 24, 1, 349, '2023-05-08T19:11:55.617Z', '2023-06-13T19:48:41.573Z');
INSERT INTO [dbo].[StokuQmimiProduktit] ([produktiID], [sasiaNeStok], [qmimiBleres], [qmimiProduktit], [dataKrijimit], [dataPerditsimit]) VALUES (37, 137, 1, 119.5, '2023-05-08T19:11:55.617Z', '2023-06-14T00:56:13.627Z');
INSERT INTO [dbo].[StokuQmimiProduktit] ([produktiID], [sasiaNeStok], [qmimiBleres], [qmimiProduktit], [dataKrijimit], [dataPerditsimit]) VALUES (38, 16, 1, 79.5, '2023-05-08T19:11:55.617Z', '2023-06-14T00:46:54.873Z');
INSERT INTO [dbo].[StokuQmimiProduktit] ([produktiID], [sasiaNeStok], [qmimiBleres], [qmimiProduktit], [dataKrijimit], [dataPerditsimit]) VALUES (39, 16, 1, 99.5, '2023-05-08T19:11:55.617Z', '2023-06-13T19:35:08.003Z');
INSERT INTO [dbo].[StokuQmimiProduktit] ([produktiID], [sasiaNeStok], [qmimiBleres], [qmimiProduktit], [dataKrijimit], [dataPerditsimit]) VALUES (40, 22, 1, 95.5, '2023-05-08T19:11:55.617Z', '2023-06-14T01:00:23.143Z');
INSERT INTO [dbo].[StokuQmimiProduktit] ([produktiID], [sasiaNeStok], [qmimiBleres], [qmimiProduktit], [dataKrijimit], [dataPerditsimit]) VALUES (41, 27, 1, 189.99, '2023-05-08T19:11:55.617Z', '2023-06-14T00:56:13.627Z');
INSERT INTO [dbo].[StokuQmimiProduktit] ([produktiID], [sasiaNeStok], [qmimiBleres], [qmimiProduktit], [dataKrijimit], [dataPerditsimit]) VALUES (42, 20, 1, 49.5, '2023-05-08T19:11:55.617Z', '2023-06-13T19:44:10.380Z');
INSERT INTO [dbo].[StokuQmimiProduktit] ([produktiID], [sasiaNeStok], [qmimiBleres], [qmimiProduktit], [dataKrijimit], [dataPerditsimit]) VALUES (43, 24, 1, 559, '2023-05-08T19:11:55.617Z', '2023-06-13T19:46:44.717Z');
INSERT INTO [dbo].[StokuQmimiProduktit] ([produktiID], [sasiaNeStok], [qmimiBleres], [qmimiProduktit], [dataKrijimit], [dataPerditsimit]) VALUES (44, 25, 1, 199, '2023-05-08T19:11:55.617Z', '2023-06-14T01:00:40.253Z');
INSERT INTO [dbo].[StokuQmimiProduktit] ([produktiID], [sasiaNeStok], [qmimiBleres], [qmimiProduktit], [dataKrijimit], [dataPerditsimit]) VALUES (45, 27, 1, 245, '2023-05-08T19:11:55.617Z', '2023-06-13T19:46:44.717Z');
INSERT INTO [dbo].[StokuQmimiProduktit] ([produktiID], [sasiaNeStok], [qmimiBleres], [qmimiProduktit], [dataKrijimit], [dataPerditsimit]) VALUES (46, 43, 1, 159.59, '2023-05-08T19:11:55.617Z', '2023-06-13T19:37:19.113Z');
INSERT INTO [dbo].[StokuQmimiProduktit] ([produktiID], [sasiaNeStok], [qmimiBleres], [qmimiProduktit], [dataKrijimit], [dataPerditsimit]) VALUES (47, 29, 1, 149.5, '2023-05-08T19:11:55.617Z', '2023-06-13T19:48:41.573Z');
INSERT INTO [dbo].[StokuQmimiProduktit] ([produktiID], [sasiaNeStok], [qmimiBleres], [qmimiProduktit], [dataKrijimit], [dataPerditsimit]) VALUES (48, 240, 1, 59.99, '2023-05-08T19:11:55.617Z', '2023-08-19T01:13:15.250Z');
INSERT INTO [dbo].[StokuQmimiProduktit] ([produktiID], [sasiaNeStok], [qmimiBleres], [qmimiProduktit], [dataKrijimit], [dataPerditsimit]) VALUES (49, 14, 1, 19.99, '2023-05-08T19:11:55.617Z', '2023-06-13T19:44:10.380Z');
INSERT INTO [dbo].[StokuQmimiProduktit] ([produktiID], [sasiaNeStok], [qmimiBleres], [qmimiProduktit], [dataKrijimit], [dataPerditsimit]) VALUES (50, 9, 1, 127.5, '2023-05-08T19:11:55.617Z', '2023-06-07T12:42:42.360Z');
INSERT INTO [dbo].[StokuQmimiProduktit] ([produktiID], [sasiaNeStok], [qmimiBleres], [qmimiProduktit], [dataKrijimit], [dataPerditsimit]) VALUES (51, 1, 1, 18.5, '2023-05-08T19:11:55.617Z', '2023-06-14T00:47:13.917Z');
INSERT INTO [dbo].[StokuQmimiProduktit] ([produktiID], [sasiaNeStok], [qmimiBleres], [qmimiProduktit], [dataKrijimit], [dataPerditsimit]) VALUES (52, 22, 1, 35.9, '2023-05-08T19:11:55.617Z', '2023-06-14T00:59:25.047Z');
INSERT INTO [dbo].[StokuQmimiProduktit] ([produktiID], [sasiaNeStok], [qmimiBleres], [qmimiProduktit], [dataKrijimit], [dataPerditsimit]) VALUES (53, 239, 1, 59.5, '2023-05-08T19:11:55.617Z', '2023-06-13T19:49:01.030Z');
INSERT INTO [dbo].[StokuQmimiProduktit] ([produktiID], [sasiaNeStok], [qmimiBleres], [qmimiProduktit], [dataKrijimit], [dataPerditsimit]) VALUES (54, 240, 1, 59.5, '2023-05-08T19:11:55.617Z', '2023-06-14T00:56:00.660Z');
INSERT INTO [dbo].[StokuQmimiProduktit] ([produktiID], [sasiaNeStok], [qmimiBleres], [qmimiProduktit], [dataKrijimit], [dataPerditsimit]) VALUES (55, 9, 1, 34, '2023-05-08T19:11:55.617Z', '2023-06-14T00:59:25.047Z');
INSERT INTO [dbo].[StokuQmimiProduktit] ([produktiID], [sasiaNeStok], [qmimiBleres], [qmimiProduktit], [dataKrijimit], [dataPerditsimit]) VALUES (56, 19, 1, 19.5, '2023-05-08T19:11:55.617Z', '2023-06-13T19:37:08.027Z');
INSERT INTO [dbo].[StokuQmimiProduktit] ([produktiID], [sasiaNeStok], [qmimiBleres], [qmimiProduktit], [dataKrijimit], [dataPerditsimit]) VALUES (57, 6, 1, 396, '2023-05-08T19:11:55.617Z', '2023-06-13T19:31:51.090Z');
INSERT INTO [dbo].[StokuQmimiProduktit] ([produktiID], [sasiaNeStok], [qmimiBleres], [qmimiProduktit], [dataKrijimit], [dataPerditsimit]) VALUES (58, 18, 1, 1299, '2023-05-08T19:11:55.617Z', '2023-06-13T19:49:01.030Z');
INSERT INTO [dbo].[StokuQmimiProduktit] ([produktiID], [sasiaNeStok], [qmimiBleres], [qmimiProduktit], [dataKrijimit], [dataPerditsimit]) VALUES (59, 5, 1, 9.5, '2023-05-08T19:11:55.617Z', '2023-06-07T16:14:03.023Z');
INSERT INTO [dbo].[StokuQmimiProduktit] ([produktiID], [sasiaNeStok], [qmimiBleres], [qmimiProduktit], [dataKrijimit], [dataPerditsimit]) VALUES (60, 13, 736, 999, '2023-06-13T19:55:24.327Z', '2023-06-13T20:23:23.657Z');
INSERT INTO [dbo].[StokuQmimiProduktit] ([produktiID], [sasiaNeStok], [qmimiBleres], [qmimiProduktit], [dataKrijimit], [dataPerditsimit]) VALUES (61, 4, 999, 1299, '2023-06-13T19:56:06.347Z', '2023-06-14T01:00:40.253Z');
INSERT INTO [dbo].[StokuQmimiProduktit] ([produktiID], [sasiaNeStok], [qmimiBleres], [qmimiProduktit], [dataKrijimit], [dataPerditsimit]) VALUES (62, 144, 123, 124, '2023-06-13T19:59:03.850Z', '2023-06-14T00:00:39.767Z');
INSERT INTO [dbo].[StokuQmimiProduktit] ([produktiID], [sasiaNeStok], [qmimiBleres], [qmimiProduktit], [dataKrijimit], [dataPerditsimit]) VALUES (63, 11, 679, 999, '2023-06-13T19:59:44.813Z', '2023-06-14T00:46:54.873Z');
INSERT INTO [dbo].[StokuQmimiProduktit] ([produktiID], [sasiaNeStok], [qmimiBleres], [qmimiProduktit], [dataKrijimit], [dataPerditsimit]) VALUES (64, 9, 1237, 1599, '2023-06-13T20:13:37.667Z', '2023-06-14T00:46:54.873Z');
INSERT INTO [dbo].[StokuQmimiProduktit] ([produktiID], [sasiaNeStok], [qmimiBleres], [qmimiProduktit], [dataKrijimit], [dataPerditsimit]) VALUES (65, 25, 478.73, 589, '2023-06-13T20:14:46.267Z', '2023-06-14T01:00:40.253Z');
INSERT INTO [dbo].[StokuQmimiProduktit] ([produktiID], [sasiaNeStok], [qmimiBleres], [qmimiProduktit], [dataKrijimit], [dataPerditsimit]) VALUES (66, 17, 200, 299.99, '2023-06-13T20:15:41.620Z', '2023-06-13T20:21:32.653Z');
INSERT INTO [dbo].[StokuQmimiProduktit] ([produktiID], [sasiaNeStok], [qmimiBleres], [qmimiProduktit], [dataKrijimit], [dataPerditsimit]) VALUES (67, 27, 30, 49.5, '2023-06-13T20:16:39.987Z', '2023-06-14T00:46:19.323Z');
INSERT INTO [dbo].[StokuQmimiProduktit] ([produktiID], [sasiaNeStok], [qmimiBleres], [qmimiProduktit], [dataKrijimit], [dataPerditsimit]) VALUES (68, 67, 50, 62.5, '2023-06-14T00:11:34.150Z', '2023-06-14T00:14:48.843Z');
INSERT INTO [dbo].[StokuQmimiProduktit] ([produktiID], [sasiaNeStok], [qmimiBleres], [qmimiProduktit], [dataKrijimit], [dataPerditsimit]) VALUES (69, 25, 13.67, 19.5, '2023-06-14T00:12:27.960Z', '2023-06-14T00:47:13.917Z');
INSERT INTO [dbo].[StokuQmimiProduktit] ([produktiID], [sasiaNeStok], [qmimiBleres], [qmimiProduktit], [dataKrijimit], [dataPerditsimit]) VALUES (70, 22, 87, 119.5, '2023-06-14T00:13:24.297Z', '2023-06-14T00:46:40.700Z');
INSERT INTO [dbo].[StokuQmimiProduktit] ([produktiID], [sasiaNeStok], [qmimiBleres], [qmimiProduktit], [dataKrijimit], [dataPerditsimit]) VALUES (71, 3, 468, 549.99, '2023-06-14T00:26:43.373Z', '2023-06-14T00:37:10.497Z');
INSERT INTO [dbo].[StokuQmimiProduktit] ([produktiID], [sasiaNeStok], [qmimiBleres], [qmimiProduktit], [dataKrijimit], [dataPerditsimit]) VALUES (72, 11, 140, 299, '2023-06-14T00:28:09.437Z', '2023-06-14T00:46:19.323Z');
INSERT INTO [dbo].[StokuQmimiProduktit] ([produktiID], [sasiaNeStok], [qmimiBleres], [qmimiProduktit], [dataKrijimit], [dataPerditsimit]) VALUES (73, 15, 3, 6.5, '2023-06-14T00:29:01.023Z', '2023-06-14T00:46:40.700Z');
INSERT INTO [dbo].[StokuQmimiProduktit] ([produktiID], [sasiaNeStok], [qmimiBleres], [qmimiProduktit], [dataKrijimit], [dataPerditsimit]) VALUES (74, 12, 78, 89.5, '2023-06-14T00:29:35.400Z', '2023-06-14T00:37:10.467Z');
INSERT INTO [dbo].[StokuQmimiProduktit] ([produktiID], [sasiaNeStok], [qmimiBleres], [qmimiProduktit], [dataKrijimit], [dataPerditsimit]) VALUES (75, 27, 7, 9.5, '2023-06-14T00:30:08.980Z', '2023-06-14T00:46:40.700Z');
INSERT INTO [dbo].[StokuQmimiProduktit] ([produktiID], [sasiaNeStok], [qmimiBleres], [qmimiProduktit], [dataKrijimit], [dataPerditsimit]) VALUES (76, 29, 16, 19.5, '2023-06-14T00:30:43.897Z', '2023-06-14T00:46:19.327Z');
INSERT INTO [dbo].[StokuQmimiProduktit] ([produktiID], [sasiaNeStok], [qmimiBleres], [qmimiProduktit], [dataKrijimit], [dataPerditsimit]) VALUES (77, 15, 130, 141.5, '2023-06-14T00:31:18.600Z', '2023-06-14T00:46:54.873Z');
INSERT INTO [dbo].[StokuQmimiProduktit] ([produktiID], [sasiaNeStok], [qmimiBleres], [qmimiProduktit], [dataKrijimit], [dataPerditsimit]) VALUES (78, 5, 20, 28.5, '2023-06-14T00:31:50.480Z', '2023-06-14T00:46:40.700Z');
INSERT INTO [dbo].[StokuQmimiProduktit] ([produktiID], [sasiaNeStok], [qmimiBleres], [qmimiProduktit], [dataKrijimit], [dataPerditsimit]) VALUES (79, 8, 30, 59.99, '2023-06-14T00:41:42.250Z', '2023-06-14T00:45:12.613Z');
INSERT INTO [dbo].[StokuQmimiProduktit] ([produktiID], [sasiaNeStok], [qmimiBleres], [qmimiProduktit], [dataKrijimit], [dataPerditsimit]) VALUES (80, 45, 4, 7.5, '2023-06-14T00:42:16.707Z', '2023-06-14T00:45:12.603Z');
INSERT INTO [dbo].[StokuQmimiProduktit] ([produktiID], [sasiaNeStok], [qmimiBleres], [qmimiProduktit], [dataKrijimit], [dataPerditsimit]) VALUES (81, 75, 0.99, 3.5, '2023-06-14T00:42:45.990Z', '2023-06-14T01:00:23.143Z');
INSERT INTO [dbo].[StokuQmimiProduktit] ([produktiID], [sasiaNeStok], [qmimiBleres], [qmimiProduktit], [dataKrijimit], [dataPerditsimit]) VALUES (82, 19, 9, 11.5, '2023-06-14T00:43:16.623Z', '2023-06-14T00:45:12.580Z');
INSERT INTO [dbo].[StokuQmimiProduktit] ([produktiID], [sasiaNeStok], [qmimiBleres], [qmimiProduktit], [dataKrijimit], [dataPerditsimit]) VALUES (83, 6, 21, 39, '2023-06-14T00:43:46.503Z', '2023-06-14T01:00:23.143Z');
INSERT INTO [dbo].[TeDhenatBiznesit] ([IDTeDhenatBiznesit], [EmriIBiznesit], [ShkurtesaEmritBiznesit], [NUI], [NF], [NRTVSH], [Adresa], [NrKontaktit], [Email], [Logo]) VALUES (1, 'TechStore SH.P.K.', 'TCHSTR', 810300575, 600043674, 330034372, 'Agim Bajrami, Kaanik, Kosove 71000', '+38343123123', 'info@techstore.com', '618357555dbe4899b6e87b89be61c819.png');
SET IDENTITY_INSERT [dbo].[TeDhenatEPorosis] ON;
INSERT INTO [dbo].[TeDhenatEPorosis] ([idDetajet], [qmimiTotal], [sasiaPorositur], [idPorosia], [idProdukti], [qmimiProduktit]) VALUES (1, 396, 1, 1, 57, 396);
INSERT INTO [dbo].[TeDhenatEPorosis] ([idDetajet], [qmimiTotal], [sasiaPorositur], [idPorosia], [idProdukti], [qmimiProduktit]) VALUES (2, 59.5, 1, 1, 53, 59.5);
INSERT INTO [dbo].[TeDhenatEPorosis] ([idDetajet], [qmimiTotal], [sasiaPorositur], [idPorosia], [idProdukti], [qmimiProduktit]) VALUES (3, 49.99, 1, 1, 54, 49.99);
INSERT INTO [dbo].[TeDhenatEPorosis] ([idDetajet], [qmimiTotal], [sasiaPorositur], [idPorosia], [idProdukti], [qmimiProduktit]) VALUES (4, 59.5, 1, 2, 53, 59.5);
INSERT INTO [dbo].[TeDhenatEPorosis] ([idDetajet], [qmimiTotal], [sasiaPorositur], [idPorosia], [idProdukti], [qmimiProduktit]) VALUES (5, 49.99, 1, 2, 54, 49.99);
INSERT INTO [dbo].[TeDhenatEPorosis] ([idDetajet], [qmimiTotal], [sasiaPorositur], [idPorosia], [idProdukti], [qmimiProduktit]) VALUES (6, 396, 1, 2, 57, 396);
INSERT INTO [dbo].[TeDhenatEPorosis] ([idDetajet], [qmimiTotal], [sasiaPorositur], [idPorosia], [idProdukti], [qmimiProduktit]) VALUES (7, 1299, 1, 3, 58, 1299);
INSERT INTO [dbo].[TeDhenatEPorosis] ([idDetajet], [qmimiTotal], [sasiaPorositur], [idPorosia], [idProdukti], [qmimiProduktit]) VALUES (8, 19.5, 1, 3, 56, 19.5);
INSERT INTO [dbo].[TeDhenatEPorosis] ([idDetajet], [qmimiTotal], [sasiaPorositur], [idPorosia], [idProdukti], [qmimiProduktit]) VALUES (9, 396, 1, 4, 57, 396);
INSERT INTO [dbo].[TeDhenatEPorosis] ([idDetajet], [qmimiTotal], [sasiaPorositur], [idPorosia], [idProdukti], [qmimiProduktit]) VALUES (10, 59.5, 1, 5, 48, 59.5);
INSERT INTO [dbo].[TeDhenatEPorosis] ([idDetajet], [qmimiTotal], [sasiaPorositur], [idPorosia], [idProdukti], [qmimiProduktit]) VALUES (11, 59.5, 1, 5, 54, 59.5);
INSERT INTO [dbo].[TeDhenatEPorosis] ([idDetajet], [qmimiTotal], [sasiaPorositur], [idPorosia], [idProdukti], [qmimiProduktit]) VALUES (12, 59.5, 1, 5, 53, 59.5);
INSERT INTO [dbo].[TeDhenatEPorosis] ([idDetajet], [qmimiTotal], [sasiaPorositur], [idPorosia], [idProdukti], [qmimiProduktit]) VALUES (13, 24.99, 1, 5, 52, 24.99);
INSERT INTO [dbo].[TeDhenatEPorosis] ([idDetajet], [qmimiTotal], [sasiaPorositur], [idPorosia], [idProdukti], [qmimiProduktit]) VALUES (14, 149.5, 1, 5, 46, 149.5);
INSERT INTO [dbo].[TeDhenatEPorosis] ([idDetajet], [qmimiTotal], [sasiaPorositur], [idPorosia], [idProdukti], [qmimiProduktit]) VALUES (15, 49.5, 1, 5, 42, 49.5);
INSERT INTO [dbo].[TeDhenatEPorosis] ([idDetajet], [qmimiTotal], [sasiaPorositur], [idPorosia], [idProdukti], [qmimiProduktit]) VALUES (16, 59.5, 1, 6, 53, 59.5);
INSERT INTO [dbo].[TeDhenatEPorosis] ([idDetajet], [qmimiTotal], [sasiaPorositur], [idPorosia], [idProdukti], [qmimiProduktit]) VALUES (17, 396, 1, 6, 57, 396);
INSERT INTO [dbo].[TeDhenatEPorosis] ([idDetajet], [qmimiTotal], [sasiaPorositur], [idPorosia], [idProdukti], [qmimiProduktit]) VALUES (18, 34, 1, 6, 55, 34);
INSERT INTO [dbo].[TeDhenatEPorosis] ([idDetajet], [qmimiTotal], [sasiaPorositur], [idPorosia], [idProdukti], [qmimiProduktit]) VALUES (19, 59.5, 1, 7, 53, 59.5);
INSERT INTO [dbo].[TeDhenatEPorosis] ([idDetajet], [qmimiTotal], [sasiaPorositur], [idPorosia], [idProdukti], [qmimiProduktit]) VALUES (20, 9.5, 1, 7, 59, 9.5);
INSERT INTO [dbo].[TeDhenatEPorosis] ([idDetajet], [qmimiTotal], [sasiaPorositur], [idPorosia], [idProdukti], [qmimiProduktit]) VALUES (21, 149.5, 1, 7, 47, 149.5);
INSERT INTO [dbo].[TeDhenatEPorosis] ([idDetajet], [qmimiTotal], [sasiaPorositur], [idPorosia], [idProdukti], [qmimiProduktit]) VALUES (22, 19.5, 1, 8, 49, 19.5);
INSERT INTO [dbo].[TeDhenatEPorosis] ([idDetajet], [qmimiTotal], [sasiaPorositur], [idPorosia], [idProdukti], [qmimiProduktit]) VALUES (23, 579, 1, 8, 33, 579);
INSERT INTO [dbo].[TeDhenatEPorosis] ([idDetajet], [qmimiTotal], [sasiaPorositur], [idPorosia], [idProdukti], [qmimiProduktit]) VALUES (24, 569, 1, 8, 43, 569);
INSERT INTO [dbo].[TeDhenatEPorosis] ([idDetajet], [qmimiTotal], [sasiaPorositur], [idPorosia], [idProdukti], [qmimiProduktit]) VALUES (25, 119.5, 1, 8, 37, 119.5);
INSERT INTO [dbo].[TeDhenatEPorosis] ([idDetajet], [qmimiTotal], [sasiaPorositur], [idPorosia], [idProdukti], [qmimiProduktit]) VALUES (26, 18.5, 1, 9, 51, 18.5);
INSERT INTO [dbo].[TeDhenatEPorosis] ([idDetajet], [qmimiTotal], [sasiaPorositur], [idPorosia], [idProdukti], [qmimiProduktit]) VALUES (27, 240, 1, 9, 45, 240);
INSERT INTO [dbo].[TeDhenatEPorosis] ([idDetajet], [qmimiTotal], [sasiaPorositur], [idPorosia], [idProdukti], [qmimiProduktit]) VALUES (28, 127.5, 1, 9, 50, 127.5);
INSERT INTO [dbo].[TeDhenatEPorosis] ([idDetajet], [qmimiTotal], [sasiaPorositur], [idPorosia], [idProdukti], [qmimiProduktit]) VALUES (29, 59.5, 1, 9, 54, 59.5);
INSERT INTO [dbo].[TeDhenatEPorosis] ([idDetajet], [qmimiTotal], [sasiaPorositur], [idPorosia], [idProdukti], [qmimiProduktit]) VALUES (30, 169.5, 1, 9, 41, 169.5);
INSERT INTO [dbo].[TeDhenatEPorosis] ([idDetajet], [qmimiTotal], [sasiaPorositur], [idPorosia], [idProdukti], [qmimiProduktit]) VALUES (31, 55, 1, 10, 19, 55);
INSERT INTO [dbo].[TeDhenatEPorosis] ([idDetajet], [qmimiTotal], [sasiaPorositur], [idPorosia], [idProdukti], [qmimiProduktit]) VALUES (32, 758.5, 1, 10, 1, 758.5);
INSERT INTO [dbo].[TeDhenatEPorosis] ([idDetajet], [qmimiTotal], [sasiaPorositur], [idPorosia], [idProdukti], [qmimiProduktit]) VALUES (33, 357.99, 1, 11, 8, 357.99);
INSERT INTO [dbo].[TeDhenatEPorosis] ([idDetajet], [qmimiTotal], [sasiaPorositur], [idPorosia], [idProdukti], [qmimiProduktit]) VALUES (34, 1779, 1, 11, 23, 1779);
INSERT INTO [dbo].[TeDhenatEPorosis] ([idDetajet], [qmimiTotal], [sasiaPorositur], [idPorosia], [idProdukti], [qmimiProduktit]) VALUES (35, 59.5, 1, 12, 54, 59.5);
INSERT INTO [dbo].[TeDhenatEPorosis] ([idDetajet], [qmimiTotal], [sasiaPorositur], [idPorosia], [idProdukti], [qmimiProduktit]) VALUES (36, 169, 1, 12, 44, 169);
INSERT INTO [dbo].[TeDhenatEPorosis] ([idDetajet], [qmimiTotal], [sasiaPorositur], [idPorosia], [idProdukti], [qmimiProduktit]) VALUES (37, 349, 1, 13, 36, 349);
INSERT INTO [dbo].[TeDhenatEPorosis] ([idDetajet], [qmimiTotal], [sasiaPorositur], [idPorosia], [idProdukti], [qmimiProduktit]) VALUES (38, 79.5, 1, 13, 38, 79.5);
INSERT INTO [dbo].[TeDhenatEPorosis] ([idDetajet], [qmimiTotal], [sasiaPorositur], [idPorosia], [idProdukti], [qmimiProduktit]) VALUES (39, 69.5, 1, 14, 31, 69.5);
INSERT INTO [dbo].[TeDhenatEPorosis] ([idDetajet], [qmimiTotal], [sasiaPorositur], [idPorosia], [idProdukti], [qmimiProduktit]) VALUES (40, 3299, 1, 14, 32, 3299);
INSERT INTO [dbo].[TeDhenatEPorosis] ([idDetajet], [qmimiTotal], [sasiaPorositur], [idPorosia], [idProdukti], [qmimiProduktit]) VALUES (41, 99.5, 1, 15, 39, 99.5);
INSERT INTO [dbo].[TeDhenatEPorosis] ([idDetajet], [qmimiTotal], [sasiaPorositur], [idPorosia], [idProdukti], [qmimiProduktit]) VALUES (42, 299.5, 1, 15, 35, 299.5);
INSERT INTO [dbo].[TeDhenatEPorosis] ([idDetajet], [qmimiTotal], [sasiaPorositur], [idPorosia], [idProdukti], [qmimiProduktit]) VALUES (43, 89.5, 1, 15, 40, 89.5);
INSERT INTO [dbo].[TeDhenatEPorosis] ([idDetajet], [qmimiTotal], [sasiaPorositur], [idPorosia], [idProdukti], [qmimiProduktit]) VALUES (44, 3499.99, 1, 16, 22, 3499.99);
INSERT INTO [dbo].[TeDhenatEPorosis] ([idDetajet], [qmimiTotal], [sasiaPorositur], [idPorosia], [idProdukti], [qmimiProduktit]) VALUES (45, 359.5, 1, 16, 24, 359.5);
INSERT INTO [dbo].[TeDhenatEPorosis] ([idDetajet], [qmimiTotal], [sasiaPorositur], [idPorosia], [idProdukti], [qmimiProduktit]) VALUES (46, 43.5, 1, 16, 17, 43.5);
INSERT INTO [dbo].[TeDhenatEPorosis] ([idDetajet], [qmimiTotal], [sasiaPorositur], [idPorosia], [idProdukti], [qmimiProduktit]) VALUES (47, 9.5, 1, 17, 59, 9.5);
INSERT INTO [dbo].[TeDhenatEPorosis] ([idDetajet], [qmimiTotal], [sasiaPorositur], [idPorosia], [idProdukti], [qmimiProduktit]) VALUES (48, 396, 1, 17, 57, 396);
INSERT INTO [dbo].[TeDhenatEPorosis] ([idDetajet], [qmimiTotal], [sasiaPorositur], [idPorosia], [idProdukti], [qmimiProduktit]) VALUES (49, 18.5, 1, 17, 51, 18.5);
INSERT INTO [dbo].[TeDhenatEPorosis] ([idDetajet], [qmimiTotal], [sasiaPorositur], [idPorosia], [idProdukti], [qmimiProduktit]) VALUES (50, 210.66, 1, 18, 11, 210.66);
INSERT INTO [dbo].[TeDhenatEPorosis] ([idDetajet], [qmimiTotal], [sasiaPorositur], [idPorosia], [idProdukti], [qmimiProduktit]) VALUES (51, 284.49, 1, 18, 9, 284.49);
INSERT INTO [dbo].[TeDhenatEPorosis] ([idDetajet], [qmimiTotal], [sasiaPorositur], [idPorosia], [idProdukti], [qmimiProduktit]) VALUES (52, 59.99, 1, 19, 48, 59.99);
INSERT INTO [dbo].[TeDhenatEPorosis] ([idDetajet], [qmimiTotal], [sasiaPorositur], [idPorosia], [idProdukti], [qmimiProduktit]) VALUES (53, 9.5, 1, 19, 59, 9.5);
INSERT INTO [dbo].[TeDhenatEPorosis] ([idDetajet], [qmimiTotal], [sasiaPorositur], [idPorosia], [idProdukti], [qmimiProduktit]) VALUES (54, 127.5, 1, 19, 50, 127.5);
INSERT INTO [dbo].[TeDhenatEPorosis] ([idDetajet], [qmimiTotal], [sasiaPorositur], [idPorosia], [idProdukti], [qmimiProduktit]) VALUES (55, 3299, 1, 20, 32, 3299);
INSERT INTO [dbo].[TeDhenatEPorosis] ([idDetajet], [qmimiTotal], [sasiaPorositur], [idPorosia], [idProdukti], [qmimiProduktit]) VALUES (56, 49.5, 1, 20, 42, 49.5);
INSERT INTO [dbo].[TeDhenatEPorosis] ([idDetajet], [qmimiTotal], [sasiaPorositur], [idPorosia], [idProdukti], [qmimiProduktit]) VALUES (57, 59.99, 1, 21, 48, 59.99);
INSERT INTO [dbo].[TeDhenatEPorosis] ([idDetajet], [qmimiTotal], [sasiaPorositur], [idPorosia], [idProdukti], [qmimiProduktit]) VALUES (58, 59.5, 1, 21, 53, 59.5);
INSERT INTO [dbo].[TeDhenatEPorosis] ([idDetajet], [qmimiTotal], [sasiaPorositur], [idPorosia], [idProdukti], [qmimiProduktit]) VALUES (59, 3299, 1, 21, 32, 3299);
INSERT INTO [dbo].[TeDhenatEPorosis] ([idDetajet], [qmimiTotal], [sasiaPorositur], [idPorosia], [idProdukti], [qmimiProduktit]) VALUES (60, 84.5, 1, 21, 28, 84.5);
INSERT INTO [dbo].[TeDhenatEPorosis] ([idDetajet], [qmimiTotal], [sasiaPorositur], [idPorosia], [idProdukti], [qmimiProduktit]) VALUES (61, 3299, 1, 22, 32, 3299);
INSERT INTO [dbo].[TeDhenatEPorosis] ([idDetajet], [qmimiTotal], [sasiaPorositur], [idPorosia], [idProdukti], [qmimiProduktit]) VALUES (62, 1499.99, 1, 22, 21, 1499.99);
INSERT INTO [dbo].[TeDhenatEPorosis] ([idDetajet], [qmimiTotal], [sasiaPorositur], [idPorosia], [idProdukti], [qmimiProduktit]) VALUES (63, 19.99, 1, 22, 49, 19.99);
INSERT INTO [dbo].[TeDhenatEPorosis] ([idDetajet], [qmimiTotal], [sasiaPorositur], [idPorosia], [idProdukti], [qmimiProduktit]) VALUES (64, 49.5, 1, 22, 29, 49.5);
INSERT INTO [dbo].[TeDhenatEPorosis] ([idDetajet], [qmimiTotal], [sasiaPorositur], [idPorosia], [idProdukti], [qmimiProduktit]) VALUES (65, 49.5, 1, 23, 42, 49.5);
INSERT INTO [dbo].[TeDhenatEPorosis] ([idDetajet], [qmimiTotal], [sasiaPorositur], [idPorosia], [idProdukti], [qmimiProduktit]) VALUES (66, 127.5, 1, 23, 50, 127.5);
INSERT INTO [dbo].[TeDhenatEPorosis] ([idDetajet], [qmimiTotal], [sasiaPorositur], [idPorosia], [idProdukti], [qmimiProduktit]) VALUES (67, 9.5, 1, 23, 59, 9.5);
INSERT INTO [dbo].[TeDhenatEPorosis] ([idDetajet], [qmimiTotal], [sasiaPorositur], [idPorosia], [idProdukti], [qmimiProduktit]) VALUES (68, 59.99, 1, 23, 48, 59.99);
INSERT INTO [dbo].[TeDhenatEPorosis] ([idDetajet], [qmimiTotal], [sasiaPorositur], [idPorosia], [idProdukti], [qmimiProduktit]) VALUES (69, 119, 1, 24, 34, 119);
INSERT INTO [dbo].[TeDhenatEPorosis] ([idDetajet], [qmimiTotal], [sasiaPorositur], [idPorosia], [idProdukti], [qmimiProduktit]) VALUES (70, 59.99, 1, 24, 48, 59.99);
INSERT INTO [dbo].[TeDhenatEPorosis] ([idDetajet], [qmimiTotal], [sasiaPorositur], [idPorosia], [idProdukti], [qmimiProduktit]) VALUES (71, 49.5, 1, 24, 42, 49.5);
INSERT INTO [dbo].[TeDhenatEPorosis] ([idDetajet], [qmimiTotal], [sasiaPorositur], [idPorosia], [idProdukti], [qmimiProduktit]) VALUES (72, 127.5, 1, 25, 50, 127.5);
INSERT INTO [dbo].[TeDhenatEPorosis] ([idDetajet], [qmimiTotal], [sasiaPorositur], [idPorosia], [idProdukti], [qmimiProduktit]) VALUES (73, 9.5, 1, 25, 59, 9.5);
INSERT INTO [dbo].[TeDhenatEPorosis] ([idDetajet], [qmimiTotal], [sasiaPorositur], [idPorosia], [idProdukti], [qmimiProduktit]) VALUES (74, 59.5, 1, 25, 53, 59.5);
INSERT INTO [dbo].[TeDhenatEPorosis] ([idDetajet], [qmimiTotal], [sasiaPorositur], [idPorosia], [idProdukti], [qmimiProduktit]) VALUES (75, 396, 1, 26, 57, 396);
INSERT INTO [dbo].[TeDhenatEPorosis] ([idDetajet], [qmimiTotal], [sasiaPorositur], [idPorosia], [idProdukti], [qmimiProduktit]) VALUES (76, 34, 1, 27, 55, 34);
INSERT INTO [dbo].[TeDhenatEPorosis] ([idDetajet], [qmimiTotal], [sasiaPorositur], [idPorosia], [idProdukti], [qmimiProduktit]) VALUES (77, 19.99, 1, 28, 49, 19.99);
INSERT INTO [dbo].[TeDhenatEPorosis] ([idDetajet], [qmimiTotal], [sasiaPorositur], [idPorosia], [idProdukti], [qmimiProduktit]) VALUES (78, 49.5, 1, 29, 42, 49.5);
INSERT INTO [dbo].[TeDhenatEPorosis] ([idDetajet], [qmimiTotal], [sasiaPorositur], [idPorosia], [idProdukti], [qmimiProduktit]) VALUES (79, 354.99, 1, 30, 8, 354.99);
INSERT INTO [dbo].[TeDhenatEPorosis] ([idDetajet], [qmimiTotal], [sasiaPorositur], [idPorosia], [idProdukti], [qmimiProduktit]) VALUES (80, 119.5, 1, 31, 37, 119.5);
INSERT INTO [dbo].[TeDhenatEPorosis] ([idDetajet], [qmimiTotal], [sasiaPorositur], [idPorosia], [idProdukti], [qmimiProduktit]) VALUES (81, 299.5, 1, 31, 35, 299.5);
INSERT INTO [dbo].[TeDhenatEPorosis] ([idDetajet], [qmimiTotal], [sasiaPorositur], [idPorosia], [idProdukti], [qmimiProduktit]) VALUES (82, 59.5, 1, 31, 54, 59.5);
INSERT INTO [dbo].[TeDhenatEPorosis] ([idDetajet], [qmimiTotal], [sasiaPorositur], [idPorosia], [idProdukti], [qmimiProduktit]) VALUES (83, 199, 1, 32, 44, 199);
INSERT INTO [dbo].[TeDhenatEPorosis] ([idDetajet], [qmimiTotal], [sasiaPorositur], [idPorosia], [idProdukti], [qmimiProduktit]) VALUES (84, 899.99, 1, 32, 3, 899.99);
INSERT INTO [dbo].[TeDhenatEPorosis] ([idDetajet], [qmimiTotal], [sasiaPorositur], [idPorosia], [idProdukti], [qmimiProduktit]) VALUES (85, 59.5, 1, 33, 53, 59.5);
INSERT INTO [dbo].[TeDhenatEPorosis] ([idDetajet], [qmimiTotal], [sasiaPorositur], [idPorosia], [idProdukti], [qmimiProduktit]) VALUES (86, 39, 1, 33, 17, 39);
INSERT INTO [dbo].[TeDhenatEPorosis] ([idDetajet], [qmimiTotal], [sasiaPorositur], [idPorosia], [idProdukti], [qmimiProduktit]) VALUES (87, 49.5, 1, 33, 42, 49.5);
INSERT INTO [dbo].[TeDhenatEPorosis] ([idDetajet], [qmimiTotal], [sasiaPorositur], [idPorosia], [idProdukti], [qmimiProduktit]) VALUES (88, 759, 1, 34, 1, 759);
INSERT INTO [dbo].[TeDhenatEPorosis] ([idDetajet], [qmimiTotal], [sasiaPorositur], [idPorosia], [idProdukti], [qmimiProduktit]) VALUES (89, 999, 1, 34, 20, 999);
INSERT INTO [dbo].[TeDhenatEPorosis] ([idDetajet], [qmimiTotal], [sasiaPorositur], [idPorosia], [idProdukti], [qmimiProduktit]) VALUES (90, 119.5, 1, 35, 37, 119.5);
INSERT INTO [dbo].[TeDhenatEPorosis] ([idDetajet], [qmimiTotal], [sasiaPorositur], [idPorosia], [idProdukti], [qmimiProduktit]) VALUES (91, 299, 1, 35, 9, 299);
INSERT INTO [dbo].[TeDhenatEPorosis] ([idDetajet], [qmimiTotal], [sasiaPorositur], [idPorosia], [idProdukti], [qmimiProduktit]) VALUES (92, 299.5, 1, 36, 35, 299.5);
INSERT INTO [dbo].[TeDhenatEPorosis] ([idDetajet], [qmimiTotal], [sasiaPorositur], [idPorosia], [idProdukti], [qmimiProduktit]) VALUES (93, 119.5, 1, 36, 37, 119.5);
INSERT INTO [dbo].[TeDhenatEPorosis] ([idDetajet], [qmimiTotal], [sasiaPorositur], [idPorosia], [idProdukti], [qmimiProduktit]) VALUES (94, 49.5, 1, 37, 42, 49.5);
INSERT INTO [dbo].[TeDhenatEPorosis] ([idDetajet], [qmimiTotal], [sasiaPorositur], [idPorosia], [idProdukti], [qmimiProduktit]) VALUES (95, 354.99, 1, 38, 8, 354.99);
INSERT INTO [dbo].[TeDhenatEPorosis] ([idDetajet], [qmimiTotal], [sasiaPorositur], [idPorosia], [idProdukti], [qmimiProduktit]) VALUES (96, 299, 1, 38, 9, 299);
INSERT INTO [dbo].[TeDhenatEPorosis] ([idDetajet], [qmimiTotal], [sasiaPorositur], [idPorosia], [idProdukti], [qmimiProduktit]) VALUES (97, 59.5, 1, 39, 54, 59.5);
INSERT INTO [dbo].[TeDhenatEPorosis] ([idDetajet], [qmimiTotal], [sasiaPorositur], [idPorosia], [idProdukti], [qmimiProduktit]) VALUES (98, 299.5, 1, 39, 35, 299.5);
INSERT INTO [dbo].[TeDhenatEPorosis] ([idDetajet], [qmimiTotal], [sasiaPorositur], [idPorosia], [idProdukti], [qmimiProduktit]) VALUES (99, 119.5, 1, 39, 37, 119.5);
INSERT INTO [dbo].[TeDhenatEPorosis] ([idDetajet], [qmimiTotal], [sasiaPorositur], [idPorosia], [idProdukti], [qmimiProduktit]) VALUES (100, 149.5, 1, 40, 47, 149.5);
INSERT INTO [dbo].[TeDhenatEPorosis] ([idDetajet], [qmimiTotal], [sasiaPorositur], [idPorosia], [idProdukti], [qmimiProduktit]) VALUES (101, 129.55, 1, 40, 30, 129.55);
INSERT INTO [dbo].[TeDhenatEPorosis] ([idDetajet], [qmimiTotal], [sasiaPorositur], [idPorosia], [idProdukti], [qmimiProduktit]) VALUES (102, 1419.96, 4, 41, 8, 354.99);
INSERT INTO [dbo].[TeDhenatEPorosis] ([idDetajet], [qmimiTotal], [sasiaPorositur], [idPorosia], [idProdukti], [qmimiProduktit]) VALUES (103, 299.5, 1, 41, 35, 299.5);
INSERT INTO [dbo].[TeDhenatEPorosis] ([idDetajet], [qmimiTotal], [sasiaPorositur], [idPorosia], [idProdukti], [qmimiProduktit]) VALUES (104, 759, 1, 42, 1, 759);
INSERT INTO [dbo].[TeDhenatEPorosis] ([idDetajet], [qmimiTotal], [sasiaPorositur], [idPorosia], [idProdukti], [qmimiProduktit]) VALUES (105, 39, 1, 42, 17, 39);
INSERT INTO [dbo].[TeDhenatEPorosis] ([idDetajet], [qmimiTotal], [sasiaPorositur], [idPorosia], [idProdukti], [qmimiProduktit]) VALUES (106, 999.99, 1, 42, 3, 999.99);
INSERT INTO [dbo].[TeDhenatEPorosis] ([idDetajet], [qmimiTotal], [sasiaPorositur], [idPorosia], [idProdukti], [qmimiProduktit]) VALUES (107, 35.9, 1, 43, 52, 35.9);
INSERT INTO [dbo].[TeDhenatEPorosis] ([idDetajet], [qmimiTotal], [sasiaPorositur], [idPorosia], [idProdukti], [qmimiProduktit]) VALUES (108, 78, 2, 43, 17, 39);
INSERT INTO [dbo].[TeDhenatEPorosis] ([idDetajet], [qmimiTotal], [sasiaPorositur], [idPorosia], [idProdukti], [qmimiProduktit]) VALUES (109, 349, 1, 44, 36, 349);
INSERT INTO [dbo].[TeDhenatEPorosis] ([idDetajet], [qmimiTotal], [sasiaPorositur], [idPorosia], [idProdukti], [qmimiProduktit]) VALUES (110, 299.5, 1, 44, 35, 299.5);
INSERT INTO [dbo].[TeDhenatEPorosis] ([idDetajet], [qmimiTotal], [sasiaPorositur], [idPorosia], [idProdukti], [qmimiProduktit]) VALUES (111, 245, 1, 45, 45, 245);
INSERT INTO [dbo].[TeDhenatEPorosis] ([idDetajet], [qmimiTotal], [sasiaPorositur], [idPorosia], [idProdukti], [qmimiProduktit]) VALUES (112, 99.5, 1, 45, 39, 99.5);
INSERT INTO [dbo].[TeDhenatEPorosis] ([idDetajet], [qmimiTotal], [sasiaPorositur], [idPorosia], [idProdukti], [qmimiProduktit]) VALUES (113, 59.99, 1, 46, 31, 59.99);
INSERT INTO [dbo].[TeDhenatEPorosis] ([idDetajet], [qmimiTotal], [sasiaPorositur], [idPorosia], [idProdukti], [qmimiProduktit]) VALUES (114, 354.99, 1, 47, 8, 354.99);
INSERT INTO [dbo].[TeDhenatEPorosis] ([idDetajet], [qmimiTotal], [sasiaPorositur], [idPorosia], [idProdukti], [qmimiProduktit]) VALUES (115, 119.5, 1, 47, 37, 119.5);
INSERT INTO [dbo].[TeDhenatEPorosis] ([idDetajet], [qmimiTotal], [sasiaPorositur], [idPorosia], [idProdukti], [qmimiProduktit]) VALUES (116, 709.98, 2, 48, 8, 354.99);
INSERT INTO [dbo].[TeDhenatEPorosis] ([idDetajet], [qmimiTotal], [sasiaPorositur], [idPorosia], [idProdukti], [qmimiProduktit]) VALUES (117, 299, 1, 48, 9, 299);
INSERT INTO [dbo].[TeDhenatEPorosis] ([idDetajet], [qmimiTotal], [sasiaPorositur], [idPorosia], [idProdukti], [qmimiProduktit]) VALUES (118, 159.59, 1, 48, 46, 159.59);
INSERT INTO [dbo].[TeDhenatEPorosis] ([idDetajet], [qmimiTotal], [sasiaPorositur], [idPorosia], [idProdukti], [qmimiProduktit]) VALUES (119, 59.5, 1, 48, 54, 59.5);
INSERT INTO [dbo].[TeDhenatEPorosis] ([idDetajet], [qmimiTotal], [sasiaPorositur], [idPorosia], [idProdukti], [qmimiProduktit]) VALUES (120, 59.99, 1, 48, 48, 59.99);
INSERT INTO [dbo].[TeDhenatEPorosis] ([idDetajet], [qmimiTotal], [sasiaPorositur], [idPorosia], [idProdukti], [qmimiProduktit]) VALUES (121, 59.5, 1, 48, 53, 59.5);
INSERT INTO [dbo].[TeDhenatEPorosis] ([idDetajet], [qmimiTotal], [sasiaPorositur], [idPorosia], [idProdukti], [qmimiProduktit]) VALUES (122, 84.5, 1, 49, 28, 84.5);
INSERT INTO [dbo].[TeDhenatEPorosis] ([idDetajet], [qmimiTotal], [sasiaPorositur], [idPorosia], [idProdukti], [qmimiProduktit]) VALUES (123, 35.9, 1, 49, 52, 35.9);
INSERT INTO [dbo].[TeDhenatEPorosis] ([idDetajet], [qmimiTotal], [sasiaPorositur], [idPorosia], [idProdukti], [qmimiProduktit]) VALUES (124, 559, 1, 49, 43, 559);
INSERT INTO [dbo].[TeDhenatEPorosis] ([idDetajet], [qmimiTotal], [sasiaPorositur], [idPorosia], [idProdukti], [qmimiProduktit]) VALUES (125, 472, 2, 49, 11, 236);
INSERT INTO [dbo].[TeDhenatEPorosis] ([idDetajet], [qmimiTotal], [sasiaPorositur], [idPorosia], [idProdukti], [qmimiProduktit]) VALUES (126, 39, 1, 49, 17, 39);
INSERT INTO [dbo].[TeDhenatEPorosis] ([idDetajet], [qmimiTotal], [sasiaPorositur], [idPorosia], [idProdukti], [qmimiProduktit]) VALUES (127, 759, 1, 49, 1, 759);
INSERT INTO [dbo].[TeDhenatEPorosis] ([idDetajet], [qmimiTotal], [sasiaPorositur], [idPorosia], [idProdukti], [qmimiProduktit]) VALUES (128, 1299, 1, 49, 58, 1299);
INSERT INTO [dbo].[TeDhenatEPorosis] ([idDetajet], [qmimiTotal], [sasiaPorositur], [idPorosia], [idProdukti], [qmimiProduktit]) VALUES (129, 119.5, 1, 50, 37, 119.5);
INSERT INTO [dbo].[TeDhenatEPorosis] ([idDetajet], [qmimiTotal], [sasiaPorositur], [idPorosia], [idProdukti], [qmimiProduktit]) VALUES (130, 354.99, 1, 50, 8, 354.99);
INSERT INTO [dbo].[TeDhenatEPorosis] ([idDetajet], [qmimiTotal], [sasiaPorositur], [idPorosia], [idProdukti], [qmimiProduktit]) VALUES (131, 99.5, 1, 50, 39, 99.5);
INSERT INTO [dbo].[TeDhenatEPorosis] ([idDetajet], [qmimiTotal], [sasiaPorositur], [idPorosia], [idProdukti], [qmimiProduktit]) VALUES (132, 299, 1, 50, 9, 299);
INSERT INTO [dbo].[TeDhenatEPorosis] ([idDetajet], [qmimiTotal], [sasiaPorositur], [idPorosia], [idProdukti], [qmimiProduktit]) VALUES (133, 79.5, 1, 50, 38, 79.5);
INSERT INTO [dbo].[TeDhenatEPorosis] ([idDetajet], [qmimiTotal], [sasiaPorositur], [idPorosia], [idProdukti], [qmimiProduktit]) VALUES (134, 3299, 1, 50, 32, 3299);
INSERT INTO [dbo].[TeDhenatEPorosis] ([idDetajet], [qmimiTotal], [sasiaPorositur], [idPorosia], [idProdukti], [qmimiProduktit]) VALUES (135, 119.5, 1, 51, 37, 119.5);
INSERT INTO [dbo].[TeDhenatEPorosis] ([idDetajet], [qmimiTotal], [sasiaPorositur], [idPorosia], [idProdukti], [qmimiProduktit]) VALUES (136, 95.5, 1, 52, 40, 95.5);
INSERT INTO [dbo].[TeDhenatEPorosis] ([idDetajet], [qmimiTotal], [sasiaPorositur], [idPorosia], [idProdukti], [qmimiProduktit]) VALUES (137, 159.59, 1, 52, 46, 159.59);
INSERT INTO [dbo].[TeDhenatEPorosis] ([idDetajet], [qmimiTotal], [sasiaPorositur], [idPorosia], [idProdukti], [qmimiProduktit]) VALUES (138, 49.5, 1, 53, 42, 49.5);
INSERT INTO [dbo].[TeDhenatEPorosis] ([idDetajet], [qmimiTotal], [sasiaPorositur], [idPorosia], [idProdukti], [qmimiProduktit]) VALUES (139, 28.5, 1, 53, 6, 28.5);
INSERT INTO [dbo].[TeDhenatEPorosis] ([idDetajet], [qmimiTotal], [sasiaPorositur], [idPorosia], [idProdukti], [qmimiProduktit]) VALUES (140, 149.5, 1, 54, 47, 149.5);
INSERT INTO [dbo].[TeDhenatEPorosis] ([idDetajet], [qmimiTotal], [sasiaPorositur], [idPorosia], [idProdukti], [qmimiProduktit]) VALUES (141, 399, 1, 55, 24, 399);
INSERT INTO [dbo].[TeDhenatEPorosis] ([idDetajet], [qmimiTotal], [sasiaPorositur], [idPorosia], [idProdukti], [qmimiProduktit]) VALUES (142, 299, 1, 56, 9, 299);
INSERT INTO [dbo].[TeDhenatEPorosis] ([idDetajet], [qmimiTotal], [sasiaPorositur], [idPorosia], [idProdukti], [qmimiProduktit]) VALUES (143, 189.99, 1, 56, 41, 189.99);
INSERT INTO [dbo].[TeDhenatEPorosis] ([idDetajet], [qmimiTotal], [sasiaPorositur], [idPorosia], [idProdukti], [qmimiProduktit]) VALUES (144, 559, 1, 56, 43, 559);
INSERT INTO [dbo].[TeDhenatEPorosis] ([idDetajet], [qmimiTotal], [sasiaPorositur], [idPorosia], [idProdukti], [qmimiProduktit]) VALUES (145, 199, 1, 57, 44, 199);
INSERT INTO [dbo].[TeDhenatEPorosis] ([idDetajet], [qmimiTotal], [sasiaPorositur], [idPorosia], [idProdukti], [qmimiProduktit]) VALUES (146, 9.5, 1, 58, 59, 9.5);
INSERT INTO [dbo].[TeDhenatEPorosis] ([idDetajet], [qmimiTotal], [sasiaPorositur], [idPorosia], [idProdukti], [qmimiProduktit]) VALUES (147, 79.5, 1, 59, 38, 79.5);
INSERT INTO [dbo].[TeDhenatEPorosis] ([idDetajet], [qmimiTotal], [sasiaPorositur], [idPorosia], [idProdukti], [qmimiProduktit]) VALUES (148, 19.99, 1, 59, 49, 19.99);
INSERT INTO [dbo].[TeDhenatEPorosis] ([idDetajet], [qmimiTotal], [sasiaPorositur], [idPorosia], [idProdukti], [qmimiProduktit]) VALUES (149, 39, 1, 60, 17, 39);
INSERT INTO [dbo].[TeDhenatEPorosis] ([idDetajet], [qmimiTotal], [sasiaPorositur], [idPorosia], [idProdukti], [qmimiProduktit]) VALUES (150, 299, 1, 60, 9, 299);
INSERT INTO [dbo].[TeDhenatEPorosis] ([idDetajet], [qmimiTotal], [sasiaPorositur], [idPorosia], [idProdukti], [qmimiProduktit]) VALUES (151, 1299, 1, 61, 58, 1299);
INSERT INTO [dbo].[TeDhenatEPorosis] ([idDetajet], [qmimiTotal], [sasiaPorositur], [idPorosia], [idProdukti], [qmimiProduktit]) VALUES (152, 71.8, 2, 62, 52, 35.9);
INSERT INTO [dbo].[TeDhenatEPorosis] ([idDetajet], [qmimiTotal], [sasiaPorositur], [idPorosia], [idProdukti], [qmimiProduktit]) VALUES (153, 9.5, 1, 62, 59, 9.5);
INSERT INTO [dbo].[TeDhenatEPorosis] ([idDetajet], [qmimiTotal], [sasiaPorositur], [idPorosia], [idProdukti], [qmimiProduktit]) VALUES (154, 18.5, 1, 62, 51, 18.5);
INSERT INTO [dbo].[TeDhenatEPorosis] ([idDetajet], [qmimiTotal], [sasiaPorositur], [idPorosia], [idProdukti], [qmimiProduktit]) VALUES (155, 599, 1, 63, 33, 599);
INSERT INTO [dbo].[TeDhenatEPorosis] ([idDetajet], [qmimiTotal], [sasiaPorositur], [idPorosia], [idProdukti], [qmimiProduktit]) VALUES (156, 299.5, 1, 63, 35, 299.5);
INSERT INTO [dbo].[TeDhenatEPorosis] ([idDetajet], [qmimiTotal], [sasiaPorositur], [idPorosia], [idProdukti], [qmimiProduktit]) VALUES (157, 34, 1, 64, 55, 34);
INSERT INTO [dbo].[TeDhenatEPorosis] ([idDetajet], [qmimiTotal], [sasiaPorositur], [idPorosia], [idProdukti], [qmimiProduktit]) VALUES (158, 349, 1, 64, 36, 349);
INSERT INTO [dbo].[TeDhenatEPorosis] ([idDetajet], [qmimiTotal], [sasiaPorositur], [idPorosia], [idProdukti], [qmimiProduktit]) VALUES (159, 559, 1, 65, 43, 559);
INSERT INTO [dbo].[TeDhenatEPorosis] ([idDetajet], [qmimiTotal], [sasiaPorositur], [idPorosia], [idProdukti], [qmimiProduktit]) VALUES (160, 354.99, 1, 66, 8, 354.99);
INSERT INTO [dbo].[TeDhenatEPorosis] ([idDetajet], [qmimiTotal], [sasiaPorositur], [idPorosia], [idProdukti], [qmimiProduktit]) VALUES (161, 396, 1, 66, 57, 396);
INSERT INTO [dbo].[TeDhenatEPorosis] ([idDetajet], [qmimiTotal], [sasiaPorositur], [idPorosia], [idProdukti], [qmimiProduktit]) VALUES (162, 299.5, 1, 67, 35, 299.5);
INSERT INTO [dbo].[TeDhenatEPorosis] ([idDetajet], [qmimiTotal], [sasiaPorositur], [idPorosia], [idProdukti], [qmimiProduktit]) VALUES (163, 59.99, 1, 67, 31, 59.99);
INSERT INTO [dbo].[TeDhenatEPorosis] ([idDetajet], [qmimiTotal], [sasiaPorositur], [idPorosia], [idProdukti], [qmimiProduktit]) VALUES (164, 26.99, 1, 67, 52, 26.99);
INSERT INTO [dbo].[TeDhenatEPorosis] ([idDetajet], [qmimiTotal], [sasiaPorositur], [idPorosia], [idProdukti], [qmimiProduktit]) VALUES (165, 26.99, 1, 68, 52, 26.99);
INSERT INTO [dbo].[TeDhenatEPorosis] ([idDetajet], [qmimiTotal], [sasiaPorositur], [idPorosia], [idProdukti], [qmimiProduktit]) VALUES (166, 354.99, 1, 68, 8, 354.99);
INSERT INTO [dbo].[TeDhenatEPorosis] ([idDetajet], [qmimiTotal], [sasiaPorositur], [idPorosia], [idProdukti], [qmimiProduktit]) VALUES (167, 3499.99, 1, 68, 22, 3499.99);
INSERT INTO [dbo].[TeDhenatEPorosis] ([idDetajet], [qmimiTotal], [sasiaPorositur], [idPorosia], [idProdukti], [qmimiProduktit]) VALUES (168, 99.5, 1, 68, 39, 99.5);
INSERT INTO [dbo].[TeDhenatEPorosis] ([idDetajet], [qmimiTotal], [sasiaPorositur], [idPorosia], [idProdukti], [qmimiProduktit]) VALUES (169, 59.99, 1, 69, 48, 59.99);
INSERT INTO [dbo].[TeDhenatEPorosis] ([idDetajet], [qmimiTotal], [sasiaPorositur], [idPorosia], [idProdukti], [qmimiProduktit]) VALUES (170, 84.5, 1, 70, 28, 84.5);
INSERT INTO [dbo].[TeDhenatEPorosis] ([idDetajet], [qmimiTotal], [sasiaPorositur], [idPorosia], [idProdukti], [qmimiProduktit]) VALUES (171, 29.99, 1, 70, 14, 29.99);
INSERT INTO [dbo].[TeDhenatEPorosis] ([idDetajet], [qmimiTotal], [sasiaPorositur], [idPorosia], [idProdukti], [qmimiProduktit]) VALUES (172, 99, 2, 70, 42, 49.5);
INSERT INTO [dbo].[TeDhenatEPorosis] ([idDetajet], [qmimiTotal], [sasiaPorositur], [idPorosia], [idProdukti], [qmimiProduktit]) VALUES (173, 95.5, 1, 70, 40, 95.5);
INSERT INTO [dbo].[TeDhenatEPorosis] ([idDetajet], [qmimiTotal], [sasiaPorositur], [idPorosia], [idProdukti], [qmimiProduktit]) VALUES (174, 129.55, 1, 71, 30, 129.55);
INSERT INTO [dbo].[TeDhenatEPorosis] ([idDetajet], [qmimiTotal], [sasiaPorositur], [idPorosia], [idProdukti], [qmimiProduktit]) VALUES (175, 149.5, 1, 71, 47, 149.5);
INSERT INTO [dbo].[TeDhenatEPorosis] ([idDetajet], [qmimiTotal], [sasiaPorositur], [idPorosia], [idProdukti], [qmimiProduktit]) VALUES (176, 299, 1, 71, 9, 299);
INSERT INTO [dbo].[TeDhenatEPorosis] ([idDetajet], [qmimiTotal], [sasiaPorositur], [idPorosia], [idProdukti], [qmimiProduktit]) VALUES (177, 119.5, 1, 71, 37, 119.5);
INSERT INTO [dbo].[TeDhenatEPorosis] ([idDetajet], [qmimiTotal], [sasiaPorositur], [idPorosia], [idProdukti], [qmimiProduktit]) VALUES (178, 189.99, 1, 72, 44, 189.99);
INSERT INTO [dbo].[TeDhenatEPorosis] ([idDetajet], [qmimiTotal], [sasiaPorositur], [idPorosia], [idProdukti], [qmimiProduktit]) VALUES (179, 29.99, 1, 72, 55, 29.99);
INSERT INTO [dbo].[TeDhenatEPorosis] ([idDetajet], [qmimiTotal], [sasiaPorositur], [idPorosia], [idProdukti], [qmimiProduktit]) VALUES (180, 99.5, 1, 72, 39, 99.5);
INSERT INTO [dbo].[TeDhenatEPorosis] ([idDetajet], [qmimiTotal], [sasiaPorositur], [idPorosia], [idProdukti], [qmimiProduktit]) VALUES (181, 299, 1, 73, 9, 299);
INSERT INTO [dbo].[TeDhenatEPorosis] ([idDetajet], [qmimiTotal], [sasiaPorositur], [idPorosia], [idProdukti], [qmimiProduktit]) VALUES (182, 999.99, 1, 73, 3, 999.99);
INSERT INTO [dbo].[TeDhenatEPorosis] ([idDetajet], [qmimiTotal], [sasiaPorositur], [idPorosia], [idProdukti], [qmimiProduktit]) VALUES (183, 1064.97, 3, 74, 8, 354.99);
INSERT INTO [dbo].[TeDhenatEPorosis] ([idDetajet], [qmimiTotal], [sasiaPorositur], [idPorosia], [idProdukti], [qmimiProduktit]) VALUES (184, 95.5, 1, 75, 40, 95.5);
INSERT INTO [dbo].[TeDhenatEPorosis] ([idDetajet], [qmimiTotal], [sasiaPorositur], [idPorosia], [idProdukti], [qmimiProduktit]) VALUES (185, 59.99, 1, 75, 31, 59.99);
INSERT INTO [dbo].[TeDhenatEPorosis] ([idDetajet], [qmimiTotal], [sasiaPorositur], [idPorosia], [idProdukti], [qmimiProduktit]) VALUES (186, 18.99, 1, 75, 13, 18.99);
INSERT INTO [dbo].[TeDhenatEPorosis] ([idDetajet], [qmimiTotal], [sasiaPorositur], [idPorosia], [idProdukti], [qmimiProduktit]) VALUES (187, 1299, 1, 75, 58, 1299);
INSERT INTO [dbo].[TeDhenatEPorosis] ([idDetajet], [qmimiTotal], [sasiaPorositur], [idPorosia], [idProdukti], [qmimiProduktit]) VALUES (188, 19.99, 1, 75, 49, 19.99);
INSERT INTO [dbo].[TeDhenatEPorosis] ([idDetajet], [qmimiTotal], [sasiaPorositur], [idPorosia], [idProdukti], [qmimiProduktit]) VALUES (189, 189.99, 1, 76, 44, 189.99);
INSERT INTO [dbo].[TeDhenatEPorosis] ([idDetajet], [qmimiTotal], [sasiaPorositur], [idPorosia], [idProdukti], [qmimiProduktit]) VALUES (190, 149.5, 1, 76, 47, 149.5);
INSERT INTO [dbo].[TeDhenatEPorosis] ([idDetajet], [qmimiTotal], [sasiaPorositur], [idPorosia], [idProdukti], [qmimiProduktit]) VALUES (191, 299, 1, 76, 9, 299);
INSERT INTO [dbo].[TeDhenatEPorosis] ([idDetajet], [qmimiTotal], [sasiaPorositur], [idPorosia], [idProdukti], [qmimiProduktit]) VALUES (192, 149.5, 1, 77, 47, 149.5);
INSERT INTO [dbo].[TeDhenatEPorosis] ([idDetajet], [qmimiTotal], [sasiaPorositur], [idPorosia], [idProdukti], [qmimiProduktit]) VALUES (193, 999.99, 1, 77, 3, 999.99);
INSERT INTO [dbo].[TeDhenatEPorosis] ([idDetajet], [qmimiTotal], [sasiaPorositur], [idPorosia], [idProdukti], [qmimiProduktit]) VALUES (194, 299, 1, 78, 9, 299);
INSERT INTO [dbo].[TeDhenatEPorosis] ([idDetajet], [qmimiTotal], [sasiaPorositur], [idPorosia], [idProdukti], [qmimiProduktit]) VALUES (195, 149.5, 1, 78, 47, 149.5);
INSERT INTO [dbo].[TeDhenatEPorosis] ([idDetajet], [qmimiTotal], [sasiaPorositur], [idPorosia], [idProdukti], [qmimiProduktit]) VALUES (196, 236, 1, 78, 11, 236);
INSERT INTO [dbo].[TeDhenatEPorosis] ([idDetajet], [qmimiTotal], [sasiaPorositur], [idPorosia], [idProdukti], [qmimiProduktit]) VALUES (197, 19.5, 1, 79, 56, 19.5);
INSERT INTO [dbo].[TeDhenatEPorosis] ([idDetajet], [qmimiTotal], [sasiaPorositur], [idPorosia], [idProdukti], [qmimiProduktit]) VALUES (198, 999.99, 1, 79, 3, 999.99);
INSERT INTO [dbo].[TeDhenatEPorosis] ([idDetajet], [qmimiTotal], [sasiaPorositur], [idPorosia], [idProdukti], [qmimiProduktit]) VALUES (199, 59.99, 1, 79, 31, 59.99);
INSERT INTO [dbo].[TeDhenatEPorosis] ([idDetajet], [qmimiTotal], [sasiaPorositur], [idPorosia], [idProdukti], [qmimiProduktit]) VALUES (200, 119.5, 1, 80, 37, 119.5);
INSERT INTO [dbo].[TeDhenatEPorosis] ([idDetajet], [qmimiTotal], [sasiaPorositur], [idPorosia], [idProdukti], [qmimiProduktit]) VALUES (201, 159.59, 1, 80, 46, 159.59);
INSERT INTO [dbo].[TeDhenatEPorosis] ([idDetajet], [qmimiTotal], [sasiaPorositur], [idPorosia], [idProdukti], [qmimiProduktit]) VALUES (202, 3299, 1, 81, 32, 3299);
INSERT INTO [dbo].[TeDhenatEPorosis] ([idDetajet], [qmimiTotal], [sasiaPorositur], [idPorosia], [idProdukti], [qmimiProduktit]) VALUES (203, 559, 1, 81, 43, 559);
INSERT INTO [dbo].[TeDhenatEPorosis] ([idDetajet], [qmimiTotal], [sasiaPorositur], [idPorosia], [idProdukti], [qmimiProduktit]) VALUES (204, 35.99, 1, 81, 6, 35.99);
INSERT INTO [dbo].[TeDhenatEPorosis] ([idDetajet], [qmimiTotal], [sasiaPorositur], [idPorosia], [idProdukti], [qmimiProduktit]) VALUES (205, 759, 1, 81, 1, 759);
INSERT INTO [dbo].[TeDhenatEPorosis] ([idDetajet], [qmimiTotal], [sasiaPorositur], [idPorosia], [idProdukti], [qmimiProduktit]) VALUES (206, 349, 1, 82, 36, 349);
INSERT INTO [dbo].[TeDhenatEPorosis] ([idDetajet], [qmimiTotal], [sasiaPorositur], [idPorosia], [idProdukti], [qmimiProduktit]) VALUES (207, 149.5, 1, 83, 47, 149.5);
INSERT INTO [dbo].[TeDhenatEPorosis] ([idDetajet], [qmimiTotal], [sasiaPorositur], [idPorosia], [idProdukti], [qmimiProduktit]) VALUES (208, 349, 1, 83, 36, 349);
INSERT INTO [dbo].[TeDhenatEPorosis] ([idDetajet], [qmimiTotal], [sasiaPorositur], [idPorosia], [idProdukti], [qmimiProduktit]) VALUES (209, 999.99, 1, 83, 3, 999.99);
INSERT INTO [dbo].[TeDhenatEPorosis] ([idDetajet], [qmimiTotal], [sasiaPorositur], [idPorosia], [idProdukti], [qmimiProduktit]) VALUES (210, 236, 1, 84, 11, 236);
INSERT INTO [dbo].[TeDhenatEPorosis] ([idDetajet], [qmimiTotal], [sasiaPorositur], [idPorosia], [idProdukti], [qmimiProduktit]) VALUES (211, 149.5, 1, 84, 47, 149.5);
INSERT INTO [dbo].[TeDhenatEPorosis] ([idDetajet], [qmimiTotal], [sasiaPorositur], [idPorosia], [idProdukti], [qmimiProduktit]) VALUES (212, 299.5, 1, 85, 35, 299.5);
INSERT INTO [dbo].[TeDhenatEPorosis] ([idDetajet], [qmimiTotal], [sasiaPorositur], [idPorosia], [idProdukti], [qmimiProduktit]) VALUES (213, 245, 1, 85, 45, 245);
INSERT INTO [dbo].[TeDhenatEPorosis] ([idDetajet], [qmimiTotal], [sasiaPorositur], [idPorosia], [idProdukti], [qmimiProduktit]) VALUES (214, 299, 1, 86, 9, 299);
INSERT INTO [dbo].[TeDhenatEPorosis] ([idDetajet], [qmimiTotal], [sasiaPorositur], [idPorosia], [idProdukti], [qmimiProduktit]) VALUES (215, 349, 1, 87, 36, 349);
INSERT INTO [dbo].[TeDhenatEPorosis] ([idDetajet], [qmimiTotal], [sasiaPorositur], [idPorosia], [idProdukti], [qmimiProduktit]) VALUES (216, 999.99, 1, 87, 3, 999.99);
INSERT INTO [dbo].[TeDhenatEPorosis] ([idDetajet], [qmimiTotal], [sasiaPorositur], [idPorosia], [idProdukti], [qmimiProduktit]) VALUES (217, 559, 1, 87, 43, 559);
INSERT INTO [dbo].[TeDhenatEPorosis] ([idDetajet], [qmimiTotal], [sasiaPorositur], [idPorosia], [idProdukti], [qmimiProduktit]) VALUES (218, 49.5, 1, 88, 42, 49.5);
INSERT INTO [dbo].[TeDhenatEPorosis] ([idDetajet], [qmimiTotal], [sasiaPorositur], [idPorosia], [idProdukti], [qmimiProduktit]) VALUES (219, 19.99, 1, 88, 49, 19.99);
INSERT INTO [dbo].[TeDhenatEPorosis] ([idDetajet], [qmimiTotal], [sasiaPorositur], [idPorosia], [idProdukti], [qmimiProduktit]) VALUES (220, 79.5, 1, 88, 38, 79.5);
INSERT INTO [dbo].[TeDhenatEPorosis] ([idDetajet], [qmimiTotal], [sasiaPorositur], [idPorosia], [idProdukti], [qmimiProduktit]) VALUES (221, 236, 1, 89, 11, 236);
INSERT INTO [dbo].[TeDhenatEPorosis] ([idDetajet], [qmimiTotal], [sasiaPorositur], [idPorosia], [idProdukti], [qmimiProduktit]) VALUES (222, 84.5, 1, 89, 28, 84.5);
INSERT INTO [dbo].[TeDhenatEPorosis] ([idDetajet], [qmimiTotal], [sasiaPorositur], [idPorosia], [idProdukti], [qmimiProduktit]) VALUES (223, 69, 1, 89, 19, 69);
INSERT INTO [dbo].[TeDhenatEPorosis] ([idDetajet], [qmimiTotal], [sasiaPorositur], [idPorosia], [idProdukti], [qmimiProduktit]) VALUES (224, 49.99, 1, 90, 54, 49.99);
INSERT INTO [dbo].[TeDhenatEPorosis] ([idDetajet], [qmimiTotal], [sasiaPorositur], [idPorosia], [idProdukti], [qmimiProduktit]) VALUES (225, 59.99, 1, 90, 48, 59.99);
INSERT INTO [dbo].[TeDhenatEPorosis] ([idDetajet], [qmimiTotal], [sasiaPorositur], [idPorosia], [idProdukti], [qmimiProduktit]) VALUES (226, 119.5, 1, 90, 37, 119.5);
INSERT INTO [dbo].[TeDhenatEPorosis] ([idDetajet], [qmimiTotal], [sasiaPorositur], [idPorosia], [idProdukti], [qmimiProduktit]) VALUES (227, 149.5, 1, 90, 47, 149.5);
INSERT INTO [dbo].[TeDhenatEPorosis] ([idDetajet], [qmimiTotal], [sasiaPorositur], [idPorosia], [idProdukti], [qmimiProduktit]) VALUES (228, 59.99, 1, 90, 31, 59.99);
INSERT INTO [dbo].[TeDhenatEPorosis] ([idDetajet], [qmimiTotal], [sasiaPorositur], [idPorosia], [idProdukti], [qmimiProduktit]) VALUES (229, 129.55, 1, 91, 30, 129.55);
INSERT INTO [dbo].[TeDhenatEPorosis] ([idDetajet], [qmimiTotal], [sasiaPorositur], [idPorosia], [idProdukti], [qmimiProduktit]) VALUES (230, 69, 1, 91, 19, 69);
INSERT INTO [dbo].[TeDhenatEPorosis] ([idDetajet], [qmimiTotal], [sasiaPorositur], [idPorosia], [idProdukti], [qmimiProduktit]) VALUES (231, 149.5, 1, 92, 47, 149.5);
INSERT INTO [dbo].[TeDhenatEPorosis] ([idDetajet], [qmimiTotal], [sasiaPorositur], [idPorosia], [idProdukti], [qmimiProduktit]) VALUES (232, 95.5, 1, 92, 40, 95.5);
INSERT INTO [dbo].[TeDhenatEPorosis] ([idDetajet], [qmimiTotal], [sasiaPorositur], [idPorosia], [idProdukti], [qmimiProduktit]) VALUES (233, 95.5, 1, 93, 40, 95.5);
INSERT INTO [dbo].[TeDhenatEPorosis] ([idDetajet], [qmimiTotal], [sasiaPorositur], [idPorosia], [idProdukti], [qmimiProduktit]) VALUES (234, 49.5, 1, 93, 29, 49.5);
INSERT INTO [dbo].[TeDhenatEPorosis] ([idDetajet], [qmimiTotal], [sasiaPorositur], [idPorosia], [idProdukti], [qmimiProduktit]) VALUES (235, 59.5, 1, 93, 53, 59.5);
INSERT INTO [dbo].[TeDhenatEPorosis] ([idDetajet], [qmimiTotal], [sasiaPorositur], [idPorosia], [idProdukti], [qmimiProduktit]) VALUES (236, 189.99, 1, 93, 41, 189.99);
INSERT INTO [dbo].[TeDhenatEPorosis] ([idDetajet], [qmimiTotal], [sasiaPorositur], [idPorosia], [idProdukti], [qmimiProduktit]) VALUES (237, 559, 1, 94, 43, 559);
INSERT INTO [dbo].[TeDhenatEPorosis] ([idDetajet], [qmimiTotal], [sasiaPorositur], [idPorosia], [idProdukti], [qmimiProduktit]) VALUES (238, 299.5, 1, 94, 35, 299.5);
INSERT INTO [dbo].[TeDhenatEPorosis] ([idDetajet], [qmimiTotal], [sasiaPorositur], [idPorosia], [idProdukti], [qmimiProduktit]) VALUES (239, 59.99, 1, 94, 48, 59.99);
INSERT INTO [dbo].[TeDhenatEPorosis] ([idDetajet], [qmimiTotal], [sasiaPorositur], [idPorosia], [idProdukti], [qmimiProduktit]) VALUES (240, 245, 1, 94, 45, 245);
INSERT INTO [dbo].[TeDhenatEPorosis] ([idDetajet], [qmimiTotal], [sasiaPorositur], [idPorosia], [idProdukti], [qmimiProduktit]) VALUES (241, 95.5, 1, 95, 40, 95.5);
INSERT INTO [dbo].[TeDhenatEPorosis] ([idDetajet], [qmimiTotal], [sasiaPorositur], [idPorosia], [idProdukti], [qmimiProduktit]) VALUES (242, 299.5, 1, 95, 35, 299.5);
INSERT INTO [dbo].[TeDhenatEPorosis] ([idDetajet], [qmimiTotal], [sasiaPorositur], [idPorosia], [idProdukti], [qmimiProduktit]) VALUES (243, 349, 1, 95, 36, 349);
INSERT INTO [dbo].[TeDhenatEPorosis] ([idDetajet], [qmimiTotal], [sasiaPorositur], [idPorosia], [idProdukti], [qmimiProduktit]) VALUES (244, 119.5, 1, 95, 37, 119.5);
INSERT INTO [dbo].[TeDhenatEPorosis] ([idDetajet], [qmimiTotal], [sasiaPorositur], [idPorosia], [idProdukti], [qmimiProduktit]) VALUES (245, 149.5, 1, 95, 47, 149.5);
INSERT INTO [dbo].[TeDhenatEPorosis] ([idDetajet], [qmimiTotal], [sasiaPorositur], [idPorosia], [idProdukti], [qmimiProduktit]) VALUES (246, 1299, 1, 96, 58, 1299);
INSERT INTO [dbo].[TeDhenatEPorosis] ([idDetajet], [qmimiTotal], [sasiaPorositur], [idPorosia], [idProdukti], [qmimiProduktit]) VALUES (247, 129.55, 1, 96, 30, 129.55);
INSERT INTO [dbo].[TeDhenatEPorosis] ([idDetajet], [qmimiTotal], [sasiaPorositur], [idPorosia], [idProdukti], [qmimiProduktit]) VALUES (248, 999.99, 1, 96, 3, 999.99);
INSERT INTO [dbo].[TeDhenatEPorosis] ([idDetajet], [qmimiTotal], [sasiaPorositur], [idPorosia], [idProdukti], [qmimiProduktit]) VALUES (249, 59.5, 1, 96, 53, 59.5);
INSERT INTO [dbo].[TeDhenatEPorosis] ([idDetajet], [qmimiTotal], [sasiaPorositur], [idPorosia], [idProdukti], [qmimiProduktit]) VALUES (250, 59.99, 1, 96, 31, 59.99);
INSERT INTO [dbo].[TeDhenatEPorosis] ([idDetajet], [qmimiTotal], [sasiaPorositur], [idPorosia], [idProdukti], [qmimiProduktit]) VALUES (251, 49.5, 1, 97, 67, 49.5);
INSERT INTO [dbo].[TeDhenatEPorosis] ([idDetajet], [qmimiTotal], [sasiaPorositur], [idPorosia], [idProdukti], [qmimiProduktit]) VALUES (252, 19.5, 1, 97, 69, 19.5);
INSERT INTO [dbo].[TeDhenatEPorosis] ([idDetajet], [qmimiTotal], [sasiaPorositur], [idPorosia], [idProdukti], [qmimiProduktit]) VALUES (253, 9.5, 1, 97, 75, 9.5);
INSERT INTO [dbo].[TeDhenatEPorosis] ([idDetajet], [qmimiTotal], [sasiaPorositur], [idPorosia], [idProdukti], [qmimiProduktit]) VALUES (254, 299, 1, 98, 72, 299);
INSERT INTO [dbo].[TeDhenatEPorosis] ([idDetajet], [qmimiTotal], [sasiaPorositur], [idPorosia], [idProdukti], [qmimiProduktit]) VALUES (255, 39, 2, 98, 69, 19.5);
INSERT INTO [dbo].[TeDhenatEPorosis] ([idDetajet], [qmimiTotal], [sasiaPorositur], [idPorosia], [idProdukti], [qmimiProduktit]) VALUES (256, 49.5, 1, 98, 67, 49.5);
INSERT INTO [dbo].[TeDhenatEPorosis] ([idDetajet], [qmimiTotal], [sasiaPorositur], [idPorosia], [idProdukti], [qmimiProduktit]) VALUES (257, 9.5, 1, 98, 75, 9.5);
INSERT INTO [dbo].[TeDhenatEPorosis] ([idDetajet], [qmimiTotal], [sasiaPorositur], [idPorosia], [idProdukti], [qmimiProduktit]) VALUES (258, 19.5, 1, 98, 76, 19.5);
INSERT INTO [dbo].[TeDhenatEPorosis] ([idDetajet], [qmimiTotal], [sasiaPorositur], [idPorosia], [idProdukti], [qmimiProduktit]) VALUES (259, 28.5, 1, 99, 78, 28.5);
INSERT INTO [dbo].[TeDhenatEPorosis] ([idDetajet], [qmimiTotal], [sasiaPorositur], [idPorosia], [idProdukti], [qmimiProduktit]) VALUES (260, 9.5, 1, 99, 75, 9.5);
INSERT INTO [dbo].[TeDhenatEPorosis] ([idDetajet], [qmimiTotal], [sasiaPorositur], [idPorosia], [idProdukti], [qmimiProduktit]) VALUES (261, 6.5, 1, 99, 73, 6.5);
INSERT INTO [dbo].[TeDhenatEPorosis] ([idDetajet], [qmimiTotal], [sasiaPorositur], [idPorosia], [idProdukti], [qmimiProduktit]) VALUES (262, 119.5, 1, 99, 70, 119.5);
INSERT INTO [dbo].[TeDhenatEPorosis] ([idDetajet], [qmimiTotal], [sasiaPorositur], [idPorosia], [idProdukti], [qmimiProduktit]) VALUES (263, 1599, 1, 100, 64, 1599);
INSERT INTO [dbo].[TeDhenatEPorosis] ([idDetajet], [qmimiTotal], [sasiaPorositur], [idPorosia], [idProdukti], [qmimiProduktit]) VALUES (264, 141.5, 1, 100, 77, 141.5);
INSERT INTO [dbo].[TeDhenatEPorosis] ([idDetajet], [qmimiTotal], [sasiaPorositur], [idPorosia], [idProdukti], [qmimiProduktit]) VALUES (265, 79.5, 1, 100, 38, 79.5);
INSERT INTO [dbo].[TeDhenatEPorosis] ([idDetajet], [qmimiTotal], [sasiaPorositur], [idPorosia], [idProdukti], [qmimiProduktit]) VALUES (266, 999, 1, 100, 63, 999);
INSERT INTO [dbo].[TeDhenatEPorosis] ([idDetajet], [qmimiTotal], [sasiaPorositur], [idPorosia], [idProdukti], [qmimiProduktit]) VALUES (267, 18.5, 1, 101, 51, 18.5);
INSERT INTO [dbo].[TeDhenatEPorosis] ([idDetajet], [qmimiTotal], [sasiaPorositur], [idPorosia], [idProdukti], [qmimiProduktit]) VALUES (268, 19.5, 1, 101, 69, 19.5);
INSERT INTO [dbo].[TeDhenatEPorosis] ([idDetajet], [qmimiTotal], [sasiaPorositur], [idPorosia], [idProdukti], [qmimiProduktit]) VALUES (269, 4149, 1, 101, 27, 4149);
INSERT INTO [dbo].[TeDhenatEPorosis] ([idDetajet], [qmimiTotal], [sasiaPorositur], [idPorosia], [idProdukti], [qmimiProduktit]) VALUES (270, 119.5, 1, 101, 37, 119.5);
INSERT INTO [dbo].[TeDhenatEPorosis] ([idDetajet], [qmimiTotal], [sasiaPorositur], [idPorosia], [idProdukti], [qmimiProduktit]) VALUES (271, 2469.5, 1, 101, 5, 2469.5);
INSERT INTO [dbo].[TeDhenatEPorosis] ([idDetajet], [qmimiTotal], [sasiaPorositur], [idPorosia], [idProdukti], [qmimiProduktit]) VALUES (272, 129.55, 1, 102, 30, 129.55);
INSERT INTO [dbo].[TeDhenatEPorosis] ([idDetajet], [qmimiTotal], [sasiaPorositur], [idPorosia], [idProdukti], [qmimiProduktit]) VALUES (273, 95.5, 1, 102, 40, 95.5);
INSERT INTO [dbo].[TeDhenatEPorosis] ([idDetajet], [qmimiTotal], [sasiaPorositur], [idPorosia], [idProdukti], [qmimiProduktit]) VALUES (274, 49.99, 1, 103, 54, 49.99);
INSERT INTO [dbo].[TeDhenatEPorosis] ([idDetajet], [qmimiTotal], [sasiaPorositur], [idPorosia], [idProdukti], [qmimiProduktit]) VALUES (275, 26.99, 1, 103, 52, 26.99);
INSERT INTO [dbo].[TeDhenatEPorosis] ([idDetajet], [qmimiTotal], [sasiaPorositur], [idPorosia], [idProdukti], [qmimiProduktit]) VALUES (276, 35.99, 1, 103, 17, 35.99);
INSERT INTO [dbo].[TeDhenatEPorosis] ([idDetajet], [qmimiTotal], [sasiaPorositur], [idPorosia], [idProdukti], [qmimiProduktit]) VALUES (277, 119.5, 1, 104, 37, 119.5);
INSERT INTO [dbo].[TeDhenatEPorosis] ([idDetajet], [qmimiTotal], [sasiaPorositur], [idPorosia], [idProdukti], [qmimiProduktit]) VALUES (278, 3.5, 1, 104, 81, 3.5);
INSERT INTO [dbo].[TeDhenatEPorosis] ([idDetajet], [qmimiTotal], [sasiaPorositur], [idPorosia], [idProdukti], [qmimiProduktit]) VALUES (279, 189.99, 1, 104, 41, 189.99);
INSERT INTO [dbo].[TeDhenatEPorosis] ([idDetajet], [qmimiTotal], [sasiaPorositur], [idPorosia], [idProdukti], [qmimiProduktit]) VALUES (280, 26.99, 1, 105, 52, 26.99);
INSERT INTO [dbo].[TeDhenatEPorosis] ([idDetajet], [qmimiTotal], [sasiaPorositur], [idPorosia], [idProdukti], [qmimiProduktit]) VALUES (281, 29.99, 1, 105, 55, 29.99);
INSERT INTO [dbo].[TeDhenatEPorosis] ([idDetajet], [qmimiTotal], [sasiaPorositur], [idPorosia], [idProdukti], [qmimiProduktit]) VALUES (282, 1299, 1, 105, 61, 1299);
INSERT INTO [dbo].[TeDhenatEPorosis] ([idDetajet], [qmimiTotal], [sasiaPorositur], [idPorosia], [idProdukti], [qmimiProduktit]) VALUES (283, 69, 1, 106, 19, 69);
INSERT INTO [dbo].[TeDhenatEPorosis] ([idDetajet], [qmimiTotal], [sasiaPorositur], [idPorosia], [idProdukti], [qmimiProduktit]) VALUES (284, 7, 2, 106, 81, 3.5);
INSERT INTO [dbo].[TeDhenatEPorosis] ([idDetajet], [qmimiTotal], [sasiaPorositur], [idPorosia], [idProdukti], [qmimiProduktit]) VALUES (285, 95.5, 1, 106, 40, 95.5);
INSERT INTO [dbo].[TeDhenatEPorosis] ([idDetajet], [qmimiTotal], [sasiaPorositur], [idPorosia], [idProdukti], [qmimiProduktit]) VALUES (286, 39, 1, 106, 83, 39);
INSERT INTO [dbo].[TeDhenatEPorosis] ([idDetajet], [qmimiTotal], [sasiaPorositur], [idPorosia], [idProdukti], [qmimiProduktit]) VALUES (287, 59.99, 1, 106, 31, 59.99);
INSERT INTO [dbo].[TeDhenatEPorosis] ([idDetajet], [qmimiTotal], [sasiaPorositur], [idPorosia], [idProdukti], [qmimiProduktit]) VALUES (288, 589, 1, 107, 65, 589);
INSERT INTO [dbo].[TeDhenatEPorosis] ([idDetajet], [qmimiTotal], [sasiaPorositur], [idPorosia], [idProdukti], [qmimiProduktit]) VALUES (289, 1299, 1, 107, 61, 1299);
INSERT INTO [dbo].[TeDhenatEPorosis] ([idDetajet], [qmimiTotal], [sasiaPorositur], [idPorosia], [idProdukti], [qmimiProduktit]) VALUES (290, 199, 1, 107, 44, 199);
INSERT INTO [dbo].[TeDhenatEPorosis] ([idDetajet], [qmimiTotal], [sasiaPorositur], [idPorosia], [idProdukti], [qmimiProduktit]) VALUES (291, 59.99, 1, 108, 48, 59.99);
INSERT INTO [dbo].[TeDhenatEPorosis] ([idDetajet], [qmimiTotal], [sasiaPorositur], [idPorosia], [idProdukti], [qmimiProduktit]) VALUES (292, 299.5, 1, 109, 35, 299.5);
INSERT INTO [dbo].[TeDhenatEPorosis] ([idDetajet], [qmimiTotal], [sasiaPorositur], [idPorosia], [idProdukti], [qmimiProduktit]) VALUES (293, 299.5, 1, 110, 35, 299.5);
SET IDENTITY_INSERT [dbo].[TeDhenatEPorosis] OFF;
INSERT INTO [dbo].[TeDhenatPerdoruesit] ([userID], [nrKontaktit], [qyteti], [zipKodi], [adresa], [shteti]) VALUES (1, '+38343710410', 'Kaanik', 71000, 'Komandant Zefi 69', 'Kosov');
INSERT INTO [dbo].[TeDhenatPerdoruesit] ([userID], [nrKontaktit], [qyteti], [zipKodi], [adresa], [shteti]) VALUES (2, '+38344123123', 'Kaanik', 71000, 'Ramadan Agushi', 'Kosov');
INSERT INTO [dbo].[TeDhenatPerdoruesit] ([userID], [nrKontaktit], [qyteti], [zipKodi], [adresa], [shteti]) VALUES (3, '+38346123456', 'Kaanik', 71000, 'Ramadan Agushi', 'Kosov');
INSERT INTO [dbo].[TeDhenatPerdoruesit] ([userID], [nrKontaktit], [qyteti], [zipKodi], [adresa], [shteti]) VALUES (4, '+355691234567', 'Tiran', 1001, 'Rruga e Durresit 25', 'Shqipri');
INSERT INTO [dbo].[TeDhenatPerdoruesit] ([userID], [nrKontaktit], [qyteti], [zipKodi], [adresa], [shteti]) VALUES (5, '+38349123456', 'Gjilan', 60000, 'Rruga Rexhep Luci 10', 'Kosov');
INSERT INTO [dbo].[TeDhenatPerdoruesit] ([userID], [nrKontaktit], [qyteti], [zipKodi], [adresa], [shteti]) VALUES (6, '+38349123456', 'Prishtin', 10000, 'Bulevardi Bill Klinton', 'Kosov');
INSERT INTO [dbo].[TeDhenatPerdoruesit] ([userID], [nrKontaktit], [qyteti], [zipKodi], [adresa], [shteti]) VALUES (7, '+355691234567', 'Tiran', 1001, 'Rruga e Kavajs', 'Shqipri');
INSERT INTO [dbo].[TeDhenatPerdoruesit] ([userID], [nrKontaktit], [qyteti], [zipKodi], [adresa], [shteti]) VALUES (8, '+355691234567', 'Tiran', 1001, 'Bulevardi 6 Shkurti', 'Shqipri');
INSERT INTO [dbo].[TeDhenatPerdoruesit] ([userID], [nrKontaktit], [qyteti], [zipKodi], [adresa], [shteti]) VALUES (9, '+38349123456', 'Ferizaj', 70000, 'Rruga Shemsi Syla', 'Kosov');
INSERT INTO [dbo].[TeDhenatPerdoruesit] ([userID], [nrKontaktit], [qyteti], [zipKodi], [adresa], [shteti]) VALUES (10, '+38349123456', 'Prishtin', 10000, 'Rruga Prishtin - Fush Kosov', 'Kosov');
INSERT INTO [dbo].[TeDhenatPerdoruesit] ([userID], [nrKontaktit], [qyteti], [zipKodi], [adresa], [shteti]) VALUES (11, '+38349123456', 'Prishtin', 10000, 'Rruga Fehmi Agani', 'Kosov');
INSERT INTO [dbo].[TeDhenatPerdoruesit] ([userID], [nrKontaktit], [qyteti], [zipKodi], [adresa], [shteti]) VALUES (12, '+38349123456', 'Prizren', 20000, 'Rruga Ali Pash Gucia', 'Kosov');
INSERT INTO [dbo].[TeDhenatPerdoruesit] ([userID], [nrKontaktit], [qyteti], [zipKodi], [adresa], [shteti]) VALUES (13, '+38349123456', 'Prishtin', 10000, 'Rruga Bajram Curri', 'Kosov');
INSERT INTO [dbo].[TeDhenatPerdoruesit] ([userID], [nrKontaktit], [qyteti], [zipKodi], [adresa], [shteti]) VALUES (14, '+355691234567', 'Tiran', 1001, 'Rruga e Kavajs', 'Shqipri');
INSERT INTO [dbo].[TeDhenatPerdoruesit] ([userID], [nrKontaktit], [qyteti], [zipKodi], [adresa], [shteti]) VALUES (15, '+355691234567', 'Tiran', 1001, 'Bulevardi Dshmort e Kombit', 'Shqipri');
INSERT INTO [dbo].[TeDhenatPerdoruesit] ([userID], [nrKontaktit], [qyteti], [zipKodi], [adresa], [shteti]) VALUES (16, '+38971123456', 'Gostivar', 1230, 'Rruga Nntori', 'Maqedoni e Veriut');
INSERT INTO [dbo].[TeDhenatPerdoruesit] ([userID], [nrKontaktit], [qyteti], [zipKodi], [adresa], [shteti]) VALUES (17, '+38349123456', 'Prishtin', 10000, 'Bulevardi Iliria', 'Kosov');
INSERT INTO [dbo].[TeDhenatPerdoruesit] ([userID], [nrKontaktit], [qyteti], [zipKodi], [adresa], [shteti]) VALUES (18, '+355691234567', 'Vlor', 9401, 'Rruga Eqrem abej', 'Shqipri');
INSERT INTO [dbo].[TeDhenatPerdoruesit] ([userID], [nrKontaktit], [qyteti], [zipKodi], [adresa], [shteti]) VALUES (19, '+38349123456', 'Prishtin', 10000, 'Rruga Bajram Curri', 'Kosov');
INSERT INTO [dbo].[TeDhenatPerdoruesit] ([userID], [nrKontaktit], [qyteti], [zipKodi], [adresa], [shteti]) VALUES (20, '+355691234567', 'Durrs', 2001, 'Rruga Tirana', 'Shqipri');
INSERT INTO [dbo].[TeDhenatPerdoruesit] ([userID], [nrKontaktit], [qyteti], [zipKodi], [adresa], [shteti]) VALUES (21, '+38349123456', 'Ferizaj', 70000, 'Rruga UK', 'Kosov');
INSERT INTO [dbo].[TeDhenatPerdoruesit] ([userID], [nrKontaktit], [qyteti], [zipKodi], [adresa], [shteti]) VALUES (22, '+355691234567', 'Tiran', 1001, 'Rruga Hoxha Tahsim', 'Shqipri');
INSERT INTO [dbo].[TeDhenatPerdoruesit] ([userID], [nrKontaktit], [qyteti], [zipKodi], [adresa], [shteti]) VALUES (23, '+38349123456', 'Gjilan', 60000, 'Rruga Haxhi Zeka', 'Kosov');
INSERT INTO [dbo].[TeDhenatPerdoruesit] ([userID], [nrKontaktit], [qyteti], [zipKodi], [adresa], [shteti]) VALUES (24, '+38349123456', 'Prishtin', 10000, 'Rruga 28 Nntori', 'Kosov');
INSERT INTO [dbo].[TeDhenatPerdoruesit] ([userID], [nrKontaktit], [qyteti], [zipKodi], [adresa], [shteti]) VALUES (25, '+38349123456', 'Gjilan', 60000, 'Rruga Tahir Sinani', 'Kosov');
INSERT INTO [dbo].[TeDhenatPerdoruesit] ([userID], [nrKontaktit], [qyteti], [zipKodi], [adresa], [shteti]) VALUES (26, '+38349123456', 'Prishtin', 10000, 'Rruga Fazli Grajqevci', 'Kosov');
INSERT INTO [dbo].[TeDhenatPerdoruesit] ([userID], [nrKontaktit], [qyteti], [zipKodi], [adresa], [shteti]) VALUES (27, '+38349123456', 'Gjilan', 60000, 'Rruga Tahir Sinani', 'Kosov');
INSERT INTO [dbo].[TeDhenatPerdoruesit] ([userID], [nrKontaktit], [qyteti], [zipKodi], [adresa], [shteti]) VALUES (28, '+38349123456', 'Prishtin', 10000, 'Rruga 28 Nntori', 'Kosov');
INSERT INTO [dbo].[TeDhenatPerdoruesit] ([userID], [nrKontaktit], [qyteti], [zipKodi], [adresa], [shteti]) VALUES (29, '+38349123456', 'Prishtin', 10000, 'Rruga Ahmet Krasniqi', 'Kosov');
INSERT INTO [dbo].[TeDhenatPerdoruesit] ([userID], [nrKontaktit], [qyteti], [zipKodi], [adresa], [shteti]) VALUES (30, '+38349123456', 'Prishtin', 10000, 'Rruga Bajram Curri', 'Kosov');
INSERT INTO [dbo].[TeDhenatPerdoruesit] ([userID], [nrKontaktit], [qyteti], [zipKodi], [adresa], [shteti]) VALUES (31, '+355691234567', 'Tiran', 1001, 'Rruga Murat Toptani', 'Shqipri');
INSERT INTO [dbo].[TeDhenatPerdoruesit] ([userID], [nrKontaktit], [qyteti], [zipKodi], [adresa], [shteti]) VALUES (32, '+38349123456', 'Gjilan', 60000, 'Rruga Tahir Sinani', 'Kosov');
INSERT INTO [dbo].[TeDhenatPerdoruesit] ([userID], [nrKontaktit], [qyteti], [zipKodi], [adresa], [shteti]) VALUES (33, '+38349123456', 'Prishtin', 10000, 'Rruga Luan Haradinaj', 'Kosov');
INSERT INTO [dbo].[TeDhenatPerdoruesit] ([userID], [nrKontaktit], [qyteti], [zipKodi], [adresa], [shteti]) VALUES (34, '+38349123456', 'Prishtin', 10000, 'Rruga Adem Jashari', 'Kosov');
INSERT INTO [dbo].[TeDhenatPerdoruesit] ([userID], [nrKontaktit], [qyteti], [zipKodi], [adresa], [shteti]) VALUES (35, '+38349123456', 'Prishtin', 10000, 'Rruga Fazli Grajqevci', 'Kosov');
INSERT INTO [dbo].[TeDhenatPerdoruesit] ([userID], [nrKontaktit], [qyteti], [zipKodi], [adresa], [shteti]) VALUES (36, NULL, NULL, 0, NULL, NULL);
INSERT INTO [dbo].[TeDhenatPerdoruesit] ([userID], [nrKontaktit], [qyteti], [zipKodi], [adresa], [shteti]) VALUES (39, NULL, NULL, 0, NULL, NULL);
INSERT INTO [dbo].[TeDhenatPerdoruesit] ([userID], [nrKontaktit], [qyteti], [zipKodi], [adresa], [shteti]) VALUES (40, '043788999', 'sasadasd', 71000, 'sasasd', 'Kosov');
SET IDENTITY_INSERT [dbo].[TeDhenatRegjistrimit] ON;
INSERT INTO [dbo].[TeDhenatRegjistrimit] ([id], [idRegjistrimit], [idProduktit], [sasiaStokut], [qmimiBleres], [qmimiShites]) VALUES (1, 1, 58, 12, 999, 1299);
INSERT INTO [dbo].[TeDhenatRegjistrimit] ([id], [idRegjistrimit], [idProduktit], [sasiaStokut], [qmimiBleres], [qmimiShites]) VALUES (2, 1, 55, 13, 26, 34);
INSERT INTO [dbo].[TeDhenatRegjistrimit] ([id], [idRegjistrimit], [idProduktit], [sasiaStokut], [qmimiBleres], [qmimiShites]) VALUES (3, 2, 54, 250, 30, 59.5);
INSERT INTO [dbo].[TeDhenatRegjistrimit] ([id], [idRegjistrimit], [idProduktit], [sasiaStokut], [qmimiBleres], [qmimiShites]) VALUES (4, 3, 54, 250, 30, 59.5);
INSERT INTO [dbo].[TeDhenatRegjistrimit] ([id], [idRegjistrimit], [idProduktit], [sasiaStokut], [qmimiBleres], [qmimiShites]) VALUES (5, 3, 53, 250, 30, 59.5);
INSERT INTO [dbo].[TeDhenatRegjistrimit] ([id], [idRegjistrimit], [idProduktit], [sasiaStokut], [qmimiBleres], [qmimiShites]) VALUES (6, 4, 50, 12, 99, 127.5);
INSERT INTO [dbo].[TeDhenatRegjistrimit] ([id], [idRegjistrimit], [idProduktit], [sasiaStokut], [qmimiBleres], [qmimiShites]) VALUES (7, 4, 42, 30, 30, 49.5);
INSERT INTO [dbo].[TeDhenatRegjistrimit] ([id], [idRegjistrimit], [idProduktit], [sasiaStokut], [qmimiBleres], [qmimiShites]) VALUES (8, 4, 32, 20, 2999, 3299);
INSERT INTO [dbo].[TeDhenatRegjistrimit] ([id], [idRegjistrimit], [idProduktit], [sasiaStokut], [qmimiBleres], [qmimiShites]) VALUES (9, 5, 20, 15, 800, 999);
INSERT INTO [dbo].[TeDhenatRegjistrimit] ([id], [idRegjistrimit], [idProduktit], [sasiaStokut], [qmimiBleres], [qmimiShites]) VALUES (10, 5, 1, 23, 600, 759);
INSERT INTO [dbo].[TeDhenatRegjistrimit] ([id], [idRegjistrimit], [idProduktit], [sasiaStokut], [qmimiBleres], [qmimiShites]) VALUES (11, 5, 44, 30, 170, 199);
INSERT INTO [dbo].[TeDhenatRegjistrimit] ([id], [idRegjistrimit], [idProduktit], [sasiaStokut], [qmimiBleres], [qmimiShites]) VALUES (12, 5, 49, 19, 13, 19.99);
INSERT INTO [dbo].[TeDhenatRegjistrimit] ([id], [idRegjistrimit], [idProduktit], [sasiaStokut], [qmimiBleres], [qmimiShites]) VALUES (13, 5, 48, 250, 39, 59.99);
INSERT INTO [dbo].[TeDhenatRegjistrimit] ([id], [idRegjistrimit], [idProduktit], [sasiaStokut], [qmimiBleres], [qmimiShites]) VALUES (14, 6, 11, 30, 198, 236);
INSERT INTO [dbo].[TeDhenatRegjistrimit] ([id], [idRegjistrimit], [idProduktit], [sasiaStokut], [qmimiBleres], [qmimiShites]) VALUES (15, 6, 8, 360, 249, 354.99);
INSERT INTO [dbo].[TeDhenatRegjistrimit] ([id], [idRegjistrimit], [idProduktit], [sasiaStokut], [qmimiBleres], [qmimiShites]) VALUES (16, 6, 9, 198, 200, 299);
INSERT INTO [dbo].[TeDhenatRegjistrimit] ([id], [idRegjistrimit], [idProduktit], [sasiaStokut], [qmimiBleres], [qmimiShites]) VALUES (17, 6, 17, 190, 29.99, 39);
INSERT INTO [dbo].[TeDhenatRegjistrimit] ([id], [idRegjistrimit], [idProduktit], [sasiaStokut], [qmimiBleres], [qmimiShites]) VALUES (18, 7, 21, 12, 1599, 1649);
INSERT INTO [dbo].[TeDhenatRegjistrimit] ([id], [idRegjistrimit], [idProduktit], [sasiaStokut], [qmimiBleres], [qmimiShites]) VALUES (19, 7, 24, 20, 360, 399);
INSERT INTO [dbo].[TeDhenatRegjistrimit] ([id], [idRegjistrimit], [idProduktit], [sasiaStokut], [qmimiBleres], [qmimiShites]) VALUES (20, 7, 33, 12, 499, 599);
INSERT INTO [dbo].[TeDhenatRegjistrimit] ([id], [idRegjistrimit], [idProduktit], [sasiaStokut], [qmimiBleres], [qmimiShites]) VALUES (21, 8, 19, 32, 30, 69);
INSERT INTO [dbo].[TeDhenatRegjistrimit] ([id], [idRegjistrimit], [idProduktit], [sasiaStokut], [qmimiBleres], [qmimiShites]) VALUES (22, 8, 22, 25, 3299, 3499.99);
INSERT INTO [dbo].[TeDhenatRegjistrimit] ([id], [idRegjistrimit], [idProduktit], [sasiaStokut], [qmimiBleres], [qmimiShites]) VALUES (23, 8, 23, 15, 1599, 1799);
INSERT INTO [dbo].[TeDhenatRegjistrimit] ([id], [idRegjistrimit], [idProduktit], [sasiaStokut], [qmimiBleres], [qmimiShites]) VALUES (24, 8, 28, 26, 59.99, 84.5);
INSERT INTO [dbo].[TeDhenatRegjistrimit] ([id], [idRegjistrimit], [idProduktit], [sasiaStokut], [qmimiBleres], [qmimiShites]) VALUES (25, 8, 29, 60, 23.99, 49.5);
INSERT INTO [dbo].[TeDhenatRegjistrimit] ([id], [idRegjistrimit], [idProduktit], [sasiaStokut], [qmimiBleres], [qmimiShites]) VALUES (26, 9, 34, 15, 89.65, 119);
INSERT INTO [dbo].[TeDhenatRegjistrimit] ([id], [idRegjistrimit], [idProduktit], [sasiaStokut], [qmimiBleres], [qmimiShites]) VALUES (27, 9, 35, 299, 250, 299.5);
INSERT INTO [dbo].[TeDhenatRegjistrimit] ([id], [idRegjistrimit], [idProduktit], [sasiaStokut], [qmimiBleres], [qmimiShites]) VALUES (28, 9, 36, 30, 329, 349);
INSERT INTO [dbo].[TeDhenatRegjistrimit] ([id], [idRegjistrimit], [idProduktit], [sasiaStokut], [qmimiBleres], [qmimiShites]) VALUES (29, 9, 37, 150, 100, 119.5);
INSERT INTO [dbo].[TeDhenatRegjistrimit] ([id], [idRegjistrimit], [idProduktit], [sasiaStokut], [qmimiBleres], [qmimiShites]) VALUES (30, 9, 38, 20, 60, 79.5);
INSERT INTO [dbo].[TeDhenatRegjistrimit] ([id], [idRegjistrimit], [idProduktit], [sasiaStokut], [qmimiBleres], [qmimiShites]) VALUES (31, 10, 56, 20, 14, 19.5);
INSERT INTO [dbo].[TeDhenatRegjistrimit] ([id], [idRegjistrimit], [idProduktit], [sasiaStokut], [qmimiBleres], [qmimiShites]) VALUES (32, 10, 52, 30, 27, 35.9);
INSERT INTO [dbo].[TeDhenatRegjistrimit] ([id], [idRegjistrimit], [idProduktit], [sasiaStokut], [qmimiBleres], [qmimiShites]) VALUES (33, 10, 47, 40, 129, 149.5);
INSERT INTO [dbo].[TeDhenatRegjistrimit] ([id], [idRegjistrimit], [idProduktit], [sasiaStokut], [qmimiBleres], [qmimiShites]) VALUES (34, 10, 46, 46, 135, 159.59);
INSERT INTO [dbo].[TeDhenatRegjistrimit] ([id], [idRegjistrimit], [idProduktit], [sasiaStokut], [qmimiBleres], [qmimiShites]) VALUES (35, 10, 45, 30, 200, 245);
INSERT INTO [dbo].[TeDhenatRegjistrimit] ([id], [idRegjistrimit], [idProduktit], [sasiaStokut], [qmimiBleres], [qmimiShites]) VALUES (36, 10, 43, 30, 499, 559);
INSERT INTO [dbo].[TeDhenatRegjistrimit] ([id], [idRegjistrimit], [idProduktit], [sasiaStokut], [qmimiBleres], [qmimiShites]) VALUES (37, 10, 41, 30, 150, 189.99);
INSERT INTO [dbo].[TeDhenatRegjistrimit] ([id], [idRegjistrimit], [idProduktit], [sasiaStokut], [qmimiBleres], [qmimiShites]) VALUES (38, 10, 40, 30, 79, 95.5);
INSERT INTO [dbo].[TeDhenatRegjistrimit] ([id], [idRegjistrimit], [idProduktit], [sasiaStokut], [qmimiBleres], [qmimiShites]) VALUES (39, 11, 39, 20, 59, 99.5);
INSERT INTO [dbo].[TeDhenatRegjistrimit] ([id], [idRegjistrimit], [idProduktit], [sasiaStokut], [qmimiBleres], [qmimiShites]) VALUES (40, 11, 31, 30, 50, 59.99);
INSERT INTO [dbo].[TeDhenatRegjistrimit] ([id], [idRegjistrimit], [idProduktit], [sasiaStokut], [qmimiBleres], [qmimiShites]) VALUES (41, 12, 3, 30, 756.64, 999.99);
INSERT INTO [dbo].[TeDhenatRegjistrimit] ([id], [idRegjistrimit], [idProduktit], [sasiaStokut], [qmimiBleres], [qmimiShites]) VALUES (42, 12, 30, 30, 94, 129.55);
INSERT INTO [dbo].[TeDhenatRegjistrimit] ([id], [idRegjistrimit], [idProduktit], [sasiaStokut], [qmimiBleres], [qmimiShites]) VALUES (43, 13, 6, 6, 29.99, 35.99);
INSERT INTO [dbo].[TeDhenatRegjistrimit] ([id], [idRegjistrimit], [idProduktit], [sasiaStokut], [qmimiBleres], [qmimiShites]) VALUES (44, 14, 67, 29, 30, 49.5);
INSERT INTO [dbo].[TeDhenatRegjistrimit] ([id], [idRegjistrimit], [idProduktit], [sasiaStokut], [qmimiBleres], [qmimiShites]) VALUES (45, 14, 66, 17, 200, 299.99);
INSERT INTO [dbo].[TeDhenatRegjistrimit] ([id], [idRegjistrimit], [idProduktit], [sasiaStokut], [qmimiBleres], [qmimiShites]) VALUES (46, 14, 65, 26, 478.73, 589);
INSERT INTO [dbo].[TeDhenatRegjistrimit] ([id], [idRegjistrimit], [idProduktit], [sasiaStokut], [qmimiBleres], [qmimiShites]) VALUES (47, 14, 64, 10, 1237, 1599);
INSERT INTO [dbo].[TeDhenatRegjistrimit] ([id], [idRegjistrimit], [idProduktit], [sasiaStokut], [qmimiBleres], [qmimiShites]) VALUES (49, 15, 60, 13, 736, 999);
INSERT INTO [dbo].[TeDhenatRegjistrimit] ([id], [idRegjistrimit], [idProduktit], [sasiaStokut], [qmimiBleres], [qmimiShites]) VALUES (50, 16, 62, 12, 123, 124);
INSERT INTO [dbo].[TeDhenatRegjistrimit] ([id], [idRegjistrimit], [idProduktit], [sasiaStokut], [qmimiBleres], [qmimiShites]) VALUES (51, 17, 62, 12, 123, 124);
INSERT INTO [dbo].[TeDhenatRegjistrimit] ([id], [idRegjistrimit], [idProduktit], [sasiaStokut], [qmimiBleres], [qmimiShites]) VALUES (52, 18, 62, 12, 123, 124);
INSERT INTO [dbo].[TeDhenatRegjistrimit] ([id], [idRegjistrimit], [idProduktit], [sasiaStokut], [qmimiBleres], [qmimiShites]) VALUES (53, 19, 62, 12, 123, 124);
INSERT INTO [dbo].[TeDhenatRegjistrimit] ([id], [idRegjistrimit], [idProduktit], [sasiaStokut], [qmimiBleres], [qmimiShites]) VALUES (54, 20, 62, 12, 123, 124);
INSERT INTO [dbo].[TeDhenatRegjistrimit] ([id], [idRegjistrimit], [idProduktit], [sasiaStokut], [qmimiBleres], [qmimiShites]) VALUES (55, 21, 62, 12, 123, 124);
INSERT INTO [dbo].[TeDhenatRegjistrimit] ([id], [idRegjistrimit], [idProduktit], [sasiaStokut], [qmimiBleres], [qmimiShites]) VALUES (56, 22, 62, 12, 123, 124);
INSERT INTO [dbo].[TeDhenatRegjistrimit] ([id], [idRegjistrimit], [idProduktit], [sasiaStokut], [qmimiBleres], [qmimiShites]) VALUES (57, 23, 62, 12, 123, 124);
INSERT INTO [dbo].[TeDhenatRegjistrimit] ([id], [idRegjistrimit], [idProduktit], [sasiaStokut], [qmimiBleres], [qmimiShites]) VALUES (58, 24, 62, 12, 123, 124);
INSERT INTO [dbo].[TeDhenatRegjistrimit] ([id], [idRegjistrimit], [idProduktit], [sasiaStokut], [qmimiBleres], [qmimiShites]) VALUES (59, 25, 62, 12, 123, 124);
INSERT INTO [dbo].[TeDhenatRegjistrimit] ([id], [idRegjistrimit], [idProduktit], [sasiaStokut], [qmimiBleres], [qmimiShites]) VALUES (60, 26, 62, 12, 123, 124);
INSERT INTO [dbo].[TeDhenatRegjistrimit] ([id], [idRegjistrimit], [idProduktit], [sasiaStokut], [qmimiBleres], [qmimiShites]) VALUES (61, 27, 62, 12, 123, 124);
INSERT INTO [dbo].[TeDhenatRegjistrimit] ([id], [idRegjistrimit], [idProduktit], [sasiaStokut], [qmimiBleres], [qmimiShites]) VALUES (62, 28, 14, 14, 124, 163);
INSERT INTO [dbo].[TeDhenatRegjistrimit] ([id], [idRegjistrimit], [idProduktit], [sasiaStokut], [qmimiBleres], [qmimiShites]) VALUES (63, 29, 63, 12, 679, 999);
INSERT INTO [dbo].[TeDhenatRegjistrimit] ([id], [idRegjistrimit], [idProduktit], [sasiaStokut], [qmimiBleres], [qmimiShites]) VALUES (64, 30, 70, 23, 87, 119.5);
INSERT INTO [dbo].[TeDhenatRegjistrimit] ([id], [idRegjistrimit], [idProduktit], [sasiaStokut], [qmimiBleres], [qmimiShites]) VALUES (65, 30, 69, 29, 13.67, 19.5);
INSERT INTO [dbo].[TeDhenatRegjistrimit] ([id], [idRegjistrimit], [idProduktit], [sasiaStokut], [qmimiBleres], [qmimiShites]) VALUES (66, 30, 68, 67, 50, 62.5);
INSERT INTO [dbo].[TeDhenatRegjistrimit] ([id], [idRegjistrimit], [idProduktit], [sasiaStokut], [qmimiBleres], [qmimiShites]) VALUES (67, 31, 78, 6, 20, 28.5);
INSERT INTO [dbo].[TeDhenatRegjistrimit] ([id], [idRegjistrimit], [idProduktit], [sasiaStokut], [qmimiBleres], [qmimiShites]) VALUES (68, 31, 77, 16, 130, 141.5);
INSERT INTO [dbo].[TeDhenatRegjistrimit] ([id], [idRegjistrimit], [idProduktit], [sasiaStokut], [qmimiBleres], [qmimiShites]) VALUES (69, 31, 76, 30, 16, 19.5);
INSERT INTO [dbo].[TeDhenatRegjistrimit] ([id], [idRegjistrimit], [idProduktit], [sasiaStokut], [qmimiBleres], [qmimiShites]) VALUES (70, 31, 75, 30, 7, 9.5);
INSERT INTO [dbo].[TeDhenatRegjistrimit] ([id], [idRegjistrimit], [idProduktit], [sasiaStokut], [qmimiBleres], [qmimiShites]) VALUES (71, 31, 74, 12, 78, 89.5);
INSERT INTO [dbo].[TeDhenatRegjistrimit] ([id], [idRegjistrimit], [idProduktit], [sasiaStokut], [qmimiBleres], [qmimiShites]) VALUES (72, 31, 73, 16, 3, 6.5);
INSERT INTO [dbo].[TeDhenatRegjistrimit] ([id], [idRegjistrimit], [idProduktit], [sasiaStokut], [qmimiBleres], [qmimiShites]) VALUES (73, 31, 72, 12, 140, 299);
INSERT INTO [dbo].[TeDhenatRegjistrimit] ([id], [idRegjistrimit], [idProduktit], [sasiaStokut], [qmimiBleres], [qmimiShites]) VALUES (74, 31, 71, 3, 468, 549.99);
INSERT INTO [dbo].[TeDhenatRegjistrimit] ([id], [idRegjistrimit], [idProduktit], [sasiaStokut], [qmimiBleres], [qmimiShites]) VALUES (75, 31, 13, 12, 8, 18.99);
INSERT INTO [dbo].[TeDhenatRegjistrimit] ([id], [idRegjistrimit], [idProduktit], [sasiaStokut], [qmimiBleres], [qmimiShites]) VALUES (76, 31, 61, 6, 999, 1299);
INSERT INTO [dbo].[TeDhenatRegjistrimit] ([id], [idRegjistrimit], [idProduktit], [sasiaStokut], [qmimiBleres], [qmimiShites]) VALUES (77, 32, 83, 7, 21, 39);
INSERT INTO [dbo].[TeDhenatRegjistrimit] ([id], [idRegjistrimit], [idProduktit], [sasiaStokut], [qmimiBleres], [qmimiShites]) VALUES (78, 32, 82, 19, 9, 11.5);
INSERT INTO [dbo].[TeDhenatRegjistrimit] ([id], [idRegjistrimit], [idProduktit], [sasiaStokut], [qmimiBleres], [qmimiShites]) VALUES (79, 32, 81, 78, 0.99, 3.5);
INSERT INTO [dbo].[TeDhenatRegjistrimit] ([id], [idRegjistrimit], [idProduktit], [sasiaStokut], [qmimiBleres], [qmimiShites]) VALUES (80, 32, 80, 45, 4, 7.5);
INSERT INTO [dbo].[TeDhenatRegjistrimit] ([id], [idRegjistrimit], [idProduktit], [sasiaStokut], [qmimiBleres], [qmimiShites]) VALUES (81, 32, 79, 8, 30, 59.99);
SET IDENTITY_INSERT [dbo].[TeDhenatRegjistrimit] OFF;
INSERT INTO [dbo].[ZbritjaQmimitProduktit] ([produktiID], [qmimiPaZbritjeProduktit], [qmimiMeZbritjeProduktit], [dataZbritjes], [dataSkadimit]) VALUES (7, 52.5, 49.99, '2023-06-07T16:27:52.990Z', '2023-06-24T00:00:00.000Z');
INSERT INTO [dbo].[ZbritjaQmimitProduktit] ([produktiID], [qmimiPaZbritjeProduktit], [qmimiMeZbritjeProduktit], [dataZbritjes], [dataSkadimit]) VALUES (17, 39, 35.99, '2023-06-07T16:23:58.620Z', '2023-06-25T00:00:00.000Z');
INSERT INTO [dbo].[ZbritjaQmimitProduktit] ([produktiID], [qmimiPaZbritjeProduktit], [qmimiMeZbritjeProduktit], [dataZbritjes], [dataSkadimit]) VALUES (52, 35.9, 26.99, '2023-06-07T16:24:10.893Z', '2023-06-21T00:00:00.000Z');
INSERT INTO [dbo].[ZbritjaQmimitProduktit] ([produktiID], [qmimiPaZbritjeProduktit], [qmimiMeZbritjeProduktit], [dataZbritjes], [dataSkadimit]) VALUES (54, 59.5, 49.99, '2023-06-07T16:23:43.027Z', '2023-06-30T00:00:00.000Z');
INSERT INTO [dbo].[ZbritjaQmimitProduktit] ([produktiID], [qmimiPaZbritjeProduktit], [qmimiMeZbritjeProduktit], [dataZbritjes], [dataSkadimit]) VALUES (55, 34, 29.99, '2023-06-07T16:23:15.147Z', '2023-06-23T00:00:00.000Z');
INSERT INTO [dbo].[__EFMigrationsHistory] ([MigrationId], [ProductVersion]) VALUES ('20230519193547_initial', '7.0.5');
INSERT INTO [dbo].[__EFMigrationsHistory] ([MigrationId], [ProductVersion]) VALUES ('20230519202124_test', '7.0.5');
INSERT INTO [dbo].[__EFMigrationsHistory] ([MigrationId], [ProductVersion]) VALUES ('20230521134726_vendosjaRoleve', '7.0.5');
ALTER TABLE [dbo].[AspNetRoleClaims] ADD CONSTRAINT [FK_AspNetRoleClaims_AspNetRoles_RoleId] FOREIGN KEY ([RoleId]) REFERENCES [dbo].[AspNetRoles] ([Id]) ON DELETE CASCADE ON UPDATE NO ACTION;
ALTER TABLE [dbo].[AspNetUserClaims] ADD CONSTRAINT [FK_AspNetUserClaims_AspNetUsers_UserId] FOREIGN KEY ([UserId]) REFERENCES [dbo].[AspNetUsers] ([Id]) ON DELETE CASCADE ON UPDATE NO ACTION;
ALTER TABLE [dbo].[AspNetUserLogins] ADD CONSTRAINT [FK_AspNetUserLogins_AspNetUsers_UserId] FOREIGN KEY ([UserId]) REFERENCES [dbo].[AspNetUsers] ([Id]) ON DELETE CASCADE ON UPDATE NO ACTION;
ALTER TABLE [dbo].[AspNetUserRoles] ADD CONSTRAINT [FK_AspNetUserRoles_AspNetRoles_RoleId] FOREIGN KEY ([RoleId]) REFERENCES [dbo].[AspNetRoles] ([Id]) ON DELETE CASCADE ON UPDATE NO ACTION;
ALTER TABLE [dbo].[AspNetUserRoles] ADD CONSTRAINT [FK_AspNetUserRoles_AspNetUsers_UserId] FOREIGN KEY ([UserId]) REFERENCES [dbo].[AspNetUsers] ([Id]) ON DELETE CASCADE ON UPDATE NO ACTION;
ALTER TABLE [dbo].[AspNetUserTokens] ADD CONSTRAINT [FK_AspNetUserTokens_AspNetUsers_UserId] FOREIGN KEY ([UserId]) REFERENCES [dbo].[AspNetUsers] ([Id]) ON DELETE CASCADE ON UPDATE NO ACTION;
ALTER TABLE [dbo].[ContactForm] ADD CONSTRAINT [FK_ContactForm_Perdoruesi] FOREIGN KEY ([userID]) REFERENCES [dbo].[Perdoruesi] ([userID]) ON DELETE SET NULL ON UPDATE NO ACTION;
ALTER TABLE [dbo].[KodiZbritjes] ADD CONSTRAINT [FK_KodiZbritjes_Produkti] FOREIGN KEY ([idProdukti]) REFERENCES [dbo].[Produkti] ([produktiID]) ON DELETE SET NULL ON UPDATE NO ACTION;
ALTER TABLE [dbo].[Perdoruesi] ADD CONSTRAINT [FK_Perdoruesi_AspNetUsers] FOREIGN KEY ([AspNetUserID]) REFERENCES [dbo].[AspNetUsers] ([Id]) ON DELETE CASCADE ON UPDATE NO ACTION;
ALTER TABLE [dbo].[Porosit] ADD CONSTRAINT [FK_Porosit_Klienti] FOREIGN KEY ([idKlienti]) REFERENCES [dbo].[Perdoruesi] ([userID]) ON DELETE SET NULL ON UPDATE NO ACTION;
ALTER TABLE [dbo].[Produkti] ADD CONSTRAINT [FK_Produkti_Kategoria] FOREIGN KEY ([kategoriaID]) REFERENCES [dbo].[KategoriaProduktit] ([kategoriaID]) ON DELETE SET NULL ON UPDATE NO ACTION;
ALTER TABLE [dbo].[Produkti] ADD CONSTRAINT [FK_Produkti_Kompania] FOREIGN KEY ([kompaniaID]) REFERENCES [dbo].[Kompania] ([kompaniaID]) ON DELETE SET NULL ON UPDATE NO ACTION;
ALTER TABLE [dbo].[RegjistrimiStokut] ADD CONSTRAINT [FK_Regjistrimi_Perdoruesi] FOREIGN KEY ([stafiID]) REFERENCES [dbo].[Perdoruesi] ([userID]) ON DELETE SET NULL ON UPDATE NO ACTION;
ALTER TABLE [dbo].[StokuQmimiProduktit] ADD CONSTRAINT [FK_StokuQmimiProduktit_Produkti_produktiID] FOREIGN KEY ([produktiID]) REFERENCES [dbo].[Produkti] ([produktiID]) ON DELETE CASCADE ON UPDATE NO ACTION;
ALTER TABLE [dbo].[TeDhenatEPorosis] ADD CONSTRAINT [FK_TeDhenatPorosis_Porosia] FOREIGN KEY ([idPorosia]) REFERENCES [dbo].[Porosit] ([idPorosia]) ON DELETE CASCADE ON UPDATE NO ACTION;
ALTER TABLE [dbo].[TeDhenatEPorosis] ADD CONSTRAINT [FK_TeDhenatPorosis_Produkti] FOREIGN KEY ([idProdukti]) REFERENCES [dbo].[Produkti] ([produktiID]) ON DELETE SET NULL ON UPDATE NO ACTION;
ALTER TABLE [dbo].[TeDhenatPerdoruesit] ADD CONSTRAINT [FK_Perdoruesi_TeDhenat] FOREIGN KEY ([userID]) REFERENCES [dbo].[Perdoruesi] ([userID]) ON DELETE CASCADE ON UPDATE NO ACTION;
ALTER TABLE [dbo].[TeDhenatRegjistrimit] ADD CONSTRAINT [FK_Produkti_TeDhenatRegjistrimit] FOREIGN KEY ([idProduktit]) REFERENCES [dbo].[Produkti] ([produktiID]) ON DELETE SET NULL ON UPDATE NO ACTION;
ALTER TABLE [dbo].[TeDhenatRegjistrimit] ADD CONSTRAINT [FK_RegjistrimiStokut_TeDhenatRegjistrimit] FOREIGN KEY ([idRegjistrimit]) REFERENCES [dbo].[RegjistrimiStokut] ([idRegjistrimit]) ON DELETE CASCADE ON UPDATE NO ACTION;
ALTER TABLE [dbo].[ZbritjaQmimitProduktit] ADD CONSTRAINT [FK_ZbritjaQmimitProduktit_Produkti_produktiID] FOREIGN KEY ([produktiID]) REFERENCES [dbo].[Produkti] ([produktiID]) ON DELETE CASCADE ON UPDATE NO ACTION;
